symbol,ENSG_base,log2FC_P1,padj_P1,log2FC_P2,padj_P2,mean_log2FC,min_padj
IBSP,ENSG00000029559,7.834794948,1.5599999999999999e-43,8.187628681,1.89e-5,8.011,1.5599999999999999e-43
CST1,ENSG00000170373,7.612882052,3.94e-25,7.308818038,3.08e-32,7.461,3.08e-32
DSCAM-AS1,ENSG00000235123,8.931939102,2.16e-25,5.771624578,0.002352524,7.352,2.16e-25
COL10A1,ENSG00000123500,8.123728954,4.3599999999999995e-133,6.334036539,1.9699999999999998e-23,7.229,4.3599999999999995e-133
COL11A1,ENSG00000060718,7.12241505,7.16e-89,6.881435381,3.93e-39,7.002,7.16e-89
MMP1,ENSG00000196611,5.829517941,4.61e-31,7.918813199,5.6e-17,6.874,4.61e-31
EPYC,ENSG00000083782,7.673388144,4.59e-45,5.217069658,3.68e-8,6.445,4.59e-45
FOXD3-AS1,ENSG00000230798,3.970715174,1.68e-14,8.898214756,3.09e-8,6.434,1.68e-14
MMP11,ENSG00000099953,6.794439156,5.23e-125,5.434316253,3.7200000000000003e-85,6.114,5.23e-125
IGFL3,ENSG00000188624,6.211549416,1.36e-19,5.951047599,0.008310566,6.081,1.36e-19
GAL3ST2,ENSG00000154252,5.942958129,5.99e-23,5.514149857,0.034977712,5.729,5.99e-23
HAPLN1,ENSG00000145681,6.397801504,9.95e-22,5.047849275,3.7554e-4,5.723,9.95e-22
LINC01614,ENSG00000230838,6.398322639,2.57e-62,4.890596324,1.71e-19,5.644,2.57e-62
MMP13,ENSG00000137745,7.312682274,7.319999999999999e-46,3.765867587,7.89105e-4,5.539,7.319999999999999e-46
LINC00466,ENSG00000224209,3.897257481,2.97e-16,6.990199019,0.002053627,5.444,2.97e-16
PRAME,ENSG00000185686,3.84164174,1.24e-7,6.867423428,9.37625e-4,5.355,1.24e-7
WT1,ENSG00000184937,5.213023596,1.01e-19,5.465112409,3.77e-9,5.339,1.01e-19
GJB2,ENSG00000165474,4.765036851,6.34e-41,5.71932183,1.2599999999999999e-42,5.242,1.2599999999999999e-42
LINC01561,ENSG00000177234,4.98943382,1.52e-22,5.47391038,0.015323459,5.232,1.52e-22
SLC24A2,ENSG00000155886,5.624587711,7.379999999999999e-42,4.780474737,3.86e-12,5.203,7.379999999999999e-42
COMP,ENSG00000105664,5.367842315,6.9199999999999995e-37,4.76878216,1.5e-18,5.068,6.9199999999999995e-37
CBLN2,ENSG00000141668,5.303014958,2.54e-9,4.699302873,8.09e-5,5.001,2.54e-9
CEACAM6,ENSG00000086548,5.41418003,2.5699999999999997e-24,4.555137779,0.035691224,4.985,2.5699999999999997e-24
COL20A1,ENSG00000101203,4.770081008,4.98e-5,5.195449486,0.016284629,4.983,4.98e-5
HOXC12,ENSG00000123407,4.238229978,2.57e-13,5.713670007,0.039167918,4.976,2.57e-13
CHRNA6,ENSG00000147434,3.825693654,1.71e-15,6.024206992,1.5e-6,4.925,1.71e-15
LRRC15,ENSG00000172061,4.1162061660000004,5.419999999999999e-31,5.345173117,7.24e-18,4.731,5.419999999999999e-31
PLPP4,ENSG00000203805,4.894173516,1.8000000000000002e-29,4.439816481,3.0285e-4,4.667,1.8000000000000002e-29
S100P,ENSG00000163993,4.862585815,1.36e-22,4.456945451,0.014412568,4.66,1.36e-22
WT1-AS,ENSG00000183242,5.205545738,1.85e-14,4.007717005,0.009973515,4.607,1.85e-14
LINC02620,ENSG00000225768,4.517980749,1.49e-16,4.69025702,0.043484016,4.604,1.49e-16
CALCA,ENSG00000110680,2.764766398,0.021607958,6.277825059,0.041155764,4.521,0.021607958
MND1,ENSG00000121211,1.507526171,0.005978695,7.506925356,2.31e-6,4.507,2.31e-6
CXCL11,ENSG00000169248,3.767895587,4.5500000000000006e-21,5.175297802,1.3599999999999999e-34,4.472,1.3599999999999999e-34
MNX1,ENSG00000130675,3.44741844,2.09e-16,5.412538565,6.14968e-4,4.43,2.09e-16
MSLN,ENSG00000102854,4.927112647,5.45e-6,3.886175924,0.03953704,4.407,5.45e-6
TYRP1,ENSG00000107165,2.587188273,1.39e-5,6.18224853,3.71e-5,4.385,1.39e-5
CDC6,ENSG00000094804,4.232784101,1.12e-25,4.251470346,1.68e-5,4.242,1.12e-25
CCL11,ENSG00000172156,4.662640794,1.7999999999999998e-30,3.720515975,3.95788e-4,4.192,1.7999999999999998e-30
MIR3150BHG,ENSG00000245080,2.967937721,9.91e-13,5.411941058,0.001768208,4.19,9.91e-13
CST2,ENSG00000170369,4.592358804,4.67e-22,3.771088388,0.011328915,4.182,4.67e-22
LGALS17A,ENSG00000226025,3.386220743,7.28e-9,4.91363042,5.33467e-4,4.15,7.28e-9
IGFL2,ENSG00000204866,4.801040823,2.54e-16,3.49053806,0.00766061,4.146,2.54e-16
SLC5A8,ENSG00000256870,1.512063896,0.013842764,6.741632273,0.037136608,4.127,0.013842764
ZBED2,ENSG00000177494,2.158130842,3.69e-6,5.914457929,1.20203e-4,4.036,3.69e-6
DLX5,ENSG00000105880,3.319091173,7.96e-16,4.724709527,6.37073e-4,4.022,7.96e-16
LINC01929,ENSG00000267013,4.095635003,3.1600000000000003e-21,3.917699929,1.33663e-4,4.007,3.1600000000000003e-21
LINC00922,ENSG00000261742,5.133862274,2.9099999999999998e-30,2.870066591,0.00260463,4.002,2.9099999999999998e-30
LINC01615,ENSG00000223485,1.791886358,3.41e-11,6.181052512,2.9933e-4,3.986,3.41e-11
NKX2-5,ENSG00000183072,2.824547097,6.24762e-4,5.123789091,0.031935193,3.974,6.24762e-4
HOXC11,ENSG00000123388,3.675669376,3.34e-17,4.26392005,7.43e-8,3.97,3.34e-17
NKX3-2,ENSG00000109705,3.202400472,1.17e-17,4.672269161,4.3e-5,3.937,1.17e-17
LINC00898,ENSG00000205634,2.837994239,5.65e-5,5.006946715,0.021701131,3.922,5.65e-5
MAB21L4,ENSG00000172478,4.108510204,1.31e-13,3.721554317,0.031873017,3.915,1.31e-13
CLEC5A,ENSG00000258227,2.650969962,2.2e-19,5.173194633,9.7e-9,3.912,2.2e-19
DQX1,ENSG00000144045,4.580716709,4.0799999999999996e-23,3.206258428,0.037055539,3.893,4.0799999999999996e-23
CXCL10,ENSG00000169245,3.203098906,2.81e-17,4.561936083,4.84e-35,3.883,4.84e-35
INHBA,ENSG00000122641,3.675472305,1.97e-36,4.020015862,1.43e-12,3.848,1.97e-36
H2AC13,ENSG00000196747,5.028991258,1.06e-17,2.665932796,1.54855e-4,3.847,1.06e-17
PITX1,ENSG00000069011,3.071029001,8.41e-12,4.611131485,2.15e-16,3.841,2.15e-16
KIF4A,ENSG00000090889,3.813051344,6.2e-47,3.817919594,3.8e-8,3.815,6.2e-47
CXCL9,ENSG00000138755,2.606233572,3.85e-9,4.99728778,5.34e-13,3.802,5.34e-13
MYBL2,ENSG00000101057,3.518831473,2.68e-23,3.988690491,2.66e-13,3.754,2.68e-23
NEK2,ENSG00000117650,4.498950726,3.28e-54,2.986770589,8.47e-7,3.743,3.28e-54
GUCY1B2,ENSG00000123201,2.424343446,3.59e-7,5.006703906,3.35673e-4,3.716,3.59e-7
PAX1,ENSG00000125813,3.921688709,4.12e-13,3.486803792,0.017681356,3.704,4.12e-13
CCN4,ENSG00000104415,3.533712025,2.31e-34,3.862379489,4.21e-21,3.698,2.31e-34
CCR8,ENSG00000179934,2.359198193,6e-6,5.030718605,1.06e-7,3.695,1.06e-7
H3C12,ENSG00000197153,4.340289542,5.03e-15,3.003904883,5.14738e-4,3.672,5.03e-15
TOP2A,ENSG00000131747,3.8204846,8.68e-30,3.51387187,1.95e-7,3.667,8.68e-30
SERPINB7,ENSG00000166396,1.436563085,0.006169054,5.894867252,3.60823e-4,3.666,3.60823e-4
CKAP2L,ENSG00000169607,3.39798669,1.68e-33,3.902952522,1.55e-12,3.65,1.68e-33
UBE2C,ENSG00000175063,4.132264761,1.45e-39,3.154207048,5.43e-5,3.643,1.45e-39
LINC01956,ENSG00000258910,1.894656568,9.2402e-4,5.390737932,0.002807692,3.643,9.2402e-4
FN1,ENSG00000115414,3.611382769,4.2e-26,3.666920535,7.82e-14,3.639,4.2e-26
ADAMTS20,ENSG00000173157,3.046125454,4.42e-5,4.197349876,0.022760821,3.622,4.42e-5
ESM1,ENSG00000164283,3.928298525,7.829999999999999e-31,3.288439867,0.002792013,3.608,7.829999999999999e-31
MELK,ENSG00000165304,3.483754657,3.87e-33,3.714814497,2.57e-10,3.599,3.87e-33
ONECUT2,ENSG00000119547,3.598788532,1.36e-18,3.571900451,0.013610317,3.585,1.36e-18
H2BC17,ENSG00000274641,3.968217,1.02e-14,3.1968197,9.72e-6,3.583,1.02e-14
ANLN,ENSG00000011426,3.476956311,1.52e-33,3.683142198,1.82e-7,3.58,1.52e-33
SDS,ENSG00000135094,2.147923547,6.96e-9,4.998668831,4.33e-10,3.573,4.33e-10
TUBB3,ENSG00000258947,3.165747749,1.4e-12,3.969699334,1.16e-12,3.568,1.16e-12
ULBP1,ENSG00000111981,2.956540853,6.4e-12,4.176531859,0.002559364,3.567,6.4e-12
EXO1,ENSG00000174371,3.444651242,4.6e-28,3.627528305,5.94e-12,3.536,4.6e-28
CILP2,ENSG00000160161,3.659746961,1.4099999999999999e-40,3.386665571,7.01e-11,3.523,1.4099999999999999e-40
IL21,ENSG00000138684,1.245795645,1.21e-10,5.790427873,0.027067509,3.518,1.21e-10
HSD17B6,ENSG00000025423,3.323925662,6.009999999999999e-37,3.696468222,7.36e-6,3.51,6.009999999999999e-37
H3C10,ENSG00000278828,4.71680724,1.1099999999999999e-23,2.3014217280000002,1.99e-5,3.509,1.1099999999999999e-23
TBX20,ENSG00000164532,3.075991979,7.26e-5,3.901222311,0.03924658,3.489,7.26e-5
LINC01592,ENSG00000253658,1.313308976,0.016081586,5.651077906,0.042398964,3.482,0.016081586
NUF2,ENSG00000143228,3.858213378,2.3e-47,3.104546545,3.31e-13,3.481,2.3e-47
UHRF1,ENSG00000276043,3.308930106,2.61e-29,3.645271882,6.27e-10,3.477,2.61e-29
CEMIP,ENSG00000103888,3.020255635,1.1399999999999999e-24,3.927642125,4.58e-8,3.474,1.1399999999999999e-24
SYNDIG1,ENSG00000101463,3.246535323,2.37e-19,3.678171492,1.66726e-4,3.462,2.37e-19
HOXC13,ENSG00000123364,3.19132528,2.41e-17,3.67896104,2.23e-5,3.435,2.41e-17
KCNJ6,ENSG00000157542,1.63308081,6.00243e-4,5.190233075,1.43e-12,3.412,1.43e-12
IL21R,ENSG00000103522,2.105835164,3.31e-8,4.712287783,1.36e-14,3.409,1.36e-14
ASPM,ENSG00000066279,3.249943758,2.57e-27,3.566282754,7.54e-12,3.408,2.57e-27
KIF26B,ENSG00000162849,3.46955543,9.999999999999999e-32,3.343981641,1.18e-12,3.407,9.999999999999999e-32
KIF20A,ENSG00000112984,3.426247771,4.619999999999999e-31,3.337253103,7.19e-9,3.382,4.619999999999999e-31
H1-6,ENSG00000187475,2.625579173,7.66e-6,4.138836662,0.044572397,3.382,7.66e-6
DTL,ENSG00000143476,3.149778924,1.0799999999999998e-37,3.600266246,7.24e-18,3.375,1.0799999999999998e-37
ADAMTS14,ENSG00000138316,3.486927475,3.0099999999999997e-25,3.243368022,1.59e-5,3.365,3.0099999999999997e-25
BUB1,ENSG00000169679,3.255204912,1.2100000000000001e-29,3.454982718,9.88e-10,3.355,1.2100000000000001e-29
SPP1,ENSG00000118785,2.02373506,1.66e-7,4.658916158,1.03e-7,3.341,1.03e-7
FOXD3,ENSG00000187140,2.004362606,8.73e-5,4.66218099,0.002562913,3.333,8.73e-5
E2F7,ENSG00000165891,2.855230229,6.79e-25,3.792993467,4.23e-14,3.324,6.79e-25
IQGAP3,ENSG00000183856,3.531100027,5.3e-39,3.097951357,5.67e-11,3.315,5.3e-39
KIAA0319,ENSG00000137261,3.449087005,9.32e-16,3.181181466,0.028477507,3.315,9.32e-16
HMX3,ENSG00000188620,2.954388906,2.24e-5,3.649661145,0.034857152,3.302,2.24e-5
CEP55,ENSG00000138180,3.311986756,1.1599999999999999e-34,3.276011589,2.49e-6,3.294,1.1599999999999999e-34
BMP8A,ENSG00000183682,3.031494761,1.68e-34,3.553144879,6.54e-30,3.292,1.68e-34
PLK1,ENSG00000166851,3.245319037,6.67e-34,3.326912049,6.84e-8,3.286,6.67e-34
BGN,ENSG00000182492,2.528568729,1.3800000000000001e-22,4.036539784,9.32e-6,3.283,1.3800000000000001e-22
TPX2,ENSG00000088325,3.344043521,1.96e-40,3.20346057,6.37e-7,3.274,1.96e-40
RRM2,ENSG00000171848,3.116124415,1.3e-20,3.42755294,1.54e-7,3.272,1.3e-20
KIF14,ENSG00000118193,3.483417049,2.82e-28,3.042522966,3.85e-7,3.263,2.82e-28
SOX11,ENSG00000176887,2.900725887,3.17e-9,3.610605428,3.33e-10,3.256,3.33e-10
ISG15,ENSG00000187608,3.750884834,8.92e-19,2.736317459,0.007960678,3.244,8.92e-19
HNRNPA1P21,ENSG00000228168,2.589826086,9.26e-13,3.892007412,3.39e-5,3.241,9.26e-13
ADAMDEC1,ENSG00000134028,1.498303818,0.00303616,4.978919494,6.26e-7,3.239,6.26e-7
DLGAP5,ENSG00000126787,3.189823789,1.19e-28,3.273391475,3.11e-6,3.232,1.19e-28
SIM2,ENSG00000159263,2.088018996,4.28163e-4,4.373412785,0.003165566,3.231,4.28163e-4
PKMYT1,ENSG00000127564,3.83532865,2.36e-32,2.614138619,0.001771625,3.225,2.36e-32
CLSPN,ENSG00000092853,2.710979523,6.5e-25,3.732073732,5.92e-13,3.222,6.5e-25
MATN3,ENSG00000132031,3.201564393,1.55e-19,3.243065554,5.61e-5,3.222,1.55e-19
EDN2,ENSG00000127129,2.780480022,4.57e-13,3.634469089,1.8658e-4,3.207,4.57e-13
CELSR3,ENSG00000008300,2.600552393,4.86e-17,3.807211389,5.79e-9,3.204,4.86e-17
CDC20,ENSG00000117399,3.354155131,1.2900000000000002e-27,3.013576984,3.13518e-4,3.184,1.2900000000000002e-27
CCDC78,ENSG00000162004,3.560568701,5.55e-20,2.784151974,0.014591812,3.172,5.55e-20
LINC01943,ENSG00000280721,2.050366498,2.22e-11,4.293095227,1.49091e-4,3.172,2.22e-11
CENPF,ENSG00000117724,3.098174573,1.43e-36,3.225965763,3.83e-12,3.162,1.43e-36
HJURP,ENSG00000123485,3.419101366,2.41e-32,2.903411427,2.7e-5,3.161,2.41e-32
SPAG5,ENSG00000076382,2.986701695,3.13e-33,3.323652579,5.14e-9,3.155,3.13e-33
SYNGR3,ENSG00000127561,3.787348732,1.88e-21,2.519818757,0.016947022,3.154,1.88e-21
DEPDC1,ENSG00000024526,2.783184479,3.75e-24,3.51090974,2.98e-7,3.147,3.75e-24
IL12B,ENSG00000113302,1.084038285,0.019358395,5.182161256,0.003145519,3.133,0.003145519
H2AC17,ENSG00000278677,3.663635591,1.24e-9,2.581234093,2.21e-5,3.122,1.24e-9
INSM1,ENSG00000173404,3.461029141,1.32e-9,2.783152986,0.039171763,3.122,1.32e-9
MMP9,ENSG00000100985,2.851067752,2.63e-9,3.386832267,0.023333144,3.119,2.63e-9
FUT7,ENSG00000180549,1.086829476,0.01063525,5.131079474,1.29794e-4,3.109,1.29794e-4
FOXM1,ENSG00000111206,3.327444326,3.34e-33,2.866539733,8.6700000000000007e-05,3.097,3.34e-33
CFAP47,ENSG00000165164,2.396696891,7.12e-9,3.793048718,0.00169106,3.095,7.12e-9
SHCBP1,ENSG00000171241,2.553921485,7.53e-26,3.620696004,3.25e-7,3.087,7.53e-26
IL4I1,ENSG00000104951,2.634589759,2.13e-13,3.52342309,7.33e-8,3.079,2.13e-13
LINC01788,ENSG00000229051,1.453739849,0.004417794,4.694380097,0.041040598,3.074,0.004417794
SYT1,ENSG00000067715,2.612174284,3.24e-10,3.51990847,0.009125224,3.066,3.24e-10
LINC01429,ENSG00000227964,3.414251372,2.77e-14,2.688364787,0.008430388,3.051,2.77e-14
UBE2T,ENSG00000077152,3.040394779,1.22e-36,3.044372688,4.62e-13,3.042,1.22e-36
MKI67,ENSG00000148773,2.813808749,1.01e-18,3.269423062,9.18e-6,3.042,1.01e-18
FAM83D,ENSG00000101447,3.002257858,3.31e-29,3.079864453,2.11e-6,3.041,3.31e-29
KIF2C,ENSG00000142945,3.106196094,7.069999999999999e-31,2.966332316,6.37e-7,3.036,7.069999999999999e-31
NCAPH,ENSG00000121152,2.791900437,9.740000000000001e-27,3.262910275,3.61e-9,3.027,9.740000000000001e-27
SCUBE3,ENSG00000146197,3.114170995,2.97e-16,2.935459311,0.012943075,3.025,2.97e-16
CDK1,ENSG00000170312,3.072369351,6.46e-38,2.964913702,3.33e-6,3.019,6.46e-38
SIX2,ENSG00000170577,1.714194474,7.36e-6,4.31939258,1.21e-5,3.017,7.36e-6
PIMREG,ENSG00000129195,2.920824513,3.3700000000000003e-22,3.110885499,0.00674996,3.016,3.3700000000000003e-22
ASF1B,ENSG00000105011,3.057040837,4.03e-38,2.972495123,5.34e-13,3.015,4.03e-38
H3C2,ENSG00000286522,3.355245583,1.51e-8,2.666017471,0.00123173,3.011,1.51e-8
HOTAIR,ENSG00000228630,2.643387598,7.73e-8,3.371986258,0.005451803,3.008,7.73e-8
GPRIN1,ENSG00000169258,2.984051251,3.3299999999999997e-35,3.000562294,8.67e-9,2.992,3.3299999999999997e-35
GPR84,ENSG00000139572,1.626455648,4.39e-8,4.348568714,7.92e-5,2.988,4.39e-8
TROAP,ENSG00000135451,3.554865255,3.73e-33,2.409274729,0.001821206,2.982,3.73e-33
CATIP,ENSG00000158428,1.686086609,2.44448e-4,4.264839789,0.04373695,2.975,2.44448e-4
TFR2,ENSG00000106327,3.083076975,6.39e-16,2.864344631,0.007072155,2.974,6.39e-16
ACAN,ENSG00000157766,2.690935617,5.68e-10,3.256627919,0.049068405,2.974,5.68e-10
H2AC14,ENSG00000276368,3.258861462,6.68e-8,2.685459696,3.1e-6,2.972,6.68e-8
KIF18B,ENSG00000186185,3.11102888,3.2999999999999996e-23,2.825190964,1.42e-5,2.968,3.2999999999999996e-23
GPR31,ENSG00000120436,1.241649657,1.20464e-4,4.671350729,0.011543958,2.957,1.20464e-4
TMEM92,ENSG00000167105,2.694739367,2.32e-12,3.216944531,0.044275477,2.956,2.32e-12
TMEM171,ENSG00000157111,1.457155058,2.66e-5,4.455668745,0.036380739,2.956,2.66e-5
AURKB,ENSG00000178999,3.079699588,5.3199999999999996e-24,2.825256488,2.51e-5,2.952,5.3199999999999996e-24
P4HA3,ENSG00000149380,2.723925568,5.77e-20,3.164256927,1.77094e-4,2.944,5.77e-20
LAMP5,ENSG00000125869,2.810118406,5.79e-14,3.063923103,4.29e-7,2.937,5.79e-14
SPC24,ENSG00000161888,2.961637372,1.3099999999999999e-37,2.88847383,6.54488e-4,2.925,1.3099999999999999e-37
PRR11,ENSG00000068489,2.85970319,2.69e-20,2.982878549,0.003650486,2.921,2.69e-20
COL1A1,ENSG00000108821,2.893191525,7.58e-16,2.926925459,2.14e-5,2.91,7.58e-16
FNDC1-IT1,ENSG00000235086,2.220981912,2.71e-5,3.588914204,0.04655533,2.905,2.71e-5
H2BC13,ENSG00000185130,3.029340437,3.24e-11,2.746161918,2.95e-8,2.888,3.24e-11
ACTG1P25,ENSG00000234996,2.658257494,1.11e-27,3.115204061,0.029086533,2.887,1.11e-27
IL9R,ENSG00000124334,2.073892947,6.5e-8,3.683337134,9.12e-8,2.879,6.5e-8
CD80,ENSG00000121594,1.746188311,8.53e-8,4.007154426,1.72e-9,2.877,1.72e-9
RPLP0P2,ENSG00000243742,2.882388446,4.1e-36,2.838850997,1.40354e-4,2.861,4.1e-36
TICRR,ENSG00000140534,2.050948485,1.94e-19,3.667157451,9.15e-20,2.859,9.15e-20
TEDC2,ENSG00000162062,2.90300684,3.63e-32,2.797723356,2.4e-5,2.85,3.63e-32
CCNE2,ENSG00000175305,2.520770529,8.9e-26,3.178949723,5.28e-21,2.85,8.9e-26
ZIC2,ENSG00000043355,2.984322847,2e-10,2.7071411,0.006669303,2.846,2e-10
COL22A1,ENSG00000169436,2.233762705,4.72e-7,3.438833003,0.004075001,2.836,4.72e-7
CDCA5,ENSG00000146670,2.989565536,8.16e-36,2.673759363,3.1e-6,2.832,8.16e-36
CDC45,ENSG00000093009,2.728480935,1.19e-20,2.934971851,1.21e-5,2.832,1.19e-20
NEIL3,ENSG00000109674,3.223840815,1.75e-23,2.414697809,0.005537686,2.819,1.75e-23
GABRD,ENSG00000187730,3.962257145,4.7699999999999996e-52,1.671512716,0.029922587,2.817,4.7699999999999996e-52
C3orf80,ENSG00000180044,2.231230541,7.46e-19,3.399411625,4.04e-5,2.815,7.46e-19
SKA3,ENSG00000165480,3.116909623,4.26e-32,2.504172459,3.48844e-4,2.811,4.26e-32
NCAPG,ENSG00000109805,2.591626917,4.6899999999999994e-23,3.029258083,1.11e-15,2.81,4.6899999999999994e-23
EME1,ENSG00000154920,2.679660539,2.5100000000000004e-27,2.934927799,5.36e-6,2.807,2.5100000000000004e-27
FAM111B,ENSG00000189057,2.861340533,3.76e-16,2.751341124,9.74e-10,2.806,3.76e-16
AURKA,ENSG00000087586,2.991433936,1.1799999999999999e-31,2.614031526,3.1e-6,2.803,1.1799999999999999e-31
PBK,ENSG00000168078,3.269270968,2.3800000000000002e-27,2.334676592,0.011246365,2.802,2.3800000000000002e-27
CENPA,ENSG00000115163,2.886294673,7.11e-27,2.708704443,2.04015e-4,2.797,7.11e-27
CFAP45,ENSG00000213085,3.062881482,2.9e-24,2.531656448,0.008542379,2.797,2.9e-24
TRDV2,ENSG00000211821,1.942367278,2.56471e-4,3.627017553,0.04538962,2.785,2.56471e-4
PCLAF,ENSG00000166803,2.974278619,7.860000000000001e-26,2.579475624,1.67e-7,2.777,7.860000000000001e-26
RUFY4,ENSG00000188282,2.132166007,1.77e-6,3.421782914,2.64e-6,2.777,1.77e-6
FNDC1,ENSG00000164694,2.161179368,4.48e-7,3.38155569,4.23105e-4,2.771,4.48e-7
MTFR2,ENSG00000146410,2.801817405,1.4299999999999999e-30,2.736800554,1.77441e-4,2.769,1.4299999999999999e-30
ERCC6L,ENSG00000186871,2.7975742,1.03e-32,2.734090883,6.51e-7,2.766,1.03e-32
H3C8,ENSG00000273983,2.520746348,1.47e-7,3.009852261,0.001850406,2.765,1.47e-7
IGFBPL1,ENSG00000137142,3.04489544,2.12e-18,2.465945604,0.015294014,2.755,2.12e-18
TLCD1,ENSG00000160606,2.627759986,3.07e-26,2.869979859,7.81e-5,2.749,3.07e-26
SALL4,ENSG00000101115,3.315502639,3.48e-33,2.176073926,8.52e-5,2.746,3.48e-33
FOXP3,ENSG00000049768,2.070165018,2.04e-11,3.377199843,1.24e-12,2.724,1.24e-12
PTTG1,ENSG00000164611,2.9312679,8.73e-34,2.512941664,1.28e-5,2.722,8.73e-34
ASIC3,ENSG00000213199,1.562845198,2.54e-7,3.875995742,7.81e-5,2.719,2.54e-7
CDCA8,ENSG00000134690,2.847131668,3.6899999999999996e-32,2.58629719,2.66e-8,2.717,3.6899999999999996e-32
TK1,ENSG00000167900,2.653493558,6.7e-24,2.775175812,1.69e-6,2.714,6.7e-24
SGO1,ENSG00000129810,3.150416776,1.4599999999999999e-30,2.27287577,5.63e-6,2.712,1.4599999999999999e-30
ZNF695,ENSG00000197472,2.642047699,6.69e-19,2.778817885,4.96e-5,2.71,6.69e-19
LINC02257,ENSG00000238042,2.039879649,1.55e-5,3.37559843,0.00781765,2.708,1.55e-5
COL5A1,ENSG00000130635,2.31461704,9.2e-19,3.074408758,1.02e-6,2.695,9.2e-19
TRIP13,ENSG00000071539,2.313489714,1.84e-26,3.07174371,2.45e-6,2.693,1.84e-26
SULF1,ENSG00000137573,2.180325033,2.75e-19,3.199367001,4.62e-10,2.69,2.75e-19
AUNIP,ENSG00000127423,2.160803277,2.1e-32,3.214530344,9.49e-5,2.688,2.1e-32
LYPD1,ENSG00000150551,1.668451502,1.54e-8,3.694260832,9.67155e-4,2.681,1.54e-8
CTHRC1,ENSG00000164932,2.711264593,2.5e-25,2.646923295,0.001827482,2.679,2.5e-25
H2BC9,ENSG00000275713,3.137902084,1.61e-13,2.220551179,2.85407e-4,2.679,1.61e-13
CNGA3,ENSG00000144191,1.95897016,1.26624e-4,3.399483558,0.014485212,2.679,1.26624e-4
KIFC1,ENSG00000237649,3.119384776,9.450000000000001e-33,2.197225855,6.45e-5,2.658,9.450000000000001e-33
DEPDC1B,ENSG00000035499,2.672732594,1.5e-19,2.643898937,2.25e-7,2.658,1.5e-19
ADAM8,ENSG00000151651,2.077422918,8e-14,3.238633401,2.58e-6,2.658,8e-14
CCNE1,ENSG00000105173,1.862533475,6.82e-16,3.42347077,1.45e-5,2.643,6.82e-16
MCM10,ENSG00000065328,2.541066621,1.1e-21,2.741462981,1.13e-6,2.641,1.1e-21
TTK,ENSG00000112742,2.657624892,1.19e-23,2.597356489,4.59e-7,2.627,1.19e-23
ZIC1,ENSG00000152977,1.605228947,0.006155489,3.644172917,0.032450315,2.625,0.006155489
TNFRSF9,ENSG00000049249,1.986406522,2.62e-7,3.259913677,2.66e-8,2.623,2.66e-8
GTSE1,ENSG00000075218,2.524649517,1.6700000000000002e-26,2.710353172,7.65e-5,2.618,1.6700000000000002e-26
ESPL1,ENSG00000135476,2.615771278,1.88e-24,2.611050485,2.54e-7,2.613,1.88e-24
RAD51,ENSG00000051180,2.485232478,1.0999999999999998e-31,2.738438633,2.54e-6,2.612,1.0999999999999998e-31
GBP5,ENSG00000154451,2.033823302,2.49e-9,3.18691956,3.16e-24,2.61,3.16e-24
BUB1B,ENSG00000156970,2.794120903,3.61e-24,2.424548923,9.65383e-4,2.609,3.61e-24
RECQL4,ENSG00000160957,2.491291479,1.26e-23,2.705344407,8.95e-5,2.598,1.26e-23
COL5A2,ENSG00000204262,2.177840146,1.07e-15,3.015532854,2.33e-6,2.597,1.07e-15
LINC00511,ENSG00000227036,1.947710571,8.7e-10,3.241540603,3.42e-5,2.595,8.7e-10
H2AC16,ENSG00000276903,2.030724015,6.7534e-4,3.157410758,2.42e-6,2.594,2.42e-6
HMMR,ENSG00000072571,2.701741767,2.2999999999999998e-23,2.481068104,0.001626158,2.591,2.2999999999999998e-23
LINGO1,ENSG00000169783,2.626630201,7.64e-15,2.547052362,7.6701e-4,2.587,7.64e-15
CBX2,ENSG00000173894,2.95284106,2.35e-20,2.219862262,0.024143893,2.586,2.35e-20
CATSPER1,ENSG00000175294,1.43964266,1.01e-7,3.721588524,0.019161629,2.581,1.01e-7
OLFML2B,ENSG00000162745,1.424127786,4.15e-9,3.728733858,7.42891e-4,2.576,4.15e-9
ERBB2,ENSG00000141736,2.827058434,1.66e-13,2.311020602,0.031274057,2.569,1.66e-13
CDC25C,ENSG00000158402,3.227260826,4.51e-30,1.904027093,0.02847843,2.566,4.51e-30
C1QTNF6,ENSG00000133466,2.499808926,4.41e-34,2.623597251,5.45e-7,2.562,4.41e-34
HAGHL,ENSG00000103253,3.062737259,4.75e-25,2.052743916,0.021233482,2.558,4.75e-25
ARTN,ENSG00000117407,2.483903725,1.58e-14,2.626752435,0.007317305,2.555,1.58e-14
ST8SIA6-AS1,ENSG00000204832,1.516116292,0.001628253,3.549315604,0.01123761,2.533,0.001628253
CDCA2,ENSG00000184661,2.510341507,4.57e-20,2.551661524,0.001589777,2.531,4.57e-20
POSTN,ENSG00000133110,2.437964309,4.41e-18,2.624381805,5.65e-8,2.531,4.41e-18
H4C14,ENSG00000270882,3.092099451,1.3e-19,1.953709672,4.39e-5,2.523,1.3e-19
KNL1,ENSG00000137812,2.694986349,1.2199999999999999e-24,2.346544146,2.51e-9,2.521,1.2199999999999999e-24
KIF15,ENSG00000163808,2.383284018,3.83e-24,2.659410036,1.85337e-4,2.521,3.83e-24
SPOCD1,ENSG00000134668,2.649060899,5.11e-14,2.375926782,0.012605189,2.512,5.11e-14
POLQ,ENSG00000051341,2.379901251,4.68e-24,2.639133613,6.05e-6,2.51,4.68e-24
CCNB2,ENSG00000157456,2.763769835,1.4400000000000001e-27,2.229768062,0.00996004,2.497,1.4400000000000001e-27
OTX1,ENSG00000115507,2.237382509,2.63e-9,2.743424025,0.002153751,2.49,2.63e-9
E2F1,ENSG00000101412,2.469146304,8.33e-26,2.505509987,1.09e-10,2.487,8.33e-26
CDKN3,ENSG00000100526,2.743972678,8.08e-31,2.22254634,2.39e-6,2.483,8.08e-31
ATP2A1-AS1,ENSG00000260442,1.255805963,8.0158e-4,3.705991361,0.016500294,2.481,8.0158e-4
FAM72D,ENSG00000215784,2.517219791,1.25e-14,2.423222013,1.41e-5,2.47,1.25e-14
GPR141,ENSG00000187037,2.069531571,4.38e-10,2.839363483,1.38e-10,2.454,1.38e-10
MUC1,ENSG00000185499,2.356788552,2.99e-12,2.537808415,0.002968418,2.447,2.99e-12
H3C3,ENSG00000287080,2.946009452,8.81e-8,1.942717839,0.003965382,2.444,8.81e-8
SAMD14,ENSG00000167100,1.84678657,3.16e-13,3.030222326,0.00357185,2.439,3.16e-13
SKA1,ENSG00000154839,3.327241561,1.98e-34,1.532475803,0.010572244,2.43,1.98e-34
ESCO2,ENSG00000171320,2.506044498,8.6e-18,2.354760022,0.014412568,2.43,8.6e-18
NXPH4,ENSG00000182379,1.606771826,3.98e-5,3.251601871,0.002727382,2.429,3.98e-5
H2BC6,ENSG00000274290,3.019503132,3.81e-17,1.835009688,1.54e-6,2.427,3.81e-17
E2F8,ENSG00000129173,1.227652908,2.94e-23,3.614604957,4.07e-7,2.421,2.94e-23
PACSIN1,ENSG00000124507,2.637460571,4.5000000000000004e-21,2.203962483,3.31749e-4,2.421,4.5000000000000004e-21
RDM1,ENSG00000278023,3.010224177,8.43e-18,1.8314706,0.002452965,2.421,8.43e-18
IGHG1,ENSG00000211896,1.718476726,0.001582793,3.119361145,0.034401924,2.419,0.001582793
CST6,ENSG00000175315,2.484510686,1.4e-9,2.340099525,0.003068849,2.412,1.4e-9
HPX,ENSG00000110169,1.509051165,3.64159e-4,3.301349145,0.049609287,2.405,3.64159e-4
H2BC7,ENSG00000277224,3.009616763,1.28e-7,1.795251389,9.52336e-4,2.402,1.28e-7
E2F2,ENSG00000007968,2.066624018,3.83e-14,2.734567657,1.37e-7,2.401,3.83e-14
BICDL1,ENSG00000135127,2.818317886,6.92e-22,1.971306791,5.46415e-4,2.395,6.92e-22
SLC16A3,ENSG00000141526,1.429318109,1.71e-5,3.35638088,1.72e-10,2.393,1.72e-10
COL1A2,ENSG00000164692,1.998603635,2.8e-11,2.767736995,0.001326524,2.383,2.8e-11
KIF23,ENSG00000137807,2.63452946,2.15e-32,2.124435045,3.41e-6,2.379,2.15e-32
CCNA2,ENSG00000145386,2.716162625,5.389999999999999e-23,2.038548161,0.001332323,2.377,5.389999999999999e-23
MFAP2,ENSG00000117122,2.529484114,6.23e-37,2.201181837,7.32e-5,2.365,6.23e-37
LINC01711,ENSG00000268941,1.58840965,1.35e-7,3.137261372,0.028070834,2.363,1.35e-7
UNC5B,ENSG00000107731,2.330599544,4.82e-31,2.381652133,5.55e-8,2.356,4.82e-31
PAQR4,ENSG00000162073,2.675295436,2.93e-32,2.031724186,1.21e-5,2.354,2.93e-32
PPP1R14B-AS1,ENSG00000256940,1.684323616,2.25e-5,3.019546311,0.045174664,2.352,2.25e-5
CDCA3,ENSG00000111665,2.913336989,3.19e-28,1.786883963,0.036246922,2.35,3.19e-28
ZWINT,ENSG00000122952,2.729807653,2.0199999999999998e-38,1.965066022,0.013717249,2.347,2.0199999999999998e-38
H3C7,ENSG00000277775,2.315017202,1.98024e-4,2.362461948,0.002500853,2.339,1.98024e-4
CREB3L1,ENSG00000157613,2.778711016,2.33e-20,1.892196633,2.89e-5,2.335,2.33e-20
LAG3,ENSG00000089692,1.752250554,1.23e-7,2.915471675,4.17e-7,2.334,1.23e-7
LEF1,ENSG00000138795,2.796813169,1.82e-19,1.852478704,9.95915e-4,2.325,1.82e-19
JPT1,ENSG00000189159,2.11023761,2.41e-19,2.536385169,3.72e-7,2.323,2.41e-19
ORC1,ENSG00000085840,2.08338513,2.42e-14,2.562120029,1.2e-7,2.323,2.42e-14
H2AC4,ENSG00000278463,2.492950515,1.65916e-4,2.14133662,0.002465061,2.317,1.65916e-4
CCDC194,ENSG00000269720,1.416153361,4.73602e-4,3.212358868,0.010077031,2.314,4.73602e-4
ANKRD22,ENSG00000152766,2.004667417,8.63e-10,2.586691154,1.47157e-4,2.296,8.63e-10
PYCR1,ENSG00000183010,1.931325357,7.53e-16,2.646880534,2.44e-7,2.289,7.53e-16
DIAPH3,ENSG00000139734,2.08791566,1.06e-19,2.486451527,0.001341184,2.287,1.06e-19
NDC80,ENSG00000080986,3.010458545,2.3099999999999998e-30,1.556560978,0.002391506,2.284,2.3099999999999998e-30
LMNB1,ENSG00000113368,2.48116563,1.75e-27,2.085058692,7.91e-5,2.283,1.75e-27
COL8A1,ENSG00000144810,1.274329432,1.09191e-4,3.287221029,1.03e-16,2.281,1.03e-16
TMEM132A,ENSG00000006118,2.530921629,1.22e-22,2.027340562,7.38e-6,2.279,1.22e-22
FER1L6,ENSG00000214814,1.742271513,2.70823e-4,2.797518233,0.040663285,2.27,2.70823e-4
ASPN,ENSG00000106819,1.881677566,5.88e-7,2.649209436,0.003122285,2.265,5.88e-7
FAM72C,ENSG00000263513,1.648071792,9.81e-6,2.877198544,3.06e-5,2.263,9.81e-6
SQLE,ENSG00000104549,2.088253874,3.15e-17,2.434049787,1.00338e-4,2.261,3.15e-17
H2BC14,ENSG00000273703,2.416828721,4.08252e-4,2.104560894,0.00128879,2.261,4.08252e-4
IGHG3,ENSG00000211897,1.693904262,0.001777209,2.824759986,0.034038976,2.259,0.001777209
H2AC12,ENSG00000274997,2.352405235,0.004307998,2.153553632,0.001997277,2.253,0.001997277
BIRC5,ENSG00000089685,2.708208393,1.26e-13,1.792880143,7.83296e-4,2.251,1.26e-13
KIF11,ENSG00000138160,2.316197743,2.4e-30,2.180498312,1.18985e-4,2.248,2.4e-30
CENPM,ENSG00000100162,2.295860256,1.09e-19,2.166517796,0.002225651,2.231,1.09e-19
TNFSF4,ENSG00000117586,2.263253191,6.95e-17,2.193556599,7.53e-10,2.228,6.95e-17
H2BC10,ENSG00000278588,1.911028796,0.007467547,2.542147175,4.34695e-4,2.227,4.34695e-4
ULBP2,ENSG00000131015,1.757882699,2.01e-8,2.693187613,0.045408961,2.226,2.01e-8
CRACD,ENSG00000109265,2.936011329,2.99e-15,1.508848338,0.039086115,2.222,2.99e-15
SRD5A2,ENSG00000277893,1.374471752,1.69e-13,3.047890622,0.018745149,2.211,1.69e-13
ETV7,ENSG00000010030,2.128587936,1e-12,2.292734838,0.004293982,2.211,1e-12
CENPI,ENSG00000102384,1.878990744,1.02e-25,2.540818934,1.7e-6,2.21,1.02e-25
F12,ENSG00000131187,2.260828636,1.75e-15,2.157235016,0.008317676,2.209,1.75e-15
PLAU,ENSG00000122861,1.731463418,4.92e-13,2.681673069,2.97e-11,2.207,4.92e-13
CKS2,ENSG00000123975,2.573545632,3.73e-44,1.838184499,7.8e-5,2.206,3.73e-44
PLAUR,ENSG00000011422,1.610781885,2.34e-16,2.801070442,5.51e-7,2.206,2.34e-16
PCDH17,ENSG00000118946,1.38672978,6.14e-10,3.020539042,5.63e-6,2.204,6.14e-10
GINS1,ENSG00000101003,2.517421148,3.86e-38,1.888362936,7e-9,2.203,3.86e-38
ST6GAL2,ENSG00000144057,1.72730085,1.05e-6,2.671510959,4.34e-10,2.199,4.34e-10
FCGR3A,ENSG00000203747,1.495046618,8.26e-8,2.900251463,2.81e-6,2.198,8.26e-8
ARHGAP11A,ENSG00000198826,2.127775432,1.05e-26,2.260210169,5.9e-5,2.194,1.05e-26
EZH2,ENSG00000106462,2.130449786,2.34e-28,2.256398358,1.39e-6,2.193,2.34e-28
SCIN,ENSG00000006747,2.334235374,0.006592564,2.048938634,0.018033853,2.192,0.006592564
H2AC18,ENSG00000203812,2.019223013,6.74e-5,2.362334773,8.44e-5,2.191,6.74e-5
HOXC10,ENSG00000180818,2.659538542,3.41e-14,1.703748474,0.018971431,2.182,3.41e-14
FCGR1A,ENSG00000150337,1.610341379,6.45e-8,2.750293217,0.00174388,2.18,6.45e-8
PSMD3,ENSG00000108344,1.928117424,1.54e-10,2.405406459,0.032450315,2.167,1.54e-10
RNFT2,ENSG00000135119,1.774492558,1.7e-20,2.553997205,3.44e-8,2.164,1.7e-20
KPNA2,ENSG00000182481,2.357408363,1.6800000000000001e-29,1.968716191,9.86e-5,2.163,1.6800000000000001e-29
HMGB3,ENSG00000029993,2.570237922,1.76e-35,1.747551865,0.010646674,2.159,1.76e-35
SLAMF8,ENSG00000158714,1.28718875,1.87318e-4,3.030432774,1.45e-5,2.159,1.45e-5
SAPCD2,ENSG00000186193,2.36139982,1.62e-15,1.95505391,2.06e-5,2.158,1.62e-15
CTXN1,ENSG00000178531,2.762334909,1.16e-25,1.546324279,0.009790548,2.154,1.16e-25
COL3A1,ENSG00000168542,1.767550531,3.31e-9,2.521260333,0.003365143,2.144,3.31e-9
CRABP2,ENSG00000143320,2.362160156,9.44e-17,1.924597122,0.001367961,2.143,9.44e-17
CCDC87,ENSG00000182791,2.081381018,3.8e-13,2.181182738,0.005615215,2.131,3.8e-13
ERMN,ENSG00000136541,2.095778112,4.21e-10,2.156550734,0.006618491,2.126,4.21e-10
CENPU,ENSG00000151725,2.363247934,8.209999999999999e-24,1.870622403,4.35397e-4,2.117,8.209999999999999e-24
TIGIT,ENSG00000181847,1.35725066,3.17925e-4,2.872229589,2.78735e-4,2.115,2.78735e-4
RAD51AP1,ENSG00000111247,2.257581583,1.0099999999999999e-23,1.969284823,4.05e-6,2.113,1.0099999999999999e-23
ARHGEF39,ENSG00000137135,2.030689881,5.08e-19,2.195692273,0.007498314,2.113,5.08e-19
ICOS,ENSG00000163600,1.073958514,0.005726806,3.142851269,9.85e-10,2.108,9.85e-10
SLC2A6,ENSG00000160326,1.235957318,2.79e-6,2.93844521,1.19e-8,2.087,1.19e-8
H3C13,ENSG00000183598,1.614083128,2.62954e-4,2.548879572,0.033308039,2.081,2.62954e-4
PCAT7,ENSG00000231806,1.298258639,0.003184475,2.856976421,0.023971983999999998,2.078,0.003184475
TRIM59,ENSG00000213186,2.143615824,9.07e-29,2.003165452,0.001345929,2.073,9.07e-29
LTA,ENSG00000226979,1.315049333,4.7061e-4,2.821942262,0.038551595,2.068,4.7061e-4
COL12A1,ENSG00000111799,1.854397608,2.53e-11,2.280428128,1.25e-11,2.067,1.25e-11
SDC1,ENSG00000115884,2.16462122,2.26e-12,1.961170449,2.69e-6,2.063,2.26e-12
CCNB1,ENSG00000134057,2.53760888,7.23e-38,1.585516347,0.004576616,2.062,7.23e-38
GPR68,ENSG00000119714,2.06760672,3.65e-19,2.054935266,3.25447e-4,2.061,3.65e-19
SPC25,ENSG00000152253,2.842427635,3.16e-43,1.27464719,7.38514e-4,2.059,3.16e-43
METRN,ENSG00000103260,2.430871719,5.78e-18,1.682715776,0.00695586,2.057,5.78e-18
RND1,ENSG00000172602,1.43159851,1.11702e-4,2.655946714,0.033324776,2.044,1.11702e-4
OASL,ENSG00000135114,2.230018534,2.96e-10,1.855943279,0.012605189,2.043,2.96e-10
ADORA2A,ENSG00000128271,1.882107693,4.03e-5,2.203937851,0.034401924,2.043,4.03e-5
CADPS,ENSG00000163618,1.4172867,2.8e-6,2.653623465,0.009017993,2.035,2.8e-6
POC1A,ENSG00000164087,2.143732113,1.7e-45,1.91909027,3.05e-6,2.031,1.7e-45
HASPIN,ENSG00000177602,2.098524917,2.24e-12,1.962741595,7.58e-5,2.031,2.24e-12
H2AC11,ENSG00000196787,1.978789257,3.05e-6,2.079973001,7.2e-7,2.029,7.2e-7
BRIP1,ENSG00000136492,2.708630164,1.57e-20,1.341354702,2.55521e-4,2.025,1.57e-20
TACC3,ENSG00000013810,2.028887831,1.41e-23,2.01834835,2.04e-8,2.024,1.41e-23
OIP5,ENSG00000104147,2.009059803,6.73e-14,2.021446491,0.010944286,2.015,6.73e-14
H2BC18,ENSG00000203814,2.487235182,1.19e-13,1.533529644,0.017159526,2.01,1.19e-13
CENPE,ENSG00000138778,2.336135052,1.63e-25,1.679268988,0.002375902,2.008,1.63e-25
UBE2S,ENSG00000108106,2.300333116,1.2600000000000001e-27,1.697738173,0.004984721,1.999,1.2600000000000001e-27
CDKN2A,ENSG00000147889,1.517073194,5.26e-8,2.463200131,2.40749e-4,1.99,5.26e-8
H2AC7,ENSG00000196866,2.234178249,0.011019655,1.739236621,0.011858945,1.987,0.011019655
BMP8B,ENSG00000116985,1.241364616,5.15e-6,2.729417966,0.002240154,1.985,5.15e-6
BLM,ENSG00000197299,1.814387627,1.72e-14,2.152940175,7.05e-10,1.984,1.72e-14
H4C9,ENSG00000276180,2.244943295,4.08e-16,1.713919532,0.019785922,1.979,4.08e-16
CD24,ENSG00000272398,1.65001731,1.19e-5,2.307612127,3.90294e-4,1.979,1.19e-5
TYMP,ENSG00000025708,1.589534003,1.55e-9,2.356945521,2.17938e-4,1.973,1.55e-9
LAMP3,ENSG00000078081,1.194807349,0.003519216,2.747096204,4.18e-6,1.971,4.18e-6
GALNT5,ENSG00000136542,1.757454143,1.85e-6,2.167846133,0.001728215,1.963,1.85e-6
ZBP1,ENSG00000124256,1.479463473,2.04819e-4,2.445211955,7.5e-7,1.962,7.5e-7
SRMS,ENSG00000125508,1.985405793,3.48e-8,1.937032314,1.1e-5,1.961,3.48e-8
CHEK1,ENSG00000149554,1.743830892,1.63e-19,2.171539573,2.07344e-4,1.958,1.63e-19
CXCR3,ENSG00000186810,1.403736543,5.68e-5,2.497127621,3.64e-7,1.95,3.64e-7
H1-5,ENSG00000184357,1.037851808,0.024918328,2.860480093,3.38174e-4,1.949,3.38174e-4
LINC02236,ENSG00000251365,1.269853759,2.2e-5,2.610194629,0.014829193,1.94,2.2e-5
MYRFL,ENSG00000166268,1.880708803,1.87e-7,1.981346102,0.043446236,1.931,1.87e-7
RGS4,ENSG00000117152,1.934821144,7.29e-13,1.925378468,0.006268398,1.93,7.29e-13
FAM72A,ENSG00000196550,2.305597554,5.36e-17,1.5286394,0.009452227,1.917,5.36e-17
NKILA,ENSG00000278709,1.512243444,4.43e-9,2.319501419,0.014418809,1.916,4.43e-9
SH2D2A,ENSG00000027869,1.319943254,6.84e-6,2.511566549,1e-9,1.916,1e-9
APOBEC3H,ENSG00000100298,1.358436237,1.91e-5,2.467470754,0.004523104,1.913,1.91e-5
CDH11,ENSG00000140937,2.18814572,5.26e-19,1.63280484,1.45976e-4,1.91,5.26e-19
TMEM97,ENSG00000109084,1.370121483,2.1e-11,2.444317361,0.029172639,1.907,2.1e-11
IER5L,ENSG00000188483,1.9538091,6.16e-23,1.859064432,6.54488e-4,1.906,6.16e-23
APOBR,ENSG00000184730,1.42090233,1.77e-6,2.366726365,2.58e-7,1.894,2.58e-7
EEF1AKMT4,ENSG00000284753,1.919655532,5e-19,1.855129806,0.020353311,1.887,5e-19
NOD2,ENSG00000167207,1.580719234,5.76e-9,2.193573125,2.33246e-4,1.887,5.76e-9
STIL,ENSG00000123473,1.990711745,2.0399999999999997e-24,1.767109692,8.22e-9,1.879,2.0399999999999997e-24
KLRG2,ENSG00000188883,1.814301521,1.07e-5,1.943082231,9.01435e-4,1.879,1.07e-5
SIX4,ENSG00000100625,1.353234089,7.72e-27,2.400175121,3.40992e-4,1.877,7.72e-27
GPC2,ENSG00000213420,1.656788569,3.38e-6,2.093489972,0.009772531,1.875,3.38e-6
CHST6,ENSG00000183196,1.998111426,7.66e-10,1.746954124,0.004863189,1.873,7.66e-10
OAS2,ENSG00000111335,1.844977639,9.42e-8,1.894931227,0.016695284,1.87,9.42e-8
AIM2,ENSG00000163568,1.465359169,2.19299e-4,2.267318921,0.005420446,1.866,2.19299e-4
SLC7A5,ENSG00000103257,1.782454121,5.97e-10,1.94198493,0.003041858,1.862,5.97e-10
MMP14,ENSG00000157227,1.66496751,1.36e-18,2.038663127,0.010178817,1.852,1.36e-18
H2BC3,ENSG00000276410,1.987189563,0.004403894,1.707744601,9.98e-5,1.847,9.98e-5
LINC02446,ENSG00000256039,1.324494697,0.00100757,2.365344271,0.011272537,1.845,0.00100757
H2AX,ENSG00000188486,1.825475333,5.68e-18,1.846543103,0.008097803,1.836,5.68e-18
CFAP20DC,ENSG00000163689,2.095795474,3.85e-24,1.571577764,0.010741498,1.834,3.85e-24
FANCI,ENSG00000140525,2.011626932,1.58e-24,1.654595553,9.07e-10,1.833,1.58e-24
CDC25A,ENSG00000164045,1.886270046,3.85e-15,1.771889311,0.013336584,1.829,3.85e-15
STARD3,ENSG00000131748,1.55518119,1.49e-8,2.101135854,0.035583517,1.828,1.49e-8
PRC1,ENSG00000198901,1.465999773,3.12e-9,2.182172656,3.29531e-4,1.824,3.12e-9
CIP2A,ENSG00000163507,1.8958838,1.56e-18,1.743538363,3.32601e-4,1.82,1.56e-18
ADAM19,ENSG00000135074,1.583764839,1.78e-8,2.055869667,1.0288e-4,1.82,1.78e-8
TG,ENSG00000042832,1.22535591,4.15e-6,2.413705818,0.042721113,1.82,4.15e-6
LPCAT1,ENSG00000153395,1.379267198,1.54e-13,2.255756047,3.50406e-4,1.818,1.54e-13
DPP3,ENSG00000254986,2.048681277,1.4700000000000001e-21,1.585701911,3.38e-5,1.817,1.4700000000000001e-21
TPRN,ENSG00000176058,2.405250149,4.5299999999999995e-31,1.227500848,0.002768529,1.816,4.5299999999999995e-31
RSAD2,ENSG00000134321,1.508643424,7.52e-6,2.123892232,0.009909476,1.816,7.52e-6
LIMD2,ENSG00000136490,2.000770822,5.4e-5,1.62804729,0.004308009,1.814,5.4e-5
RAD54B,ENSG00000197275,2.128068974,1.06e-22,1.496479252,0.011101085,1.812,1.06e-22
XRCC2,ENSG00000196584,1.741556167,4.99e-14,1.883024464,4.77e-5,1.812,4.99e-14
SERPINH1,ENSG00000149257,1.070062869,1.47e-10,2.549922321,0.001771625,1.81,1.47e-10
PLEK2,ENSG00000100558,1.425882923,5.92e-11,2.192620857,0.021554765,1.809,5.92e-11
GAS2L3,ENSG00000139354,1.186321494,5.32e-10,2.419826396,1.28e-6,1.803,5.32e-10
PAFAH1B3,ENSG00000079462,2.524064994,2.78e-29,1.075351671,0.007971438,1.8,2.78e-29
KIFC2,ENSG00000167702,1.956941555,9.48e-10,1.640603087,2.24962e-4,1.799,9.48e-10
VCAN,ENSG00000038427,1.945400742,3.66e-10,1.642457706,4.76694e-4,1.794,3.66e-10
OSCAR,ENSG00000170909,1.112190588,1.81e-5,2.475972635,0.001493684,1.794,1.81e-5
RACGAP1,ENSG00000161800,1.986224686,2.35e-40,1.594905247,1.15e-5,1.791,2.35e-40
KCNK1,ENSG00000135750,1.999875222,4.39e-8,1.576243003,0.008310566,1.788,4.39e-8
TUBA1C,ENSG00000167553,1.332371454,1.87e-20,2.238727961,1.59e-5,1.786,1.87e-20
PTK6,ENSG00000101213,1.678832016,4.38e-8,1.875389747,2.61665e-4,1.777,4.38e-8
ZNF367,ENSG00000165244,1.670081042,7.49e-18,1.877106086,4.17e-6,1.774,7.49e-18
MCM2,ENSG00000073111,1.74873075,1.93e-14,1.797109807,2.84853e-4,1.773,1.93e-14
MAD2L1,ENSG00000164109,1.946541485,3.1300000000000003e-26,1.584689662,3.84984e-4,1.766,3.1300000000000003e-26
THY1,ENSG00000154096,1.132301259,2.31e-5,2.39859653,0.001235302,1.765,2.31e-5
FOXS1,ENSG00000179772,1.372331296,4.41e-6,2.139115975,0.002141985,1.756,4.41e-6
SMKR1,ENSG00000240204,2.013605595,7.95e-12,1.490176012,0.046391644,1.752,7.95e-12
EGLN3,ENSG00000129521,1.797793595,2.75e-8,1.704194336,0.032438936,1.751,2.75e-8
B4GALNT4,ENSG00000182272,1.99306509,4.73e-10,1.506276668,0.015198785,1.75,4.73e-10
SLC12A8,ENSG00000221955,1.37689256,1.81e-10,2.111640401,0.002464554,1.744,1.81e-10
TAP1,ENSG00000168394,1.56796222,4.01e-10,1.917569238,6.59e-7,1.743,4.01e-10
ZNF469,ENSG00000225614,1.68336144,8.61e-12,1.790402282,1.54687e-4,1.737,8.61e-12
NUAK2,ENSG00000163545,2.388576811,6.669999999999999e-31,1.084244327,0.026466068,1.736,6.669999999999999e-31
LAGE3,ENSG00000196976,1.878037762,3.51e-22,1.583458961,0.001414736,1.731,3.51e-22
ITGA11,ENSG00000137809,1.461105059,4.98e-7,1.994397788,8.69e-7,1.728,4.98e-7
SBK1,ENSG00000188322,1.902245768,1.07e-9,1.531643347,0.027449275,1.717,1.07e-9
OAS3,ENSG00000111331,1.746277845,1.41e-9,1.688585587,0.042848566,1.717,1.41e-9
ARSI,ENSG00000183876,1.701324512,4.64e-9,1.73318466,0.027975794,1.717,4.64e-9
FANCA,ENSG00000187741,1.752920657,1.76e-13,1.671031215,6.64e-6,1.712,1.76e-13
H2BC11,ENSG00000124635,2.093408366,5.86e-11,1.3097323,0.003515201,1.702,5.86e-11
CACNA1E,ENSG00000198216,1.390906632,5.93e-5,2.012822208,0.046391644,1.702,5.93e-5
CCNF,ENSG00000162063,1.928551905,6.1599999999999995e-24,1.46074292,0.026586444,1.695,6.1599999999999995e-24
P2RY6,ENSG00000171631,1.308733107,7.18e-6,2.075996486,0.002811171,1.692,7.18e-6
GRIN2D,ENSG00000105464,1.535678618,8.98e-18,1.844569751,0.002604073,1.69,8.98e-18
IRF7,ENSG00000185507,1.990691104,3.72e-15,1.384371684,0.025294723,1.688,3.72e-15
H2BC15,ENSG00000233822,1.351135905,2.22e-7,2.017040149,3.46e-5,1.684,2.22e-7
TONSL,ENSG00000160949,1.927583303,6.46e-19,1.430239325,6.05907e-4,1.679,6.46e-19
CENPK,ENSG00000123219,1.706876901,2.07e-14,1.643062021,0.001349965,1.675,2.07e-14
P3H4,ENSG00000141696,1.463420459,9.96e-17,1.872517591,1.00758e-4,1.668,9.96e-17
AJM1,ENSG00000232434,1.785906765,2.56e-13,1.546946449,0.004393751,1.666,2.56e-13
PMAIP1,ENSG00000141682,1.961699403,4.07e-10,1.358139392,0.01281869,1.66,4.07e-10
PYCARD,ENSG00000103490,1.978905522,3.46e-14,1.339994136,0.04626865,1.659,3.46e-14
TUFT1,ENSG00000143367,1.588424746,5.01e-30,1.725950606,1.96031e-4,1.657,5.01e-30
EPPK1,ENSG00000261150,1.134387408,0.001355087,2.172995159,6.29212e-4,1.654,6.29212e-4
PLXNA3,ENSG00000130827,1.423528612,1.26e-12,1.875620776,1.56e-5,1.65,1.26e-12
SEMA7A,ENSG00000138623,1.391338688,4.52e-10,1.906809217,4.80273e-4,1.649,4.52e-10
KDELR3,ENSG00000100196,1.014018388,4.02e-6,2.269270904,1.8658e-4,1.642,4.02e-6
KMO,ENSG00000117009,1.058709461,0.004151945,2.216914365,1.20763e-4,1.638,1.20763e-4
SLC38A5,ENSG00000017483,1.665866065,5.92e-11,1.603305288,0.01298689,1.635,5.92e-11
FEN1,ENSG00000168496,1.778083848,1.8700000000000003e-27,1.48804491,0.003068849,1.633,1.8700000000000003e-27
RAB31,ENSG00000168461,1.681891518,1.85e-11,1.583573445,8.19e-6,1.633,1.85e-11
MXRA5,ENSG00000101825,1.400613244,4.49e-11,1.854439578,0.002094055,1.628,4.49e-11
EVPL,ENSG00000167880,1.878553439,4.18e-10,1.375325922,0.008894879,1.627,4.18e-10
SLC50A1,ENSG00000169241,1.826906278,1.8500000000000002e-26,1.421141146,6.05e-5,1.624,1.8500000000000002e-26
SLC39A4,ENSG00000147804,1.337361738,6.2e-6,1.908487289,0.006443588,1.623,6.2e-6
CBS,ENSG00000160200,1.558140693,2.27684e-4,1.686464921,0.043069122,1.622,2.27684e-4
HELLS,ENSG00000119969,1.701696095,1.42e-14,1.535246128,4.79e-5,1.618,1.42e-14
ADAMTSL2,ENSG00000197859,1.496340925,9.01e-9,1.729040722,0.001729877,1.613,9.01e-9
HLA-DQB1,ENSG00000179344,1.134566816,1.00865e-4,2.091728604,2.54e-7,1.613,2.54e-7
STAT1,ENSG00000115415,1.303860812,7.32e-8,1.907488578,1.50585e-4,1.606,7.32e-8
C1QTNF3,ENSG00000082196,1.282158496,2.04541e-4,1.919394041,0.002258577,1.601,2.04541e-4
MAL2,ENSG00000147676,1.671072668,3.66e-11,1.518978108,2.89371e-4,1.595,3.66e-11
CIT,ENSG00000122966,1.884374308,2.3499999999999997e-23,1.289471961,0.033877734,1.587,2.3499999999999997e-23
ATAD2,ENSG00000156802,1.830415442,5.99e-17,1.34224468,0.002146835,1.586,5.99e-17
RN7SL1,ENSG00000276168,2.129146038,2.43e-8,1.034762545,0.017970062,1.582,2.43e-8
TIMELESS,ENSG00000111602,1.667428928,4.4799999999999997e-38,1.494174312,2.98e-5,1.581,4.4799999999999997e-38
PPP1R14B,ENSG00000173457,1.470518699,1.56e-15,1.691686623,0.035594174,1.581,1.56e-15
FBXO43,ENSG00000156509,1.819500913,5.08e-13,1.337949968,0.01095047,1.579,5.08e-13
GPR132,ENSG00000183484,1.054366874,1.36e-5,2.102208195,6.83e-5,1.578,1.36e-5
PLK4,ENSG00000142731,1.873142709,2.73e-21,1.281295616,0.003659936,1.577,2.73e-21
LINC01116,ENSG00000163364,1.673184157,1.62e-9,1.463936945,0.012928046,1.569,1.62e-9
LRRC59,ENSG00000108829,1.732918506,3.33e-14,1.402969587,0.02006452,1.568,3.33e-14
THBS2,ENSG00000186340,1.519747271,3.7e-7,1.612690265,0.018483125,1.566,3.7e-7
USP35,ENSG00000118369,1.027439006,8.43e-5,2.092335022,0.04107409,1.56,8.43e-5
NREP,ENSG00000134986,1.005562755,2.10729e-4,2.108958077,2.09e-6,1.557,2.09e-6
GPC4,ENSG00000076716,1.445731885,3.73e-8,1.664340676,6.14968e-4,1.555,3.73e-8
LMNB2,ENSG00000176619,1.365313288,1.22e-15,1.741422321,0.026994305,1.553,1.22e-15
H2AC21,ENSG00000184270,1.537938476,0.003645442,1.569049933,0.010368798,1.553,0.003645442
PYCR3,ENSG00000104524,1.766623978,9.88e-19,1.337190594,3.68996e-4,1.552,9.88e-19
STMN1,ENSG00000117632,1.853648581,1.49e-19,1.243982671,0.003546071,1.549,1.49e-19
NCAPG2,ENSG00000146918,1.346692924,1.23e-14,1.742381182,0.009066469,1.545,1.23e-14
YJEFN3,ENSG00000250067,1.134942505,8.81e-5,1.95098223,0.028667671,1.543,8.81e-5
NPTX2,ENSG00000106236,1.253057545,7.77038e-4,1.826293765,0.009017993,1.54,7.77038e-4
RUNX2,ENSG00000124813,1.442914772,1.22e-9,1.634641851,4.39e-5,1.539,1.22e-9
PIF1,ENSG00000140451,1.532489535,8.89e-9,1.546130348,0.043054421,1.539,8.89e-9
SYCP2,ENSG00000196074,1.548979808,5.9e-7,1.514544003,0.027975794,1.532,5.9e-7
MYBL1,ENSG00000185697,1.171457781,5.82e-6,1.87441675,0.004897823,1.523,5.82e-6
SLC52A2,ENSG00000185803,1.544907215,5.49e-17,1.499195867,6.54488e-4,1.522,5.49e-17
MICB,ENSG00000204516,1.522447998,6.77e-12,1.500519595,0.007740657,1.511,6.77e-12
FLVCR1,ENSG00000162769,1.711238541,8.069999999999999e-32,1.308221899,0.029487923,1.51,8.069999999999999e-32
NUP210,ENSG00000132182,1.745653369,4.94e-16,1.264392444,0.004523104,1.505,4.94e-16
LRP8,ENSG00000157193,1.262496298,3.04e-6,1.741683532,0.029390356,1.502,3.04e-6
PDCD1,ENSG00000188389,1.077344386,0.005081975,1.925824244,0.019792529,1.502,0.005081975
RELL2,ENSG00000164620,1.409451533,4.21e-7,1.580221763,6.83264e-4,1.495,4.21e-7
HMGA1,ENSG00000137309,1.547188555,8.26e-12,1.439914839,0.005420446,1.494,8.26e-12
LOXL1,ENSG00000129038,1.629367537,4.01e-11,1.349592623,0.003731321,1.489,4.01e-11
CMPK2,ENSG00000134326,1.145605028,1.64567e-4,1.826641869,0.034031153,1.486,1.64567e-4
RUSC1,ENSG00000160753,1.633073264,6.749999999999999e-30,1.330926215,1.52709e-4,1.482,6.749999999999999e-30
SLC39A11,ENSG00000133195,1.540854233,2.59e-13,1.41503005,0.019567698,1.478,2.59e-13
KIF24,ENSG00000186638,1.685207665,7.04e-28,1.265968321,0.024998338,1.476,7.04e-28
TTYH3,ENSG00000136295,1.099697197,3.79e-9,1.850091749,0.001934317,1.475,3.79e-9
RAI14,ENSG00000039560,1.035668589,4.29e-10,1.909922236,9.42064e-4,1.473,4.29e-10
NME1,ENSG00000239672,1.593747099,8.22e-18,1.339986237,0.006902102,1.467,8.22e-18
MICAL2,ENSG00000133816,1.673138559,1.63e-17,1.253369253,0.006454265,1.463,1.63e-17
STX1A,ENSG00000106089,1.569930162,1.81e-10,1.34901953,0.036807071,1.459,1.81e-10
EDIL3,ENSG00000164176,1.097217037,9.22322e-4,1.819777538,0.001850282,1.458,9.22322e-4
CHST11,ENSG00000171310,1.146905085,3.41e-9,1.763254942,5.44e-5,1.455,3.41e-9
RNASEH2A,ENSG00000104889,1.53100656,3.71876e-4,1.378420191,0.017468849,1.455,3.71876e-4
PACC1,ENSG00000065600,1.145868165,2.83e-22,1.752888316,0.00109175,1.449,2.83e-22
CDC7,ENSG00000097046,1.289764809,5.62e-11,1.602056285,1.68e-5,1.446,5.62e-11
IFITM1,ENSG00000185885,1.619455872,8.45e-8,1.27208176,0.047020795,1.446,8.45e-8
CDK5,ENSG00000164885,1.292192117,5.87e-20,1.598268726,0.007893156,1.445,5.87e-20
BST2,ENSG00000130303,1.549260448,1.4e-7,1.339434412,0.039512063,1.444,1.4e-7
CDKN2B-AS1,ENSG00000240498,1.696036838,2.52e-12,1.184740632,0.006054833,1.44,2.52e-12
C21orf58,ENSG00000160298,1.488265761,2.92e-15,1.387027411,0.034038976,1.438,2.92e-15
RTKN2,ENSG00000182010,1.680473276,8.06e-13,1.194106183,0.002961248,1.437,8.06e-13
SUGCT,ENSG00000175600,1.320198966,3.41e-7,1.549184543,1.64886e-4,1.435,3.41e-7
CHTF18,ENSG00000127586,1.70518636,2.35e-12,1.157484027,0.00674996,1.431,2.35e-12
COL6A3,ENSG00000163359,1.095775694,3.66e-5,1.760329141,0.028925486,1.428,3.66e-5
GFUS,ENSG00000104522,1.755427406,1.75e-21,1.083486287,0.033218881,1.419,1.75e-21
AEBP1,ENSG00000106624,1.510571358,1.38e-9,1.325823644,0.023324184,1.418,1.38e-9
CHPF,ENSG00000123989,1.296170641,3.61e-15,1.527907255,6.30291e-4,1.412,3.61e-15
CKAP4,ENSG00000136026,1.196568659,2.23e-18,1.622486079,0.021650754,1.41,2.23e-18
FKBP10,ENSG00000141756,1.304841043,1.12e-9,1.511220639,0.009008177,1.408,1.12e-9
S100A11,ENSG00000163191,1.256471669,7.67e-9,1.546399801,0.001090464,1.401,7.67e-9
DONSON,ENSG00000159147,1.252281446,3.35e-16,1.546030363,0.002062316,1.399,3.35e-16
DDX39A,ENSG00000123136,1.390144734,6.06e-18,1.406051998,0.025995992,1.398,6.06e-18
EIF4EBP1,ENSG00000187840,1.270356771,5.33e-7,1.516158255,0.033927709,1.393,5.33e-7
TYMS,ENSG00000176890,1.607528751,2.48e-11,1.17640262,0.002042033,1.392,2.48e-11
PARPBP,ENSG00000185480,1.551622057,3.3700000000000003e-22,1.211219393,0.014910498,1.381,3.3700000000000003e-22
WDHD1,ENSG00000198554,1.444326768,5.34e-18,1.316506104,5.06e-5,1.38,5.34e-18
LINC00298,ENSG00000235665,1.148895208,0.004240688,1.601700196,0.02628918,1.375,0.004240688
ZNF726,ENSG00000213967,1.20450278,3.89e-9,1.541833465,0.002647732,1.373,3.89e-9
RASGRP1,ENSG00000172575,1.486967179,1.77e-6,1.24324405,0.002562913,1.365,1.77e-6
PGAP6,ENSG00000129925,1.278153075,1.13e-15,1.447735448,0.003424292,1.363,1.13e-15
NFE2L3,ENSG00000050344,1.087086456,2.55e-7,1.63644633,0.001033125,1.362,2.55e-7
MTHFD2,ENSG00000065911,1.486699521,3.42e-19,1.22406597,0.002352524,1.355,3.42e-19
ACOT7,ENSG00000097021,1.460635197,1.98e-12,1.247570819,0.04098237,1.354,1.98e-12
BCL9,ENSG00000116128,1.504736218,4.0699999999999995e-30,1.190821934,0.007437156,1.348,4.0699999999999995e-30
MAGED1,ENSG00000179222,1.023368177,7.52e-13,1.660207062,0.003457307,1.342,7.52e-13
TUBG1,ENSG00000131462,1.049785785,4.76e-12,1.612475726,0.001100154,1.331,4.76e-12
CTSD,ENSG00000117984,1.161992969,3.07e-6,1.495254136,0.008487316,1.329,3.07e-6
PSMB9,ENSG00000240065,1.050143015,3.98e-5,1.575797068,0.004632659,1.313,3.98e-5
IER3,ENSG00000137331,1.081952923,8.61e-5,1.543115462,0.049068405,1.313,8.61e-5
GLIS2,ENSG00000126603,1.203284033,3.69e-11,1.41611508,0.023925498,1.31,3.69e-11
NACC1,ENSG00000160877,1.53526963,3.42e-22,1.074285029,0.012984264,1.305,3.42e-22
MXD3,ENSG00000213347,1.437626321,1.82e-9,1.170302132,0.021220515,1.304,1.82e-9
DBF4,ENSG00000006634,1.201409362,1.76e-16,1.405546454,0.003793452,1.303,1.76e-16
WDR76,ENSG00000092470,1.29022686,1.31e-14,1.311649187,0.004358544,1.301,1.31e-14
PSME2,ENSG00000100911,1.537548658,2.81e-14,1.063319771,0.001407525,1.3,2.81e-14
TCF19,ENSG00000137310,1.293289201,4.19e-15,1.29072508,0.035679056,1.292,4.19e-15
HELZ2,ENSG00000130589,1.35422665,2.2e-9,1.225679353,0.00178972,1.29,2.2e-9
BCL3,ENSG00000069399,1.056174636,5.32e-9,1.519854213,0.008927993,1.288,5.32e-9
BRCA1,ENSG00000012048,1.072176857,3.18e-9,1.486913481,0.002721444,1.28,3.18e-9
CDK5R1,ENSG00000176749,1.391876879,4.42e-8,1.168748396,0.005181264,1.28,4.42e-8
SMC4,ENSG00000113810,1.469392666,2.67e-14,1.087040343,0.030560888,1.278,2.67e-14
HGH1,ENSG00000235173,1.304882152,8.88e-16,1.247364245,3.0175e-4,1.276,8.88e-16
PDIA4,ENSG00000155660,1.178024535,2.59e-17,1.368187434,0.044366816,1.273,2.59e-17
TNFRSF4,ENSG00000186827,1.090473873,7.41e-6,1.455380314,0.044366816,1.273,7.41e-6
ABRACL,ENSG00000146386,1.297131394,7.81e-10,1.240631473,0.038339714,1.269,7.81e-10
ADAMTS7,ENSG00000136378,1.188103122,5.8e-7,1.34896474,0.023481696,1.269,5.8e-7
BRCA2,ENSG00000139618,1.371003394,7.55e-11,1.165556158,0.042398964,1.268,7.55e-11
UBE2L6,ENSG00000156587,1.418966216,2.87e-9,1.114196908,0.013983273,1.267,2.87e-9
PARP1,ENSG00000143799,1.232552048,1.19e-18,1.300341571,1.86e-5,1.266,1.19e-18
CKAP2,ENSG00000136108,1.13874624,1.76e-12,1.383385164,0.00176856,1.261,1.76e-12
SFRP2,ENSG00000145423,1.326800376,1.56e-5,1.182702764,0.009004365,1.255,1.56e-5
FLAD1,ENSG00000160688,1.253176095,1.27e-26,1.252117269,6.06136e-4,1.253,1.27e-26
RCC1,ENSG00000180198,1.394789825,8.53e-13,1.097793222,0.001951383,1.246,8.53e-13
SCO2,ENSG00000284194,1.279121843,0.004156404,1.1972908310000001,0.028286353,1.238,0.004156404
NUDT1,ENSG00000106268,1.079571546,8.08e-11,1.379456923,0.027402101,1.23,8.08e-11
RAP2C,ENSG00000123728,1.27044169,2.02e-14,1.177222279,8.84379e-4,1.224,2.02e-14
FANCD2,ENSG00000144554,1.307236433,7.03e-13,1.138190876,9.35662e-4,1.223,7.03e-13
CLTC,ENSG00000141367,1.37775243,4.6e-9,1.067357091,0.032296865,1.223,4.6e-9
ATP6AP1,ENSG00000071553,1.323347953,7.05e-24,1.115866089,0.001380915,1.22,7.05e-24
CENPL,ENSG00000120334,1.295478487,2.5600000000000003e-22,1.142460326,0.010783643,1.219,2.5600000000000003e-22
PPT1,ENSG00000131238,1.061556916,3.68e-8,1.366306739,0.002375902,1.214,3.68e-8
SLC20A1,ENSG00000144136,1.173045934,1.2199999999999999e-23,1.24038502,0.003842994,1.207,1.2199999999999999e-23
BOP1,ENSG00000261236,1.100274987,6.02e-8,1.3122617,0.03595082,1.206,6.02e-8
SDSL,ENSG00000139410,1.178146594,4.64e-8,1.22528962,0.047461581,1.202,4.64e-8
CFL1,ENSG00000172757,1.141575872,4.16e-18,1.257037186,0.015600216,1.199,4.16e-18
LRWD1,ENSG00000161036,1.158335522,1.37e-14,1.24011508,0.015910435,1.199,1.37e-14
TDRKH,ENSG00000182134,1.083319421,1.07e-20,1.312960069,1.75e-5,1.198,1.07e-20
CENPO,ENSG00000138092,1.120499327,1.1799999999999999e-23,1.267276874,0.004863189,1.194,1.1799999999999999e-23
SULF2,ENSG00000196562,1.185816138,5.84e-11,1.200503835,6.07776e-4,1.193,5.84e-11
RMI1,ENSG00000178966,1.345065423,3.48e-23,1.038089606,0.001268908,1.192,3.48e-23
ASPHD2,ENSG00000128203,1.095208916,5.86e-8,1.27588534,0.005047713,1.186,5.86e-8
PARP10,ENSG00000178685,1.270282969,1.63e-7,1.097826989,0.020889489,1.184,1.63e-7
ISG20,ENSG00000172183,1.092117633,3.82e-6,1.274639381,0.005998056,1.183,3.82e-6
GK,ENSG00000198814,1.126348818,4.29e-13,1.231839243,1.16544e-4,1.179,4.29e-13
KNTC1,ENSG00000184445,1.122986305,1.68e-17,1.232534683,4.87446e-4,1.178,1.68e-17
ODF2,ENSG00000136811,1.283411292,3.0000000000000003e-21,1.067810882,6.68e-6,1.176,3.0000000000000003e-21
INTS7,ENSG00000143493,1.334648277,3.29e-22,1.002739402,0.005106187,1.169,3.29e-22
SLC35A2,ENSG00000102100,1.307208913,3.97e-33,1.029244736,0.013194476,1.168,3.97e-33
ENAH,ENSG00000154380,1.043539458,9.4e-14,1.283581839,0.005636877,1.164,9.4e-14
CTPS1,ENSG00000171793,1.139855102,1e-12,1.185971995,0.031657362,1.163,1e-12
ENTPD7,ENSG00000198018,1.136004764,3.94e-15,1.187658974,4.61e-6,1.162,3.94e-15
SMIM29,ENSG00000186577,1.218623036,4.35e-13,1.104145034,0.02401229,1.161,4.35e-13
IFIH1,ENSG00000115267,1.065550258,1.6e-5,1.24580013,0.008798645,1.156,1.6e-5
COL8A2,ENSG00000171812,1.068071665,4.95e-5,1.239606106,0.013225253,1.154,4.95e-5
ABCC5,ENSG00000114770,1.132206054,3.31e-10,1.171952905,7.0485e-4,1.152,3.31e-10
PGP,ENSG00000184207,1.143594001,9.08e-8,1.14573823,0.00277033,1.145,9.08e-8
ARID3A,ENSG00000116017,1.005196859,3.67e-8,1.276496147,0.036184829,1.141,3.67e-8
SAMD1,ENSG00000141858,1.272801478,5.04e-17,1.003939934,0.02089579,1.138,5.04e-17
SLC27A4,ENSG00000167114,1.131560275,6.1e-13,1.143805285,1.43672e-4,1.138,6.1e-13
TFRC,ENSG00000072274,1.047553276,1.29e-5,1.218044753,3.32661e-4,1.133,1.29e-5
BLNK,ENSG00000095585,1.126830524,1.48e-7,1.134336296,0.004863189,1.131,1.48e-7
BAX,ENSG00000087088,1.129440911,9.21e-15,1.128937819,0.017057132,1.129,9.21e-15
ZNF668,ENSG00000167394,1.045051777,5.17e-15,1.210994012,8.05731e-4,1.128,5.17e-15
SP110,ENSG00000135899,1.035766453,9.08e-7,1.217565887,0.004005575,1.127,9.08e-7
DNMT1,ENSG00000130816,1.086966085,9.91e-17,1.164680406,0.015448443,1.126,9.91e-17
BAK1,ENSG00000030110,1.15089197,1.71e-11,1.097697035,0.017708104,1.124,1.71e-11
SEPHS2,ENSG00000179918,1.220840529,2.93e-19,1.024081537,0.001173187,1.122,2.93e-19
MICALL2,ENSG00000164877,1.023267235,3.37e-5,1.219908772,0.043140225,1.122,3.37e-5
SEMA3F,ENSG00000001617,1.132399522,1.73e-12,1.10565167,0.002467656,1.119,1.73e-12
PASK,ENSG00000115687,1.204582041,1.27e-10,1.02576281,0.047461581,1.115,1.27e-10
HYAL3,ENSG00000186792,1.15880264,1.38e-8,1.070123389,0.037718534,1.114,1.38e-8
MCM6,ENSG00000076003,1.124331854,9.15e-13,1.100266768,3.60823e-4,1.112,9.15e-13
FANCB,ENSG00000181544,1.003938504,5.01e-7,1.210251128,0.001897842,1.107,5.01e-7
SYNGR2,ENSG00000108639,1.006307174,1.94e-11,1.199426995,0.004815774,1.103,1.94e-11
SLC25A39,ENSG00000013306,1.037367189,2.48e-13,1.155440366,0.039543814,1.096,2.48e-13
LBX2-AS1,ENSG00000257702,1.185967763,5.37e-8,1.006507051,0.026723626,1.096,5.37e-8
TMSB10,ENSG00000034510,1.035202016,3.11e-8,1.154324305,0.031450858,1.095,3.11e-8
LPAR2,ENSG00000064547,1.007345374,7.13e-7,1.138508473,9.10613e-4,1.073,7.13e-7
PCK2,ENSG00000100889,1.072785778,2.6e-8,1.066477448,0.009005792,1.07,2.6e-8
TOR3A,ENSG00000186283,1.021871807,5.78e-18,1.100991855,3.77816e-4,1.061,5.78e-18
RCC2,ENSG00000179051,1.102321759,7.36e-16,1.004751659,0.023210348,1.054,7.36e-16
ADAR,ENSG00000160710,1.072417298,3.36e-16,1.022412771,0.002875082,1.047,3.36e-16
CD276,ENSG00000103855,1.0477354,5.15e-16,1.0387505,0.02815604,1.043,5.15e-16
POLD4,ENSG00000175482,1.010843162,2.35e-7,1.031652373,0.031235217,1.021,2.35e-7
