symbol,subtype,mean_expr
ABCC5,Basal-like,1049.9611773195877
ABCC5,HER2-enriched,1500.9933431034483
ABCC5,Luminal A,1595.39758008658
ABCC5,Luminal B,2347.423142519685
ABCC5,Normal-like,944.1261000000001
ACAN,Basal-like,386.2462144329897
ACAN,HER2-enriched,79.33927413793103
ACAN,Luminal A,92.34822294372294
ACAN,Luminal B,79.76284015748031
ACAN,Normal-like,112.39295
ACOT7,Basal-like,787.3810680412371
ACOT7,HER2-enriched,810.25745
ACOT7,Luminal A,481.0276380952381
ACOT7,Luminal B,748.1927307086614
ACOT7,Normal-like,1029.016525
ADAM19,Basal-like,711.0620443298969
ADAM19,HER2-enriched,623.4388241379311
ADAM19,Luminal A,453.33737056277056
ADAM19,Luminal B,455.378062992126
ADAM19,Normal-like,429.8638875
ADAM8,Basal-like,504.12120721649484
ADAM8,HER2-enriched,497.0914620689655
ADAM8,Luminal A,344.2809753246753
ADAM8,Luminal B,446.9777110236221
ADAM8,Normal-like,367.3629625
ADAMDEC1,Basal-like,413.10544020618556
ADAMDEC1,HER2-enriched,264.0610275862069
ADAMDEC1,Luminal A,99.41534415584415
ADAMDEC1,Luminal B,215.92214881889763
ADAMDEC1,Normal-like,598.2046750000001
ADAMTS14,Basal-like,93.24573092783506
ADAMTS14,HER2-enriched,132.01305862068966
ADAMTS14,Luminal A,141.25825151515153
ADAMTS14,Luminal B,111.16460708661417
ADAMTS14,Normal-like,94.308
ADAMTS20,Basal-like,1.6131917525773196
ADAMTS20,HER2-enriched,1.6988206896551725
ADAMTS20,Luminal A,1.7225450216450215
ADAMTS20,Luminal B,3.6202653543307086
ADAMTS20,Normal-like,0.12436250000000001
ADAMTS7,Basal-like,229.64721855670103
ADAMTS7,HER2-enriched,220.89449655172413
ADAMTS7,Luminal A,179.88359134199135
ADAMTS7,Luminal B,154.6251937007874
ADAMTS7,Normal-like,116.8464
ADAMTSL2,Basal-like,110.23987319587629
ADAMTSL2,HER2-enriched,181.43738448275863
ADAMTSL2,Luminal A,208.65781515151514
ADAMTSL2,Luminal B,149.66962598425198
ADAMTSL2,Normal-like,141.1870375
ADORA2A,Basal-like,220.21871958762887
ADORA2A,HER2-enriched,300.5157948275862
ADORA2A,Luminal A,398.65497792207793
ADORA2A,Luminal B,368.67900708661415
ADORA2A,Normal-like,332.5785375
AEBP1,Basal-like,8966.320119587628
AEBP1,HER2-enriched,18701.11814310345
AEBP1,Luminal A,18318.561786580085
AEBP1,Luminal B,13137.783410236221
AEBP1,Normal-like,12623.0206
AIM2,Basal-like,89.01213402061856
AIM2,HER2-enriched,76.18149655172414
AIM2,Luminal A,20.561409523809523
AIM2,Luminal B,29.716725196850394
AIM2,Normal-like,50.6871
ANKRD22,Basal-like,292.594781443299
ANKRD22,HER2-enriched,336.88687586206896
ANKRD22,Luminal A,207.5907025974026
ANKRD22,Luminal B,232.17639212598425
ANKRD22,Normal-like,275.644625
ANLN,Basal-like,2110.8734402061855
ANLN,HER2-enriched,1403.8499
ANLN,Luminal A,495.3494147186147
ANLN,Luminal B,1130.8831393700787
ANLN,Normal-like,578.6573375
APOBEC3H,Basal-like,13.946244329896908
APOBEC3H,HER2-enriched,11.00351724137931
APOBEC3H,Luminal A,7.617705627705628
APOBEC3H,Luminal B,8.312425196850393
APOBEC3H,Normal-like,16.946550000000002
ARHGAP11A,Basal-like,836.6455041237114
ARHGAP11A,HER2-enriched,576.8605137931035
ARHGAP11A,Luminal A,291.81283593073596
ARHGAP11A,Luminal B,683.1699511811024
ARHGAP11A,Normal-like,368.5256375
ARSI,Basal-like,94.29448556701031
ARSI,HER2-enriched,107.74913620689655
ARSI,Luminal A,105.8583683982684
ARSI,Luminal B,64.32906692913386
ARSI,Normal-like,58.9108
ARTN,Basal-like,79.63030103092784
ARTN,HER2-enriched,41.83726551724138
ARTN,Luminal A,82.46976406926407
ARTN,Luminal B,74.73684330708662
ARTN,Normal-like,49.2546375
ASF1B,Basal-like,866.6427731958763
ASF1B,HER2-enriched,786.2271431034483
ASF1B,Luminal A,403.34067835497837
ASF1B,Luminal B,779.1492700787402
ASF1B,Normal-like,822.217025
ASPHD2,Basal-like,89.05032680412371
ASPHD2,HER2-enriched,101.16900689655172
ASPHD2,Luminal A,91.2295909090909
ASPHD2,Luminal B,104.8417874015748
ASPHD2,Normal-like,87.597725
ASPM,Basal-like,1499.3986134020618
ASPM,HER2-enriched,946.3656
ASPM,Luminal A,380.4732445887446
ASPM,Luminal B,968.0718700787402
ASPM,Normal-like,456.4471625
ASPN,Basal-like,926.6941041237113
ASPN,HER2-enriched,2083.279431034483
ASPN,Luminal A,3479.63386017316
ASPN,Luminal B,1599.930888976378
ASPN,Normal-like,1303.9014375
ATAD2,Basal-like,3014.9529804123713
ATAD2,HER2-enriched,2090.4773637931035
ATAD2,Luminal A,1286.8401220779222
ATAD2,Luminal B,2978.2593417322837
ATAD2,Normal-like,1692.771
ATP6AP1,Basal-like,4722.015315463917
ATP6AP1,HER2-enriched,6240.874677586207
ATP6AP1,Luminal A,6678.568876190476
ATP6AP1,Luminal B,7454.52090472441
ATP6AP1,Normal-like,6399.7183375
AURKA,Basal-like,921.5554886597938
AURKA,HER2-enriched,843.4665724137931
AURKA,Luminal A,302.9159225108225
AURKA,Luminal B,839.4858062992126
AURKA,Normal-like,695.4812999999999
AURKB,Basal-like,568.0716618556701
AURKB,HER2-enriched,311.76852931034483
AURKB,Luminal A,107.74393766233766
AURKB,Luminal B,284.3889724409449
AURKB,Normal-like,217.980525
B4GALNT4,Basal-like,505.11736288659796
B4GALNT4,HER2-enriched,355.9587482758621
B4GALNT4,Luminal A,499.51568225108224
B4GALNT4,Luminal B,552.8866062992126
B4GALNT4,Normal-like,358.883275
BAX,Basal-like,737.337156701031
BAX,HER2-enriched,597.6036
BAX,Luminal A,533.3226774891775
BAX,Luminal B,616.7881480314961
BAX,Normal-like,660.426975
BCL3,Basal-like,1133.8380154639176
BCL3,HER2-enriched,1281.188920689655
BCL3,Luminal A,1186.7928411255411
BCL3,Luminal B,1067.0908125984251
BCL3,Normal-like,1809.8283125
BCL9,Basal-like,1308.311369072165
BCL9,HER2-enriched,1245.6744827586206
BCL9,Luminal A,1611.3037874458873
BCL9,Luminal B,1418.9538992125983
BCL9,Normal-like,699.2810875
BGN,Basal-like,15537.561102061856
BGN,HER2-enriched,16309.692620689655
BGN,Luminal A,17654.34890735931
BGN,Luminal B,11692.310599212598
BGN,Normal-like,16957.2685125
BIRC5,Basal-like,985.55147216494845
BIRC5,HER2-enriched,590.9530965517241
BIRC5,Luminal A,230.19490476190475
BIRC5,Luminal B,715.360579527559
BIRC5,Normal-like,677.119625
BLM,Basal-like,432.89563402061856
BLM,HER2-enriched,256.36844655172416
BLM,Luminal A,121.14431385281385
BLM,Luminal B,270.1006433070866
BLM,Normal-like,232.0493625
BMP8A,Basal-like,227.5079793814433
BMP8A,HER2-enriched,361.79556551724136
BMP8A,Luminal A,317.8042
BMP8A,Luminal B,344.80792047244097
BMP8A,Normal-like,141.2317125
BMP8B,Basal-like,122.46638969072166
BMP8B,HER2-enriched,141.93171551724137
BMP8B,Luminal A,102.95967359307359
BMP8B,Luminal B,135.3166535433071
BMP8B,Normal-like,29.6685625
BOP1,Basal-like,772.1356515463917
BOP1,HER2-enriched,416.24467931034485
BOP1,Luminal A,281.57740735930736
BOP1,Luminal B,420.5210866141732
BOP1,Normal-like,412.188875
BRCA1,Basal-like,446.35266907216493
BRCA1,HER2-enriched,475.24919655172414
BRCA1,Luminal A,356.4616294372294
BRCA1,Luminal B,641.6488921259843
BRCA1,Normal-like,198.47295
BRCA2,Basal-like,317.7589835051546
BRCA2,HER2-enriched,270.3208655172414
BRCA2,Luminal A,136.95357619047618
BRCA2,Luminal B,249.62214015748032
BRCA2,Normal-like,137.9625625
BRIP1,Basal-like,245.41126701030927
BRIP1,HER2-enriched,199.24954482758622
BRIP1,Luminal A,117.08001991341992
BRIP1,Luminal B,254.19607716535432
BRIP1,Normal-like,49.857075
BST2,Basal-like,3011.388763917526
BST2,HER2-enriched,3966.6453931034484
BST2,Luminal A,3924.5467645021645
BST2,Luminal B,5058.207194488189
BST2,Normal-like,4650.9561875
BUB1,Basal-like,1257.9198855670104
BUB1,HER2-enriched,748.3193844827587
BUB1,Luminal A,300.3129909090909
BUB1,Luminal B,705.9558866141732
BUB1,Normal-like,344.4689
BUB1B,Basal-like,800.8520391752577
BUB1B,HER2-enriched,626.3932172413793
BUB1B,Luminal A,271.5888502164502
BUB1B,Luminal B,631.4881362204725
BUB1B,Normal-like,327.765025
C1QTNF6,Basal-like,579.1835329896908
C1QTNF6,HER2-enriched,914.1529034482759
C1QTNF6,Luminal A,1118.7372991341992
C1QTNF6,Luminal B,754.1072440944882
C1QTNF6,Normal-like,710.7163875
C21orf58,Basal-like,179.74404226804123
C21orf58,HER2-enriched,134.83602586206896
C21orf58,Luminal A,92.6367909090909
C21orf58,Luminal B,181.72565196850394
C21orf58,Normal-like,116.2670375
CACNA1E,Basal-like,11.44610206185567
CACNA1E,HER2-enriched,5.9427362068965515
CACNA1E,Luminal A,5.306690909090909
CACNA1E,Luminal B,3.8902244094488188
CACNA1E,Normal-like,4.6548125
CADPS,Basal-like,7.454441237113402
CADPS,HER2-enriched,5.956758620689655
CADPS,Luminal A,13.77078961038961
CADPS,Luminal B,10.063915748031496
CADPS,Normal-like,62.471875
CALCA,Basal-like,39.49232474226804
CALCA,HER2-enriched,0.7711741379310345
CALCA,Luminal A,0.4147021645021645
CALCA,Luminal B,0.7415464566929134
CALCA,Normal-like,0.7780875
CATSPER1,Basal-like,4.372052577319588
CATSPER1,HER2-enriched,3.9050344827586208
CATSPER1,Luminal A,4.139140692640693
CATSPER1,Luminal B,3.6370629921259843
CATSPER1,Normal-like,7.2754
CBLN2,Basal-like,27.893417525773195
CBLN2,HER2-enriched,94.30386379310345
CBLN2,Luminal A,583.1297523809524
CBLN2,Luminal B,395.94678818897637
CBLN2,Normal-like,190.3277
CBS,Basal-like,1097.5379515463917
CBS,HER2-enriched,387.19660862068963
CBS,Luminal A,207.33257705627705
CBS,Luminal B,423.58755826771653
CBS,Normal-like,390.396525
CBX2,Basal-like,1152.4302731958762
CBX2,HER2-enriched,1034.9385206896552
CBX2,Luminal A,216.10426796536797
CBX2,Luminal B,543.8631960629921
CBX2,Normal-like,449.72544999999997
CCDC78,Basal-like,36.56318041237113
CCDC78,HER2-enriched,120.08152758620689
CCDC78,Luminal A,117.57279004329004
CCDC78,Luminal B,147.79425433070867
CCDC78,Normal-like,257.036825
CCDC87,Basal-like,19.21832268041237
CCDC87,HER2-enriched,58.80430689655172
CCDC87,Luminal A,48.57477662337662
CCDC87,Luminal B,58.061179527559055
CCDC87,Normal-like,29.244037499999997
CCL11,Basal-like,29.819822680412372
CCL11,HER2-enriched,75.08057413793104
CCL11,Luminal A,26.654683982683984
CCL11,Luminal B,21.049990551181104
CCL11,Normal-like,48.512412499999996
CCNA2,Basal-like,1128.7787350515464
CCNA2,HER2-enriched,705.2396155172414
CCNA2,Luminal A,292.8822251082251
CCNA2,Luminal B,698.0144763779527
CCNA2,Normal-like,384.0821625
CCNB1,Basal-like,1605.4119907216495
CCNB1,HER2-enriched,1524.1907793103449
CCNB1,Luminal A,744.4416173160173
CCNB1,Luminal B,1517.6934692913385
CCNB1,Normal-like,949.0090625
CCNB2,Basal-like,1085.481656701031
CCNB2,HER2-enriched,701.8920413793104
CCNB2,Luminal A,279.91426190476193
CCNB2,Luminal B,642.9059897637795
CCNB2,Normal-like,573.5091875
CCNE1,Basal-like,499.25358041237115
CCNE1,HER2-enriched,154.8307051724138
CCNE1,Luminal A,67.2838051948052
CCNE1,Luminal B,96.73733937007874
CCNE1,Normal-like,64.53725
CCNE2,Basal-like,473.86034329896904
CCNE2,HER2-enriched,523.1635172413793
CCNE2,Luminal A,179.39991471861472
CCNE2,Luminal B,503.04481811023624
CCNE2,Normal-like,196.39339999999999
CCNF,Basal-like,817.6118948453608
CCNF,HER2-enriched,811.9899137931035
CCNF,Luminal A,525.378145021645
CCNF,Luminal B,842.3189173228346
CCNF,Normal-like,505.32435
CCR8,Basal-like,18.653738144329896
CCR8,HER2-enriched,32.35051724137931
CCR8,Luminal A,10.906858874458875
CCR8,Luminal B,17.433861417322834
CCR8,Normal-like,15.8168
CD24,Basal-like,41503.26079690722
CD24,HER2-enriched,64019.95505689655
CD24,Luminal A,23428.5891004329
CD24,Luminal B,31946.346266929133
CD24,Normal-like,14902.15965
CD80,Basal-like,45.71920824742268
CD80,HER2-enriched,42.73076034482759
CD80,Luminal A,23.264406926406927
CD80,Luminal B,33.45613700787401
CD80,Normal-like,26.769125
CDC20,Basal-like,2012.2895237113403
CDC20,HER2-enriched,986.3894310344828
CDC20,Luminal A,375.5661298701299
CDC20,Luminal B,804.6821173228346
CDC20,Normal-like,958.311775
CDC25A,Basal-like,419.4554567010309
CDC25A,HER2-enriched,220.06843448275862
CDC25A,Luminal A,91.93564848484849
CDC25A,Luminal B,208.5716409448819
CDC25A,Normal-like,120.30211249999999
CDC25C,Basal-like,166.29911649484535
CDC25C,HER2-enriched,152.75977931034484
CDC25C,Luminal A,77.28102683982684
CDC25C,Luminal B,184.21671811023623
CDC25C,Normal-like,123.4520125
CDC45,Basal-like,430.2038154639175
CDC45,HER2-enriched,330.1923396551724
CDC45,Luminal A,97.73943333333334
CDC45,Luminal B,260.73273779527557
CDC45,Normal-like,142.484225
CDC6,Basal-like,715.7806288659793
CDC6,HER2-enriched,1689.6173189655171
CDC6,Luminal A,370.71444155844154
CDC6,Luminal B,917.7484204724409
CDC6,Normal-like,409.22396249999997
CDC7,Basal-like,530.7554587628866
CDC7,HER2-enriched,265.7809655172414
CDC7,Luminal A,159.42088787878788
CDC7,Luminal B,297.99476377952755
CDC7,Normal-like,213.318925
CDCA2,Basal-like,600.2564412371134
CDCA2,HER2-enriched,215.41049137931034
CDCA2,Luminal A,98.30847316017316
CDCA2,Luminal B,200.0012496062992
CDCA2,Normal-like,136.4368875
CDCA3,Basal-like,602.3864845360824
CDCA3,HER2-enriched,319.88501379310344
CDCA3,Luminal A,147.66428398268397
CDCA3,Luminal B,318.182668503937
CDCA3,Normal-like,356.3429
CDCA5,Basal-like,1143.1331144329897
CDCA5,HER2-enriched,809.7832586206897
CDCA5,Luminal A,311.9335800865801
CDCA5,Luminal B,763.4404614173228
CDCA5,Normal-like,643.2288374999999
CDCA8,Basal-like,1212.9372051546393
CDCA8,HER2-enriched,597.3375034482758
CDCA8,Luminal A,267.20732857142855
CDCA8,Luminal B,572.7535976377952
CDCA8,Normal-like,510.20075
CDH11,Basal-like,1471.2606123711341
CDH11,HER2-enriched,2796.4433637931033
CDH11,Luminal A,3272.1948484848485
CDH11,Luminal B,2095.3664511811025
CDH11,Normal-like,2247.6825375
CDK1,Basal-like,1654.9703835051546
CDK1,HER2-enriched,1646.1285482758622
CDK1,Luminal A,607.4856748917749
CDK1,Luminal B,1366.0259433070867
CDK1,Normal-like,949.55355
CDK5,Basal-like,394.58006597938146
CDK5,HER2-enriched,311.3812982758621
CDK5,Luminal A,361.60268874458876
CDK5,Luminal B,411.80094803149603
CDK5,Normal-like,440.94275
CDK5R1,Basal-like,183.74574845360826
CDK5R1,HER2-enriched,118.59884827586207
CDK5R1,Luminal A,106.87878658008658
CDK5R1,Luminal B,152.43261338582678
CDK5R1,Normal-like,118.63714999999999
CDKN2A,Basal-like,986.6987144329897
CDKN2A,HER2-enriched,229.88706896551724
CDKN2A,Luminal A,120.60823376623377
CDKN2A,Luminal B,124.66011653543308
CDKN2A,Normal-like,144.1853875
CDKN3,Basal-like,292.2798226804124
CDKN3,HER2-enriched,326.1518379310345
CDKN3,Luminal A,113.98500043290043
CDKN3,Luminal B,251.5183779527559
CDKN3,Normal-like,261.598125
CEACAM6,Basal-like,1112.0618907216494
CEACAM6,HER2-enriched,11315.993775862069
CEACAM6,Luminal A,4583.634075757575
CEACAM6,Luminal B,5061.4673
CEACAM6,Normal-like,1354.8041249999999
CELSR3,Basal-like,247.95936804123713
CELSR3,HER2-enriched,369.6767034482759
CELSR3,Luminal A,231.96566450216451
CELSR3,Luminal B,468.6180094488189
CELSR3,Normal-like,109.0519875
CENPA,Basal-like,397.0892092783505
CENPA,HER2-enriched,194.3794396551724
CENPA,Luminal A,75.57902467532467
CENPA,Luminal B,164.5256251968504
CENPA,Normal-like,129.899025
CENPE,Basal-like,827.8476206185567
CENPE,HER2-enriched,557.0403206896551
CENPE,Luminal A,246.8510813852814
CENPE,Luminal B,605.695774015748
CENPE,Normal-like,389.750025
CENPF,Basal-like,5173.468732989691
CENPF,HER2-enriched,3254.24135
CENPF,Luminal A,1531.2503874458876
CENPF,Luminal B,3336.171783464567
CENPF,Normal-like,2223.0015125
CENPI,Basal-like,155.16528453608248
CENPI,HER2-enriched,110.55541206896552
CENPI,Luminal A,46.300871428571426
CENPI,Luminal B,110.92254803149606
CENPI,Normal-like,35.0818125
CENPK,Basal-like,117.48716185567011
CENPK,HER2-enriched,98.60144310344828
CENPK,Luminal A,64.57037922077922
CENPK,Luminal B,139.53006456692913
CENPK,Normal-like,46.9355
CENPL,Basal-like,365.8152762886598
CENPL,HER2-enriched,289.62417413793105
CENPL,Luminal A,180.18374502164502
CENPL,Luminal B,279.83859842519684
CENPL,Normal-like,179.204475
CENPM,Basal-like,251.7413525773196
CENPM,HER2-enriched,233.6246775862069
CENPM,Luminal A,109.42060043290043
CENPM,Luminal B,230.52573070866143
CENPM,Normal-like,330.10927499999997
CENPO,Basal-like,270.24975670103095
CENPO,HER2-enriched,194.304
CENPO,Luminal A,112.36284415584416
CENPO,Luminal B,185.03346062992125
CENPO,Normal-like,128.9135125
CEP55,Basal-like,1077.4732381443298
CEP55,HER2-enriched,752.6529517241379
CEP55,Luminal A,254.14014025974026
CEP55,Luminal B,591.5426291338582
CEP55,Normal-like,436.8428125
CHEK1,Basal-like,526.0540608247422
CHEK1,HER2-enriched,301.09056034482757
CHEK1,Luminal A,158.67857575757574
CHEK1,Luminal B,271.51742440944884
CHEK1,Normal-like,234.6212625
CHPF,Basal-like,2958.241950515464
CHPF,HER2-enriched,3035.847574137931
CHPF,Luminal A,2672.0875558441558
CHPF,Luminal B,2193.4472433070864
CHPF,Normal-like,2694.3401875
CHRNA6,Basal-like,6.789024742268041
CHRNA6,HER2-enriched,8.669636206896552
CHRNA6,Luminal A,17.50022813852814
CHRNA6,Luminal B,10.093674803149606
CHRNA6,Normal-like,6.3618125
CHST11,Basal-like,287.26719072164946
CHST11,HER2-enriched,221.20432068965516
CHST11,Luminal A,156.1570800865801
CHST11,Luminal B,144.49239763779528
CHST11,Normal-like,194.755575
CHST6,Basal-like,176.81083608247422
CHST6,HER2-enriched,46.23841896551724
CHST6,Luminal A,41.70010086580086
CHST6,Luminal B,27.461378740157482
CHST6,Normal-like,47.807775
CHTF18,Basal-like,404.6788721649485
CHTF18,HER2-enriched,348.63793965517243
CHTF18,Luminal A,282.5233909090909
CHTF18,Luminal B,417.70420472440946
CHTF18,Normal-like,415.1862875
CILP2,Basal-like,196.64447216494844
CILP2,HER2-enriched,261.11285344827587
CILP2,Luminal A,397.0721510822511
CILP2,Luminal B,216.38530157480315
CILP2,Normal-like,265.57315
CIT,Basal-like,733.737212371134
CIT,HER2-enriched,579.51005
CIT,Luminal A,348.49633246753245
CIT,Luminal B,682.3739330708661
CIT,Normal-like,381.8349625
CKAP2,Basal-like,1229.9855721649485
CKAP2,HER2-enriched,986.8763775862069
CKAP2,Luminal A,663.597174025974
CKAP2,Luminal B,985.0040527559055
CKAP2,Normal-like,601.9863875
CKAP2L,Basal-like,369.3686793814433
CKAP2L,HER2-enriched,254.0405
CKAP2L,Luminal A,113.67396493506493
CKAP2L,Luminal B,288.25281338582676
CKAP2L,Normal-like,106.3283875
CKS2,Basal-like,1217.4091432989692
CKS2,HER2-enriched,870.5045758620689
CKS2,Luminal A,497.7155593073593
CKS2,Luminal B,796.0165173228346
CKS2,Normal-like,1244.8377375
CLEC5A,Basal-like,208.12989175257732
CLEC5A,HER2-enriched,82.47046896551724
CLEC5A,Luminal A,156.686870995671
CLEC5A,Luminal B,110.99424803149606
CLEC5A,Normal-like,139.295975
CLSPN,Basal-like,308.73888350515466
CLSPN,HER2-enriched,225.20265689655173
CLSPN,Luminal A,79.21442857142857
CLSPN,Luminal B,220.58208897637795
CLSPN,Normal-like,73.0236125
CMPK2,Basal-like,655.9691783505154
CMPK2,HER2-enriched,391.50273103448274
CMPK2,Luminal A,279.36200216450214
CMPK2,Luminal B,417.405631496063
CMPK2,Normal-like,329.8715625
CNGA3,Basal-like,2.978740206185567
CNGA3,HER2-enriched,7.253348275862069
CNGA3,Luminal A,15.589645887445888
CNGA3,Luminal B,53.437292913385825
CNGA3,Normal-like,70.99965
COL10A1,Basal-like,1337.65843814433
COL10A1,HER2-enriched,3890.560010344828
COL10A1,Luminal A,3979.817348051948
COL10A1,Luminal B,2827.1243850393703
COL10A1,Normal-like,950.7325875
COL11A1,Basal-like,2354.5467742268042
COL11A1,HER2-enriched,6093.472024137931
COL11A1,Luminal A,5334.460454978355
COL11A1,Luminal B,3937.469093700787
COL11A1,Normal-like,1154.2929625
COL12A1,Basal-like,6873.339691752577
COL12A1,HER2-enriched,13658.408581034482
COL12A1,Luminal A,15775.46304978355
COL12A1,Luminal B,11022.759811023621
COL12A1,Normal-like,6342.424975
COL1A1,Basal-like,73475.06811237114
COL1A1,HER2-enriched,145201.79426034482
COL1A1,Luminal A,170063.2516073593
COL1A1,Luminal B,104582.82502440945
COL1A1,Normal-like,109248.23191249999
COL1A2,Basal-like,53227.72709793814
COL1A2,HER2-enriched,107145.9988724138
COL1A2,Luminal A,128619.46172900432
COL1A2,Luminal B,79594.76312677165
COL1A2,Normal-like,72679.7696125
COL22A1,Basal-like,570.6357309278351
COL22A1,HER2-enriched,58.81554482758621
COL22A1,Luminal A,60.57222294372294
COL22A1,Luminal B,38.35544173228347
COL22A1,Normal-like,23.098300000000002
COL3A1,Basal-like,51586.9817113402
COL3A1,HER2-enriched,101064.21687931035
COL3A1,Luminal A,117563.33614632035
COL3A1,Luminal B,72150.26236377953
COL3A1,Normal-like,83725.6228
COL5A1,Basal-like,6177.845573195877
COL5A1,HER2-enriched,11690.607479310345
COL5A1,Luminal A,12249.916026839826
COL5A1,Luminal B,8061.408837795276
COL5A1,Normal-like,7154.06585
COL5A2,Basal-like,6554.7480639175255
COL5A2,HER2-enriched,13143.284389655173
COL5A2,Luminal A,13362.501706926407
COL5A2,Luminal B,9160.112864566929
COL5A2,Normal-like,7435.426425
COMP,Basal-like,1363.4107536082474
COMP,HER2-enriched,2957.1404603448277
COMP,Luminal A,3635.1324493506495
COMP,Luminal B,2212.3916118110237
COMP,Normal-like,1940.9159375000002
CRABP2,Basal-like,11370.252102061855
CRABP2,HER2-enriched,9424.664912068965
CRABP2,Luminal A,10807.50273852814
CRABP2,Luminal B,14721.495600787403
CRABP2,Normal-like,15337.867012499999
CREB3L1,Basal-like,594.0256556701031
CREB3L1,HER2-enriched,2943.422875862069
CREB3L1,Luminal A,1693.1413632034632
CREB3L1,Luminal B,1432.9878543307086
CREB3L1,Normal-like,1300.9771
CST1,Basal-like,248.79753195876287
CST1,HER2-enriched,398.9768413793104
CST1,Luminal A,692.0372121212121
CST1,Luminal B,658.0498133858267
CST1,Normal-like,328.6475375
CST2,Basal-like,12.259974226804124
CST2,HER2-enriched,24.436074137931033
CST2,Luminal A,96.28624891774892
CST2,Luminal B,45.417477165354335
CST2,Normal-like,75.9289375
CST6,Basal-like,95.92744742268042
CST6,HER2-enriched,124.03625344827586
CST6,Luminal A,80.38438268398268
CST6,Luminal B,61.284005511811024
CST6,Normal-like,238.52605
CTHRC1,Basal-like,1852.7086072164948
CTHRC1,HER2-enriched,2362.2255344827586
CTHRC1,Luminal A,2119.557134632035
CTHRC1,Luminal B,1742.3115488188976
CTHRC1,Normal-like,1244.2341375
CTSD,Basal-like,22521.18469484536
CTSD,HER2-enriched,25535.503294827588
CTSD,Luminal A,30213.575434632035
CTSD,Luminal B,28830.379106299213
CTSD,Normal-like,38395.605
CTXN1,Basal-like,494.600593814433
CTXN1,HER2-enriched,456.8605844827586
CTXN1,Luminal A,416.63153982683986
CTXN1,Luminal B,407.11158976377953
CTXN1,Normal-like,488.5208
CXCL10,Basal-like,3095.037812371134
CXCL10,HER2-enriched,1554.634553448276
CXCL10,Luminal A,483.9316025974026
CXCL10,Luminal B,791.1909244094488
CXCL10,Normal-like,723.4433625
CXCL11,Basal-like,786.9294041237114
CXCL11,HER2-enriched,592.4324568965517
CXCL11,Luminal A,161.67477186147187
CXCL11,Luminal B,276.38447952755905
CXCL11,Normal-like,253.77790000000002
CXCL9,Basal-like,4013.8794113402064
CXCL9,HER2-enriched,4374.964484482759
CXCL9,Luminal A,1572.2270935064935
CXCL9,Luminal B,2322.5634377952756
CXCL9,Normal-like,3944.6502375
CXCR3,Basal-like,127.13668969072165
CXCR3,HER2-enriched,120.63039655172413
CXCR3,Luminal A,70.0072632034632
CXCR3,Luminal B,79.66708661417323
CXCR3,Normal-like,194.082675
DBF4,Basal-like,524.4490360824742
DBF4,HER2-enriched,389.7831
DBF4,Luminal A,230.05101212121212
DBF4,Luminal B,353.43422598425195
DBF4,Normal-like,281.86823749999996
DEPDC1,Basal-like,705.660824742268
DEPDC1,HER2-enriched,412.5252017241379
DEPDC1,Luminal A,151.97972380952382
DEPDC1,Luminal B,363.80352362204724
DEPDC1,Normal-like,194.8556625
DEPDC1B,Basal-like,243.1332237113402
DEPDC1B,HER2-enriched,183.93611724137932
DEPDC1B,Luminal A,72.77374675324675
DEPDC1B,Luminal B,179.928131496063
DEPDC1B,Normal-like,105.0122625
DIAPH3,Basal-like,464.52883608247424
DIAPH3,HER2-enriched,235.88278965517242
DIAPH3,Luminal A,118.63253203463204
DIAPH3,Luminal B,265.0558653543307
DIAPH3,Normal-like,102.89995
DLGAP5,Basal-like,759.019906185567
DLGAP5,HER2-enriched,566.2673068965518
DLGAP5,Luminal A,212.35104372294373
DLGAP5,Luminal B,468.0053094488189
DLGAP5,Normal-like,254.2051375
DLX5,Basal-like,206.64333711340205
DLX5,HER2-enriched,26.536929310344828
DLX5,Luminal A,18.029133766233766
DLX5,Luminal B,11.267730708661418
DLX5,Normal-like,14.1983125
DONSON,Basal-like,574.7718721649485
DONSON,HER2-enriched,449.2523586206897
DONSON,Luminal A,212.4544805194805
DONSON,Luminal B,367.3554881889764
DONSON,Normal-like,201.4629375
DPP3,Basal-like,1193.1796278350516
DPP3,HER2-enriched,2057.566455172414
DPP3,Luminal A,1268.8805259740259
DPP3,Luminal B,1696.51038503937
DPP3,Normal-like,1361.27585
DQX1,Basal-like,12.979122680412372
DQX1,HER2-enriched,64.48940862068966
DQX1,Luminal A,29.34374761904762
DQX1,Luminal B,65.6319905511811
DQX1,Normal-like,5.6129875
DTL,Basal-like,875.5937391752577
DTL,HER2-enriched,815.9494396551725
DTL,Luminal A,435.7448324675325
DTL,Luminal B,935.3900708661417
DTL,Normal-like,453.691875
E2F1,Basal-like,766.5531402061856
E2F1,HER2-enriched,583.7796327586207
E2F1,Luminal A,250.8114683982684
E2F1,Luminal B,624.2828897637795
E2F1,Normal-like,352.6899
E2F2,Basal-like,491.21466701030926
E2F2,HER2-enriched,293.23200172413794
E2F2,Luminal A,108.4291683982684
E2F2,Luminal B,250.03795748031496
E2F2,Normal-like,229.697425
E2F7,Basal-like,202.41678969072166
E2F7,HER2-enriched,134.96036896551723
E2F7,Luminal A,67.17966493506493
E2F7,Luminal B,166.20605118110237
E2F7,Normal-like,47.3535125
E2F8,Basal-like,226.0889144329897
E2F8,HER2-enriched,180.82383620689654
E2F8,Luminal A,71.05107229437229
E2F8,Luminal B,235.81113937007873
E2F8,Normal-like,78.5335625
EDN2,Basal-like,280.8467587628866
EDN2,HER2-enriched,170.95390689655173
EDN2,Luminal A,122.27138311688311
EDN2,Luminal B,79.4476968503937
EDN2,Normal-like,141.7007125
EGLN3,Basal-like,785.9618319587629
EGLN3,HER2-enriched,2032.500474137931
EGLN3,Luminal A,946.1403225108226
EGLN3,Luminal B,687.2916330708662
EGLN3,Normal-like,572.8568875
EIF4EBP1,Basal-like,1616.8852907216494
EIF4EBP1,HER2-enriched,1209.3461965517242
EIF4EBP1,Luminal A,754.5902593073594
EIF4EBP1,Luminal B,1051.0996842519685
EIF4EBP1,Normal-like,1626.3342625
EME1,Basal-like,120.23838453608248
EME1,HER2-enriched,191.73282931034484
EME1,Luminal A,62.67073722943723
EME1,Luminal B,164.42332519685039
EME1,Normal-like,97.771075
ENTPD7,Basal-like,541.9820525773196
ENTPD7,HER2-enriched,695.0697689655173
ENTPD7,Luminal A,579.2602943722944
ENTPD7,Luminal B,528.3494803149606
ENTPD7,Normal-like,388.2890125
EPYC,Basal-like,39.69056907216495
EPYC,HER2-enriched,121.67917068965518
EPYC,Luminal A,103.88559783549783
EPYC,Luminal B,87.62347874015748
EPYC,Normal-like,31.8666
ERBB2,Basal-like,5844.239370103092
ERBB2,HER2-enriched,84267.95391206896
ERBB2,Luminal A,10420.256053679654
ERBB2,Luminal B,14682.840881102362
ERBB2,Normal-like,3640.4663875
ERCC6L,Basal-like,269.8211
ERCC6L,HER2-enriched,274.21308620689655
ERCC6L,Luminal A,99.01901645021645
ERCC6L,Luminal B,209.62978267716537
ERCC6L,Normal-like,116.353
ERMN,Basal-like,43.37455463917526
ERMN,HER2-enriched,50.024763793103446
ERMN,Luminal A,41.32460173160173
ERMN,Luminal B,35.65114566929134
ERMN,Normal-like,13.5419
ESCO2,Basal-like,205.3082536082474
ESCO2,HER2-enriched,196.6322827586207
ESCO2,Luminal A,107.26087186147186
ESCO2,Luminal B,237.07989212598426
ESCO2,Normal-like,91.3199375
ESM1,Basal-like,258.69907010309277
ESM1,HER2-enriched,330.44208620689653
ESM1,Luminal A,211.99755887445886
ESM1,Luminal B,211.33041968503937
ESM1,Normal-like,122.3009375
ESPL1,Basal-like,548.0460051546391
ESPL1,HER2-enriched,475.1468913793103
ESPL1,Luminal A,220.50038787878788
ESPL1,Luminal B,611.5039976377952
ESPL1,Normal-like,305.0552375
ETV7,Basal-like,269.8023237113402
ETV7,HER2-enriched,143.20327931034484
ETV7,Luminal A,83.35129480519481
ETV7,Luminal B,116.5135968503937
ETV7,Normal-like,105.8160625
EVPL,Basal-like,1198.4397927835053
EVPL,HER2-enriched,1100.7796310344827
EVPL,Luminal A,993.0785246753247
EVPL,Luminal B,1239.5344141732282
EVPL,Normal-like,1384.960725
EXO1,Basal-like,651.6846
EXO1,HER2-enriched,434.00737586206895
EXO1,Luminal A,148.2873528138528
EXO1,Luminal B,359.42651338582675
EXO1,Normal-like,170.58859999999999
EZH2,Basal-like,961.4361175257732
EZH2,HER2-enriched,533.6849896551724
EZH2,Luminal A,293.8343948051948
EZH2,Luminal B,547.1368464566929
EZH2,Normal-like,338.3352
F12,Basal-like,137.86892886597937
F12,HER2-enriched,157.10759310344827
F12,Luminal A,133.99645757575757
F12,Luminal B,187.15494645669293
F12,Normal-like,116.24714999999999
FAM111B,Basal-like,897.6030711340206
FAM111B,HER2-enriched,1080.6140379310345
FAM111B,Luminal A,306.41648225108224
FAM111B,Luminal B,757.7367385826772
FAM111B,Normal-like,434.3060625
FAM72A,Basal-like,85.12975670103093
FAM72A,HER2-enriched,52.35437413793103
FAM72A,Luminal A,21.88378051948052
FAM72A,Luminal B,54.99782992125984
FAM72A,Normal-like,31.9889625
FAM72D,Basal-like,178.68798453608247
FAM72D,HER2-enriched,91.47886551724137
FAM72D,Luminal A,44.51597056277056
FAM72D,Luminal B,95.81030472440945
FAM72D,Normal-like,54.79685
FAM83D,Basal-like,850.8848845360825
FAM83D,HER2-enriched,646.3293879310345
FAM83D,Luminal A,209.02142727272727
FAM83D,Luminal B,541.2172874015748
FAM83D,Normal-like,212.8489375
FANCA,Basal-like,692.3812989690722
FANCA,HER2-enriched,280.3323068965517
FANCA,Luminal A,139.33686147186148
FANCA,Luminal B,322.95654645669293
FANCA,Normal-like,218.5363375
FANCB,Basal-like,66.09222783505155
FANCB,HER2-enriched,37.76738448275862
FANCB,Luminal A,19.212273593073594
FANCB,Luminal B,38.30735984251969
FANCB,Normal-like,20.97365
FANCD2,Basal-like,677.9647804123712
FANCD2,HER2-enriched,669.0657948275862
FANCD2,Luminal A,365.9145688311688
FANCD2,Luminal B,668.8917598425197
FANCD2,Normal-like,299.1942125
FANCI,Basal-like,1618.9041845360825
FANCI,HER2-enriched,1228.0690948275862
FANCI,Luminal A,756.7266562770562
FANCI,Luminal B,1581.074051968504
FANCI,Normal-like,1188.437875
FBXO43,Basal-like,33.31726907216495
FBXO43,HER2-enriched,19.002358620689655
FBXO43,Luminal A,16.017657575757575
FBXO43,Luminal B,32.00224724409449
FBXO43,Normal-like,34.7628
FCGR1A,Basal-like,181.58705257731958
FCGR1A,HER2-enriched,168.41385344827586
FCGR1A,Luminal A,120.47892943722944
FCGR1A,Luminal B,135.3951692913386
FCGR1A,Normal-like,229.0880625
FCGR3A,Basal-like,2179.1556
FCGR3A,HER2-enriched,2295.608653448276
FCGR3A,Luminal A,1610.48781991342
FCGR3A,Luminal B,1909.881325984252
FCGR3A,Normal-like,2000.8102375
FEN1,Basal-like,1407.79493814433
FEN1,HER2-enriched,1219.6921827586207
FEN1,Luminal A,653.191232034632
FEN1,Luminal B,1128.215090551181
FEN1,Normal-like,896.717675
FER1L6,Basal-like,1.5909752577319587
FER1L6,HER2-enriched,2.8357568965517244
FER1L6,Luminal A,8.675555844155845
FER1L6,Luminal B,8.659096062992125
FER1L6,Normal-like,0.7285125
FKBP10,Basal-like,3049.4485659793813
FKBP10,HER2-enriched,2773.8612155172414
FKBP10,Luminal A,3395.967258874459
FKBP10,Luminal B,3112.1733133858265
FKBP10,Normal-like,2946.8463
FLAD1,Basal-like,1930.417580412371
FLAD1,HER2-enriched,1495.2842344827586
FLAD1,Luminal A,1099.3927705627705
FLAD1,Luminal B,1351.077542519685
FLAD1,Normal-like,1058.5587375
FLVCR1,Basal-like,259.3588793814433
FLVCR1,HER2-enriched,309.0050931034483
FLVCR1,Luminal A,248.20878225108225
FLVCR1,Luminal B,346.13179842519685
FLVCR1,Normal-like,236.8707875
FN1,Basal-like,79005.79344845361
FN1,HER2-enriched,150452.0094948276
FN1,Luminal A,123645.36745800865
FN1,Luminal B,103717.64385275591
FN1,Normal-like,62092.0646125
FNDC1,Basal-like,2070.3135577319586
FNDC1,HER2-enriched,1579.3375586206896
FNDC1,Luminal A,1629.2835025974025
FNDC1,Luminal B,1090.2187173228347
FNDC1,Normal-like,1060.657625
FOXD3,Basal-like,21.485538144329897
FOXD3,HER2-enriched,5.313994827586207
FOXD3,Luminal A,6.60985670995671
FOXD3,Luminal B,9.479426771653543
FOXD3,Normal-like,3.5912125
FOXM1,Basal-like,3100.4092525773194
FOXM1,HER2-enriched,1480.1584862068964
FOXM1,Luminal A,549.9857965367966
FOXM1,Luminal B,1460.466025984252
FOXM1,Normal-like,737.1607125
FOXP3,Basal-like,140.62387731958762
FOXP3,HER2-enriched,148.62626896551726
FOXP3,Luminal A,77.62698398268398
FOXP3,Luminal B,89.99900393700787
FOXP3,Normal-like,146.5226375
FOXS1,Basal-like,44.83253917525773
FOXS1,HER2-enriched,56.67781551724138
FOXS1,Luminal A,71.33669783549783
FOXS1,Luminal B,49.77533149606299
FOXS1,Normal-like,116.5447875
FUT7,Basal-like,25.744380412371132
FUT7,HER2-enriched,16.645641379310344
FUT7,Luminal A,11.700731168831169
FUT7,Luminal B,11.28137874015748
FUT7,Normal-like,25.9884
GABRD,Basal-like,52.31166288659794
GABRD,HER2-enriched,82.838722413793107
GABRD,Luminal A,72.87762597402597
GABRD,Luminal B,81.67366299212598
GABRD,Normal-like,81.7223875
GAL3ST2,Basal-like,4.852520618556701
GAL3ST2,HER2-enriched,76.7783551724138
GAL3ST2,Luminal A,13.394335497835497
GAL3ST2,Luminal B,11.272359842519686
GAL3ST2,Normal-like,6.95685
GALNT5,Basal-like,63.330491752577316
GALNT5,HER2-enriched,129.4605051724138
GALNT5,Luminal A,437.0817437229437
GALNT5,Luminal B,202.25143307086614
GALNT5,Normal-like,104.7235125
GAS2L3,Basal-like,118.92669793814433
GAS2L3,HER2-enriched,79.45395
GAS2L3,Luminal A,41.71105800865801
GAS2L3,Luminal B,92.1288251968504
GAS2L3,Normal-like,47.798875
GBP5,Basal-like,1502.032407216495
GBP5,HER2-enriched,773.1970103448276
GBP5,Luminal A,291.0589415584416
GBP5,Luminal B,557.6930866141732
GBP5,Normal-like,725.4318125
GINS1,Basal-like,670.2751412371134
GINS1,HER2-enriched,565.7674293103448
GINS1,Luminal A,241.39110303030304
GINS1,Luminal B,526.1933732283464
GINS1,Normal-like,290.0746375
GJB2,Basal-like,1066.278193814433
GJB2,HER2-enriched,954.0479379310345
GJB2,Luminal A,1057.356438961039
GJB2,Luminal B,582.9589850393701
GJB2,Normal-like,242.15767499999998
GK,Basal-like,186.6432175257732
GK,HER2-enriched,230.3869775862069
GK,Luminal A,181.12903766233765
GK,Luminal B,195.07997244094489
GK,Normal-like,143.3109375
GPC2,Basal-like,125.63661958762887
GPC2,HER2-enriched,75.68742586206896
GPC2,Luminal A,15.445322077922079
GPC2,Luminal B,36.58396141732283
GPC2,Normal-like,18.219375
GPC4,Basal-like,1021.9407412371135
GPC4,HER2-enriched,1839.2261413793103
GPC4,Luminal A,1485.694893939394
GPC4,Luminal B,1336.655703937008
GPC4,Normal-like,791.0492625
GPR141,Basal-like,11.023468041237113
GPR141,HER2-enriched,20.090370689655174
GPR141,Luminal A,15.35027012987013
GPR141,Luminal B,10.586529133858267
GPR141,Normal-like,12.5317625
GPR68,Basal-like,172.72955670103093
GPR68,HER2-enriched,237.3836827586207
GPR68,Luminal A,275.8637337662338
GPR68,Luminal B,276.6012511811024
GPR68,Normal-like,296.7732125
GPR84,Basal-like,82.7545381443299
GPR84,HER2-enriched,35.33458448275862
GPR84,Luminal A,30.51962987012987
GPR84,Luminal B,33.305176377952755
GPR84,Normal-like,51.388
GPRIN1,Basal-like,338.27542164948454
GPRIN1,HER2-enriched,267.4958
GPRIN1,Luminal A,163.0152909090909
GPRIN1,Luminal B,273.2905409448819
GPRIN1,Normal-like,142.301775
GRIN2D,Basal-like,158.00669072164948
GRIN2D,HER2-enriched,94.91140689655172
GRIN2D,Luminal A,68.53076753246754
GRIN2D,Luminal B,72.10451732283464
GRIN2D,Normal-like,183.71676250000002
GTSE1,Basal-like,523.6799082474226
GTSE1,HER2-enriched,365.03562068965516
GTSE1,Luminal A,131.2189380952381
GTSE1,Luminal B,306.4084614173228
GTSE1,Normal-like,240.0795125
GUCY1B2,Basal-like,11.08330824742268
GUCY1B2,HER2-enriched,17.570179310344827
GUCY1B2,Luminal A,10.526351515151514
GUCY1B2,Luminal B,14.629363779527559
GUCY1B2,Normal-like,4.3903375
HAGHL,Basal-like,89.8031855670103
HAGHL,HER2-enriched,128.29539827586206
HAGHL,Luminal A,182.46431168831168
HAGHL,Luminal B,210.56653307086614
HAGHL,Normal-like,237.323075
HAPLN1,Basal-like,244.72096907216496
HAPLN1,HER2-enriched,184.60267931034483
HAPLN1,Luminal A,63.58468831168831
HAPLN1,Luminal B,107.33387322834646
HAPLN1,Normal-like,17.248562500000002
HELLS,Basal-like,305.9258329896907
HELLS,HER2-enriched,268.1277017241379
HELLS,Luminal A,135.27751818181818
HELLS,Luminal B,259.6910614173228
HELLS,Normal-like,97.7407
HJURP,Basal-like,666.2759082474226
HJURP,HER2-enriched,439.7085431034483
HJURP,Luminal A,172.42358008658007
HJURP,Luminal B,393.58584566929136
HJURP,Normal-like,328.88765
HLA-DQB1,Basal-like,2735.996381443299
HLA-DQB1,HER2-enriched,2445.841774137931
HLA-DQB1,Luminal A,1989.476493073593
HLA-DQB1,Luminal B,2013.0964472440944
HLA-DQB1,Normal-like,2957.25045
HMGA1,Basal-like,4487.156537113402
HMGA1,HER2-enriched,2521.3548603448276
HMGA1,Luminal A,1484.8619489177488
HMGA1,Luminal B,1770.1814897637796
HMGA1,Normal-like,1803.9948375
HMGB3,Basal-like,2407.3021288659793
HMGB3,HER2-enriched,2610.313825862069
HMGB3,Luminal A,1307.1687787878789
HMGB3,Luminal B,1851.2246519685038
HMGB3,Normal-like,1222.8353
HMMR,Basal-like,538.8511670103093
HMMR,HER2-enriched,414.6268224137931
HMMR,Luminal A,204.32485151515152
HMMR,Luminal B,455.0059913385827
HMMR,Normal-like,186.094575
HMX3,Basal-like,2.357784536082474
HMX3,HER2-enriched,2.2651327586206897
HMX3,Luminal A,1.1664
HMX3,Luminal B,3.314903937007874
HMX3,Normal-like,0.2709125
HOTAIR,Basal-like,119.28551443298969
HOTAIR,HER2-enriched,221.00212586206897
HOTAIR,Luminal A,123.1374432900433
HOTAIR,Luminal B,104.91110708661418
HOTAIR,Normal-like,60.702175
HOXC10,Basal-like,567.8514917525773
HOXC10,HER2-enriched,1175.9740672413793
HOXC10,Luminal A,868.8569822510823
HOXC10,Luminal B,961.642251968504
HOXC10,Normal-like,433.613175
HOXC11,Basal-like,109.75392783505154
HOXC11,HER2-enriched,244.02352931034483
HOXC11,Luminal A,136.17946103896105
HOXC11,Luminal B,151.49057952755905
HOXC11,Normal-like,67.87384999999999
HOXC12,Basal-like,9.632444329896908
HOXC12,HER2-enriched,7.906987931034482
HOXC12,Luminal A,5.76688354978355
HOXC12,Luminal B,5.193394488188976
HOXC12,Normal-like,0.90885
HOXC13,Basal-like,245.17279072164948
HOXC13,HER2-enriched,270.60781206896553
HOXC13,Luminal A,259.32717965367965
HOXC13,Luminal B,263.4977653543307
HOXC13,Normal-like,152.66039999999998
HPX,Basal-like,50.54707216494845
HPX,HER2-enriched,509.9059931034483
HPX,Luminal A,473.8563883116883
HPX,Luminal B,467.9148716535433
HPX,Normal-like,164.2810875
HSD17B6,Basal-like,77.28621855670103
HSD17B6,HER2-enriched,128.92066379310344
HSD17B6,Luminal A,113.42833506493507
HSD17B6,Luminal B,107.77016929133859
HSD17B6,Normal-like,49.3370625
HYAL3,Basal-like,124.09597731958763
HYAL3,HER2-enriched,104.84156379310345
HYAL3,Luminal A,90.6373593073593
HYAL3,Luminal B,99.5955031496063
HYAL3,Normal-like,99.3493625
IBSP,Basal-like,72.96201546391752
IBSP,HER2-enriched,90.86123103448276
IBSP,Luminal A,50.27481861471861
IBSP,Luminal B,68.80388188976377
IBSP,Normal-like,10.3836875
ICOS,Basal-like,89.06387422680412
ICOS,HER2-enriched,64.13730862068965
ICOS,Luminal A,27.832572727272726
ICOS,Luminal B,41.67238818897638
ICOS,Normal-like,62.77285
IER3,Basal-like,1653.1378556701031
IER3,HER2-enriched,2076.401431034483
IER3,Luminal A,2987.0039012987013
IER3,Luminal B,2868.4170992125983
IER3,Normal-like,4110.51285
IER5L,Basal-like,336.3358649484536
IER5L,HER2-enriched,504.0524689655172
IER5L,Luminal A,353.1928121212121
IER5L,Luminal B,357.3975559055118
IER5L,Normal-like,787.3819374999999
IFITM1,Basal-like,5172.849924742268
IFITM1,HER2-enriched,5869.685696551724
IFITM1,Luminal A,5731.015398268399
IFITM1,Luminal B,6760.494030708662
IFITM1,Normal-like,5971.045075
IGFBPL1,Basal-like,16.235443298969074
IGFBPL1,HER2-enriched,11.332065517241379
IGFBPL1,Luminal A,5.029965367965368
IGFBPL1,Luminal B,7.385367716535433
IGFBPL1,Normal-like,0.974425
IGFL2,Basal-like,15.252113402061855
IGFL2,HER2-enriched,42.85511034482759
IGFL2,Luminal A,35.77157878787879
IGFL2,Luminal B,16.637911023622046
IGFL2,Normal-like,7.3629625
IGFL3,Basal-like,4.281964948453608
IGFL3,HER2-enriched,6.277353448275862
IGFL3,Luminal A,6.2078454545454544
IGFL3,Luminal B,2.524228346456693
IGFL3,Normal-like,0.7124125
IL12B,Basal-like,7.93389793814433
IL12B,HER2-enriched,7.6156500000000005
IL12B,Luminal A,4.295158874458874
IL12B,Luminal B,4.048524409448819
IL12B,Normal-like,11.1557375
IL21R,Basal-like,180.77531958762887
IL21R,HER2-enriched,145.3225224137931
IL21R,Luminal A,84.04814415584416
IL21R,Luminal B,99.24989842519685
IL21R,Normal-like,141.3613625
IL4I1,Basal-like,434.43075876288657
IL4I1,HER2-enriched,299.55638965517244
IL4I1,Luminal A,137.66697705627706
IL4I1,Luminal B,218.05718267716534
IL4I1,Normal-like,276.6453625
IL9R,Basal-like,6.618682474226804
IL9R,HER2-enriched,10.256127586206896
IL9R,Luminal A,7.657686147186147
IL9R,Luminal B,8.056970866141732
IL9R,Normal-like,7.3544625
INHBA,Basal-like,360.72168041237114
INHBA,HER2-enriched,524.2155
INHBA,Luminal A,459.1042575757576
INHBA,Luminal B,410.5556803149606
INHBA,Normal-like,178.64015
INSM1,Basal-like,31.6420793814433
INSM1,HER2-enriched,25.58615172413793
INSM1,Luminal A,125.63611385281385
INSM1,Luminal B,450.29582047244094
INSM1,Normal-like,42.099125
INTS7,Basal-like,1065.0507360824743
INTS7,HER2-enriched,1097.2665206896552
INTS7,Luminal A,858.3741688311688
INTS7,Luminal B,983.74808503937
INTS7,Normal-like,611.20685
IQGAP3,Basal-like,1537.9119762886598
IQGAP3,HER2-enriched,888.9889913793104
IQGAP3,Luminal A,438.0166935064935
IQGAP3,Luminal B,998.4084818897638
IQGAP3,Normal-like,635.1373625
IRF7,Basal-like,600.9385319587628
IRF7,HER2-enriched,897.7559586206896
IRF7,Luminal A,694.5133155844156
IRF7,Luminal B,842.5096724409449
IRF7,Normal-like,725.454725
ISG15,Basal-like,1959.9135216494847
ISG15,HER2-enriched,3083.354427586207
ISG15,Luminal A,1755.5851584415584
ISG15,Luminal B,2793.4427716535433
ISG15,Normal-like,4264.9596125
ISG20,Basal-like,458.64935360824745
ISG20,HER2-enriched,549.7686206896552
ISG20,Luminal A,273.74258701298703
ISG20,Luminal B,353.44597401574805
ISG20,Normal-like,544.7793125
ITGA11,Basal-like,800.4044
ITGA11,HER2-enriched,1986.8922896551724
ITGA11,Luminal A,1936.3569
ITGA11,Luminal B,1465.271337007874
ITGA11,Normal-like,700.3521499999999
KCNJ6,Basal-like,9.831232989690722
KCNJ6,HER2-enriched,3.353094827586207
KCNJ6,Luminal A,5.6848238095238095
KCNJ6,Luminal B,6.102392125984252
KCNJ6,Normal-like,2.43465
KCNK1,Basal-like,572.5975886597938
KCNK1,HER2-enriched,939.4959982758621
KCNK1,Luminal A,513.1670662337663
KCNK1,Luminal B,559.1421118110236
KCNK1,Normal-like,566.037775
KDELR3,Basal-like,1210.4230134020618
KDELR3,HER2-enriched,1312.0395603448276
KDELR3,Luminal A,831.0677255411256
KDELR3,Luminal B,752.4404708661417
KDELR3,Normal-like,1022.755825
KIAA0319,Basal-like,34.25856804123711
KIAA0319,HER2-enriched,55.34186551724138
KIAA0319,Luminal A,16.151406493506492
KIAA0319,Luminal B,53.568715748031494
KIAA0319,Normal-like,51.7563625
KIF11,Basal-like,1491.1213072164949
KIF11,HER2-enriched,1206.5358413793103
KIF11,Luminal A,571.9600476190476
KIF11,Luminal B,1206.6256881889765
KIF11,Normal-like,594.4682375
KIF14,Basal-like,555.6057711340206
KIF14,HER2-enriched,356.1885172413793
KIF14,Luminal A,127.09578701298702
KIF14,Luminal B,357.2763496062992
KIF14,Normal-like,116.1838375
KIF15,Basal-like,480.96591237113404
KIF15,HER2-enriched,282.30588275862067
KIF15,Luminal A,140.5633445887446
KIF15,Luminal B,349.3886669291339
KIF15,Normal-like,158.157125
KIF18B,Basal-like,508.24563711340204
KIF18B,HER2-enriched,229.42638965517241
KIF18B,Luminal A,115.1119329004329
KIF18B,Luminal B,326.3002992125984
KIF18B,Normal-like,188.3359875
KIF20A,Basal-like,1259.345230927835
KIF20A,HER2-enriched,978.718074137931
KIF20A,Luminal A,381.8313619047619
KIF20A,Luminal B,837.5726307086614
KIF20A,Normal-like,536.6108125
KIF23,Basal-like,1063.356950515464
KIF23,HER2-enriched,764.5779672413793
KIF23,Luminal A,367.03985714285716
KIF23,Luminal B,792.7672283464567
KIF23,Normal-like,464.4948
KIF24,Basal-like,242.45527216494847
KIF24,HER2-enriched,264.5569396551724
KIF24,Luminal A,196.84763852813853
KIF24,Luminal B,260.55007874015746
KIF24,Normal-like,145.0733
KIF26B,Basal-like,379.2963463917526
KIF26B,HER2-enriched,416.38163620689653
KIF26B,Luminal A,424.94184805194806
KIF26B,Luminal B,308.9306590551181
KIF26B,Normal-like,208.861675
KIF2C,Basal-like,1371.7371721649486
KIF2C,HER2-enriched,732.8917913793103
KIF2C,Luminal A,297.99207186147186
KIF2C,Luminal B,686.9473220472441
KIF2C,Normal-like,647.5973875
KIF4A,Basal-like,1102.699681443299
KIF4A,HER2-enriched,885.3771396551724
KIF4A,Luminal A,344.55439004329
KIF4A,Luminal B,845.4722188976378
KIF4A,Normal-like,434.929125
KIFC1,Basal-like,1437.124081443299
KIFC1,HER2-enriched,905.2132
KIFC1,Luminal A,393.38695584415586
KIFC1,Luminal B,883.3765141732283
KIFC1,Normal-like,672.7182
KIFC2,Basal-like,703.9844835051547
KIFC2,HER2-enriched,498.606674137931
KIFC2,Luminal A,586.2674103896104
KIFC2,Luminal B,844.2828551181102
KIFC2,Normal-like,1288.8354625
KLRG2,Basal-like,127.89402680412371
KLRG2,HER2-enriched,138.0827327586207
KLRG2,Luminal A,34.6137354978355
KLRG2,Luminal B,61.755815748031495
KLRG2,Normal-like,46.8767375
KMO,Basal-like,171.93628969072165
KMO,HER2-enriched,691.448798275862
KMO,Luminal A,216.88742251082252
KMO,Luminal B,206.4009559055118
KMO,Normal-like,290.1522
KNTC1,Basal-like,804.2696958762887
KNTC1,HER2-enriched,663.1917379310345
KNTC1,Luminal A,465.7598350649351
KNTC1,Luminal B,831.7467488188977
KNTC1,Normal-like,406.26975
KPNA2,Basal-like,5364.813370103093
KPNA2,HER2-enriched,5677.904029310344
KPNA2,Luminal A,2305.810963636364
KPNA2,Luminal B,4696.810322834645
KPNA2,Normal-like,3182.600775
LAG3,Basal-like,252.91721443298968
LAG3,HER2-enriched,133.49795689655173
LAG3,Luminal A,50.48672121212121
LAG3,Luminal B,109.89487322834646
LAG3,Normal-like,124.6881125
LAGE3,Basal-like,702.9073319587629
LAGE3,HER2-enriched,800.4339327586207
LAGE3,Luminal A,509.71172554112553
LAGE3,Luminal B,660.8874149606299
LAGE3,Normal-like,748.1851625
LAMP3,Basal-like,941.1715865979381
LAMP3,HER2-enriched,303.24935
LAMP3,Luminal A,150.57993376623378
LAMP3,Luminal B,136.8137779527559
LAMP3,Normal-like,395.6284875
LEF1,Basal-like,285.5353649484536
LEF1,HER2-enriched,327.87493103448276
LEF1,Luminal A,668.0480670995671
LEF1,Luminal B,611.8433732283464
LEF1,Normal-like,481.221625
LIMD2,Basal-like,597.4552082474227
LIMD2,HER2-enriched,702.1343551724138
LIMD2,Luminal A,282.80379913419915
LIMD2,Luminal B,308.50251102362205
LIMD2,Normal-like,583.4225375
LINGO1,Basal-like,399.00754329896904
LINGO1,HER2-enriched,332.12894310344825
LINGO1,Luminal A,493.69862683982683
LINGO1,Luminal B,688.210211023622
LINGO1,Normal-like,399.6401875
LMNB1,Basal-like,2064.1457783505157
LMNB1,HER2-enriched,1967.740903448276
LMNB1,Luminal A,904.0664818181818
LMNB1,Luminal B,1905.4412149606298
LMNB1,Normal-like,1132.5389
LMNB2,Basal-like,2491.721731958763
LMNB2,HER2-enriched,1830.4507689655172
LMNB2,Luminal A,1108.558596969697
LMNB2,Luminal B,1585.1733456692914
LMNB2,Normal-like,1429.271525
LOXL1,Basal-like,644.0606113402062
LOXL1,HER2-enriched,1099.1006310344828
LOXL1,Luminal A,1375.7244125541126
LOXL1,Luminal B,833.2994385826771
LOXL1,Normal-like,1180.3521375
LPAR2,Basal-like,545.4339340206186
LPAR2,HER2-enriched,587.5180034482759
LPAR2,Luminal A,348.16668095238094
LPAR2,Luminal B,421.3295433070866
LPAR2,Normal-like,449.9670125
LPCAT1,Basal-like,2359.8041577319586
LPCAT1,HER2-enriched,2555.595981034483
LPCAT1,Luminal A,1817.2720688311688
LPCAT1,Luminal B,2221.1776677165353
LPCAT1,Normal-like,2042.515825
LRP8,Basal-like,514.4805742268042
LRP8,HER2-enriched,260.33045
LRP8,Luminal A,97.79228571428571
LRP8,Luminal B,198.52631732283464
LRP8,Normal-like,187.7440875
LRRC15,Basal-like,1500.387662886598
LRRC15,HER2-enriched,3455.8887155172415
LRRC15,Luminal A,4174.6235995670995
LRRC15,Luminal B,2496.741777952756
LRRC15,Normal-like,1396.0402625
LRRC59,Basal-like,4784.783065979382
LRRC59,HER2-enriched,8416.506068965517
LRRC59,Luminal A,4016.6735272727274
LRRC59,Luminal B,5173.801691338583
LRRC59,Normal-like,4373.175825
LRWD1,Basal-like,398.3099360824742
LRWD1,HER2-enriched,351.3374620689655
LRWD1,Luminal A,307.531796969697
LRWD1,Luminal B,347.2280346456693
LRWD1,Normal-like,305.7808125
LTA,Basal-like,36.043754639175255
LTA,HER2-enriched,26.904544827586207
LTA,Luminal A,14.63235670995671
LTA,Luminal B,18.16724803149606
LTA,Normal-like,34.220175
LYPD1,Basal-like,126.84608144329897
LYPD1,HER2-enriched,83.48667586206896
LYPD1,Luminal A,51.92782554112554
LYPD1,Luminal B,47.56921023622047
LYPD1,Normal-like,93.73695000000001
MAD2L1,Basal-like,796.7747020618557
MAD2L1,HER2-enriched,612.7605896551725
MAD2L1,Luminal A,290.0061116883117
MAD2L1,Luminal B,624.3350039370079
MAD2L1,Normal-like,435.612275
MAGED1,Basal-like,7613.87373298969
MAGED1,HER2-enriched,8743.338615517241
MAGED1,Luminal A,5595.479974025974
MAGED1,Luminal B,5294.633189763779
MAGED1,Normal-like,5032.610775
MAL2,Basal-like,6177.607707216494
MAL2,HER2-enriched,10653.87989137931
MAL2,Luminal A,6624.875915151515
MAL2,Luminal B,8365.834277952756
MAL2,Normal-like,8171.846262499999
MATN3,Basal-like,195.87894329896906
MATN3,HER2-enriched,353.3989431034483
MATN3,Luminal A,760.1745558441559
MATN3,Luminal B,426.1044464566929
MATN3,Normal-like,233.2021
MCM10,Basal-like,712.738124742268
MCM10,HER2-enriched,383.40441379310346
MCM10,Luminal A,125.65138398268398
MCM10,Luminal B,361.2610362204724
MCM10,Normal-like,160.6954875
MCM2,Basal-like,2551.8099154639176
MCM2,HER2-enriched,1759.7211189655172
MCM2,Luminal A,909.8994502164502
MCM2,Luminal B,1746.8196535433071
MCM2,Normal-like,919.750025
MELK,Basal-like,973.2360020618556
MELK,HER2-enriched,628.562098275862
MELK,Luminal A,204.52270822510823
MELK,Luminal B,524.3298141732283
MELK,Normal-like,319.8011125
METRN,Basal-like,253.84175051546393
METRN,HER2-enriched,642.444
METRN,Luminal A,717.9231194805195
METRN,Luminal B,708.0317708661418
METRN,Normal-like,1617.38615
MFAP2,Basal-like,1529.131198969072
MFAP2,HER2-enriched,966.9124551724138
MFAP2,Luminal A,1053.055493939394
MFAP2,Luminal B,650.9588724409449
MFAP2,Normal-like,711.385
MICAL2,Basal-like,1744.6391907216496
MICAL2,HER2-enriched,2450.476755172414
MICAL2,Luminal A,2822.2607735930737
MICAL2,Luminal B,2230.293918110236
MICAL2,Normal-like,1805.7522000000001
MICALL2,Basal-like,358.15984226804125
MICALL2,HER2-enriched,347.3984879310345
MICALL2,Luminal A,425.43980173160173
MICALL2,Luminal B,437.6827039370079
MICALL2,Normal-like,448.19545
MICB,Basal-like,192.52749587628867
MICB,HER2-enriched,147.05508103448275
MICB,Luminal A,214.60692640692642
MICB,Luminal B,273.3541771653543
MICB,Normal-like,147.2443375
MKI67,Basal-like,4448.011655670103
MKI67,HER2-enriched,3623.434920689655
MKI67,Luminal A,1333.826116017316
MKI67,Luminal B,3187.8767078740157
MKI67,Normal-like,1743.3442125
MMP1,Basal-like,1420.7519762886598
MMP1,HER2-enriched,2001.4547586206895
MMP1,Luminal A,254.02468874458873
MMP1,Luminal B,559.6391244094489
MMP1,Normal-like,287.70925
MMP11,Basal-like,5168.69767628866
MMP11,HER2-enriched,11455.506684482758
MMP11,Luminal A,9913.573657575758
MMP11,Luminal B,9146.882347244094
MMP11,Normal-like,2871.0595375000003
MMP13,Basal-like,353.6283175257732
MMP13,HER2-enriched,1012.5821448275861
MMP13,Luminal A,597.7374333333333
MMP13,Luminal B,492.40985984251967
MMP13,Normal-like,182.4017875
MMP14,Basal-like,9023.973394845361
MMP14,HER2-enriched,10772.660610344828
MMP14,Luminal A,10036.65047965368
MMP14,Luminal B,7672.961009448819
MMP14,Normal-like,5676.555025
MMP9,Basal-like,2939.9883402061855
MMP9,HER2-enriched,2095.074377586207
MMP9,Luminal A,1640.5982562770562
MMP9,Luminal B,1812.168855905512
MMP9,Normal-like,6164.0950375
MND1,Basal-like,151.28445360824742
MND1,HER2-enriched,124.96331379310345
MND1,Luminal A,36.14812380952381
MND1,Luminal B,87.99560866141732
MND1,Normal-like,95.779225
MNX1,Basal-like,29.890272164948453
MNX1,HER2-enriched,54.99639655172414
MNX1,Luminal A,17.80832251082251
MNX1,Luminal B,29.278331496062993
MNX1,Normal-like,10.9374875
MSLN,Basal-like,2679.538254639175
MSLN,HER2-enriched,145.68872931034483
MSLN,Luminal A,117.68139090909091
MSLN,Luminal B,130.26633228346458
MSLN,Normal-like,169.2443
MTHFD2,Basal-like,3178.7061216494844
MTHFD2,HER2-enriched,2977.0978137931033
MTHFD2,Luminal A,1564.3424012987014
MTHFD2,Luminal B,2244.742659055118
MTHFD2,Normal-like,1928.096875
MUC1,Basal-like,4535.676267010309
MUC1,HER2-enriched,14759.186977586207
MUC1,Luminal A,15382.942191341992
MUC1,Luminal B,11412.528412598425
MUC1,Normal-like,7938.004675
MXD3,Basal-like,224.9979350515464
MXD3,HER2-enriched,221.5219603448276
MXD3,Luminal A,142.12654372294372
MXD3,Luminal B,226.5022755905512
MXD3,Normal-like,312.7696125
MXRA5,Basal-like,6008.344875257732
MXRA5,HER2-enriched,9312.595963793103
MXRA5,Luminal A,10454.09405021645
MXRA5,Luminal B,6832.8089803149605
MXRA5,Normal-like,7301.8106625
MYBL1,Basal-like,785.9751680412371
MYBL1,HER2-enriched,244.45332413793102
MYBL1,Luminal A,246.66458051948052
MYBL1,Luminal B,592.5650456692913
MYBL1,Normal-like,447.3789875
MYBL2,Basal-like,2733.0844804123712
MYBL2,HER2-enriched,1910.4170620689656
MYBL2,Luminal A,491.0662995670996
MYBL2,Luminal B,1697.2139251968504
MYBL2,Normal-like,1232.279225
NACC1,Basal-like,2171.8631649484537
NACC1,HER2-enriched,2696.760194827586
NACC1,Luminal A,2065.441932034632
NACC1,Luminal B,2309.025333070866
NACC1,Normal-like,2528.289575
NCAPG,Basal-like,949.1447659793814
NCAPG,HER2-enriched,655.6345172413793
NCAPG,Luminal A,285.35639264069266
NCAPG,Luminal B,670.903274015748
NCAPG,Normal-like,460.37496250000004
NCAPG2,Basal-like,1264.9329422680412
NCAPG2,HER2-enriched,781.2009086206897
NCAPG2,Luminal A,520.7806385281385
NCAPG2,Luminal B,932.8593393700787
NCAPG2,Normal-like,506.365525
NCAPH,Basal-like,670.0096216494845
NCAPH,HER2-enriched,540.2310672413793
NCAPH,Luminal A,197.94638744588744
NCAPH,Luminal B,469.02018582677164
NCAPH,Normal-like,276.6480125
NDC80,Basal-like,774.9839494845361
NDC80,HER2-enriched,386.00644137931033
NDC80,Luminal A,172.85692164502166
NDC80,Luminal B,388.30249291338583
NDC80,Normal-like,346.451675
NEIL3,Basal-like,128.3862381443299
NEIL3,HER2-enriched,96.9543275862069
NEIL3,Luminal A,38.07777662337662
NEIL3,Luminal B,100.17603622047244
NEIL3,Normal-like,52.81255
NEK2,Basal-like,853.8291257731959
NEK2,HER2-enriched,723.009674137931
NEK2,Luminal A,357.9076316017316
NEK2,Luminal B,789.6904464566929
NEK2,Normal-like,445.1995
NFE2L3,Basal-like,1652.622475257732
NFE2L3,HER2-enriched,623.5806551724138
NFE2L3,Luminal A,497.9756813852814
NFE2L3,Luminal B,539.3291425196851
NFE2L3,Normal-like,516.3094
NKX2-5,Basal-like,52.01046494845361
NKX2-5,HER2-enriched,5.992081034482759
NKX2-5,Luminal A,3.661168831168831
NKX2-5,Luminal B,13.013222047244094
NKX2-5,Normal-like,1.0785
NKX3-2,Basal-like,20.87076494845361
NKX3-2,HER2-enriched,38.752777586206896
NKX3-2,Luminal A,22.008612554112553
NKX3-2,Luminal B,17.433551968503938
NKX3-2,Normal-like,7.770137500000001
NME1,Basal-like,2324.4136907216493
NME1,HER2-enriched,4469.705748275862
NME1,Luminal A,1827.5637034632034
NME1,Luminal B,2763.8051787401573
NME1,Normal-like,4102.1744625
NOD2,Basal-like,233.24588762886597
NOD2,HER2-enriched,208.37738275862068
NOD2,Luminal A,192.68242424242425
NOD2,Luminal B,198.6609409448819
NOD2,Normal-like,313.4702875
NPTX2,Basal-like,153.80621340206184
NPTX2,HER2-enriched,110.44983448275862
NPTX2,Luminal A,48.598509956709954
NPTX2,Luminal B,30.813938582677164
NPTX2,Normal-like,20.955825
NUAK2,Basal-like,214.2734701030928
NUAK2,HER2-enriched,235.21418793103447
NUAK2,Luminal A,248.22260086580087
NUAK2,Luminal B,300.90092283464566
NUAK2,Normal-like,208.018525
NUDT1,Basal-like,376.04885670103096
NUDT1,HER2-enriched,302.8088672413793
NUDT1,Luminal A,196.68819956709956
NUDT1,Luminal B,243.05216929133857
NUDT1,Normal-like,393.91085
NUF2,Basal-like,750.6682536082475
NUF2,HER2-enriched,409.7527620689655
NUF2,Luminal A,196.78491212121213
NUF2,Luminal B,463.05511023622046
NUF2,Normal-like,320.62735
NUP210,Basal-like,3755.7220917525774
NUP210,HER2-enriched,2369.611598275862
NUP210,Luminal A,2382.419664935065
NUP210,Luminal B,3683.8082291338583
NUP210,Normal-like,1830.7632625
NXPH4,Basal-like,311.3367257731959
NXPH4,HER2-enriched,401.5913068965517
NXPH4,Luminal A,59.11969177489178
NXPH4,Luminal B,144.67966614173227
NXPH4,Normal-like,98.14992500000001
OAS2,Basal-like,3111.258356701031
OAS2,HER2-enriched,3433.5725724137933
OAS2,Luminal A,2303.185013852814
OAS2,Luminal B,2936.020090551181
OAS2,Normal-like,1921.3290375000001
OAS3,Basal-like,3527.3461618556703
OAS3,HER2-enriched,3483.1465396551725
OAS3,Luminal A,2634.0888242424244
OAS3,Luminal B,4188.46996535433
OAS3,Normal-like,2537.1075375
OASL,Basal-like,653.4318907216494
OASL,HER2-enriched,507.03141379310347
OASL,Luminal A,307.9819142857143
OASL,Luminal B,451.2336519685039
OASL,Normal-like,280.262725
OIP5,Basal-like,144.75929690721648
OIP5,HER2-enriched,117.24794482758621
OIP5,Luminal A,57.214332467532465
OIP5,Luminal B,112.46268346456692
OIP5,Normal-like,95.1445
OLFML2B,Basal-like,1040.0639711340207
OLFML2B,HER2-enriched,1414.809420689655
OLFML2B,Luminal A,1774.0972718614719
OLFML2B,Luminal B,1141.4797669291338
OLFML2B,Normal-like,1068.5077125
ONECUT2,Basal-like,125.06775051546391
ONECUT2,HER2-enriched,207.59590862068967
ONECUT2,Luminal A,30.816083116883117
ONECUT2,Luminal B,131.57435590551182
ONECUT2,Normal-like,3.712725
OSCAR,Basal-like,119.79285051546391
OSCAR,HER2-enriched,108.37969310344828
OSCAR,Luminal A,86.23324458874458
OSCAR,Luminal B,97.35321653543308
OSCAR,Normal-like,205.5817375
OTX1,Basal-like,125.05015979381443
OTX1,HER2-enriched,35.44634137931035
OTX1,Luminal A,20.215161904761906
OTX1,Luminal B,29.665835433070868
OTX1,Normal-like,15.0399125
P2RY6,Basal-like,157.2544731958763
P2RY6,HER2-enriched,186.03683620689654
P2RY6,Luminal A,67.033170995671
P2RY6,Luminal B,81.55153779527559
P2RY6,Normal-like,240.301
P4HA3,Basal-like,109.98727525773195
P4HA3,HER2-enriched,211.2483948275862
P4HA3,Luminal A,243.41028744588743
P4HA3,Luminal B,164.75635669291339
P4HA3,Normal-like,175.65575
PACSIN1,Basal-like,92.73460824742268
PACSIN1,HER2-enriched,83.75799655172413
PACSIN1,Luminal A,81.37694112554112
PACSIN1,Luminal B,145.18752913385828
PACSIN1,Normal-like,114.1899875
PAFAH1B3,Basal-like,1119.0986597938145
PAFAH1B3,HER2-enriched,1355.0118051724137
PAFAH1B3,Luminal A,1246.8672987012988
PAFAH1B3,Luminal B,1472.8125118110236
PAFAH1B3,Normal-like,1997.2793625
PAQR4,Basal-like,1521.796269072165
PAQR4,HER2-enriched,1885.3452224137932
PAQR4,Luminal A,1224.4576108225108
PAQR4,Luminal B,1483.7122866141733
PAQR4,Normal-like,1147.18775
PARP1,Basal-like,7569.358683505155
PARP1,HER2-enriched,7127.018179310345
PARP1,Luminal A,5870.165812987013
PARP1,Luminal B,6727.215976377953
PARP1,Normal-like,4738.0374375
PARP10,Basal-like,1296.6070989690722
PARP10,HER2-enriched,1268.4127344827587
PARP10,Luminal A,1477.3651965367965
PARP10,Luminal B,2083.513077952756
PARP10,Normal-like,1409.04155
PASK,Basal-like,321.33435979381443
PASK,HER2-enriched,294.73885689655174
PASK,Luminal A,286.17097402597403
PASK,Luminal B,378.60268661417325
PASK,Normal-like,220.63325
PAX1,Basal-like,56.40260721649484
PAX1,HER2-enriched,15.193303448275863
PAX1,Luminal A,12.63303593073593
PAX1,Luminal B,9.15177716535433
PAX1,Normal-like,1.7537875
PBK,Basal-like,518.5274979381443
PBK,HER2-enriched,351.55276034482756
PBK,Luminal A,192.43698354978355
PBK,Luminal B,465.92610472440947
PBK,Normal-like,256.2944125
PCDH17,Basal-like,223.12767628865979
PCDH17,HER2-enriched,275.9152603448276
PCDH17,Luminal A,246.6114813852814
PCDH17,Luminal B,225.56648425196852
PCDH17,Normal-like,208.87665
PDCD1,Basal-like,66.3109381443299
PDCD1,HER2-enriched,43.437384482758624
PDCD1,Luminal A,23.745235064935066
PDCD1,Luminal B,35.1116251968504
PDCD1,Normal-like,64.658075
PDIA4,Basal-like,7525.845260824743
PDIA4,HER2-enriched,5856.359901724138
PDIA4,Luminal A,4796.467262770563
PDIA4,Luminal B,5550.101585826772
PDIA4,Normal-like,6543.4810875
PGP,Basal-like,409.90271237113404
PGP,HER2-enriched,464.80784310344825
PGP,Luminal A,413.09817922077923
PGP,Luminal B,541.7835968503937
PGP,Normal-like,479.5881
PIF1,Basal-like,99.18335670103093
PIF1,HER2-enriched,41.433505172413795
PIF1,Luminal A,20.05180735930736
PIF1,Luminal B,47.3202937007874
PIF1,Normal-like,62.0643625
PITX1,Basal-like,541.9675360824742
PITX1,HER2-enriched,926.9234086206897
PITX1,Luminal A,512.2892658008658
PITX1,Luminal B,656.2216952755906
PITX1,Normal-like,469.83645
PKMYT1,Basal-like,563.3494804123711
PKMYT1,HER2-enriched,549.7545810344827
PKMYT1,Luminal A,250.3772805194805
PKMYT1,Luminal B,556.2527496062992
PKMYT1,Normal-like,453.4298875
PLAU,Basal-like,1776.3142268041238
PLAU,HER2-enriched,2791.68975
PLAU,Luminal A,2031.6991025974025
PLAU,Luminal B,1870.1044677165355
PLAU,Normal-like,2329.4870625
PLAUR,Basal-like,1104.598913402062
PLAUR,HER2-enriched,856.1552379310344
PLAUR,Luminal A,624.6661385281385
PLAUR,Luminal B,563.0992181102363
PLAUR,Normal-like,742.551975
PLEK2,Basal-like,156.94291649484535
PLEK2,HER2-enriched,232.15371379310346
PLEK2,Luminal A,165.09233073593074
PLEK2,Luminal B,178.18915511811025
PLEK2,Normal-like,127.0157375
PLK1,Basal-like,1330.7916443298968
PLK1,HER2-enriched,808.2047258620689
PLK1,Luminal A,341.4448917748918
PLK1,Luminal B,808.1615283464567
PLK1,Normal-like,454.34783749999997
PLK4,Basal-like,390.9506092783505
PLK4,HER2-enriched,312.28983793103447
PLK4,Luminal A,163.63598225108225
PLK4,Luminal B,322.79883543307085
PLK4,Normal-like,165.739075
PLXNA3,Basal-like,1234.4902206185568
PLXNA3,HER2-enriched,1428.0791155172415
PLXNA3,Luminal A,1245.9519727272727
PLXNA3,Luminal B,1411.4568511811024
PLXNA3,Normal-like,1074.885575
PMAIP1,Basal-like,300.11015051546394
PMAIP1,HER2-enriched,140.64954655172414
PMAIP1,Luminal A,456.87470735930737
PMAIP1,Luminal B,494.6265968503937
PMAIP1,Normal-like,180.9697375
POC1A,Basal-like,305.9836505154639
POC1A,HER2-enriched,319.1597603448276
POC1A,Luminal A,190.17092251082252
POC1A,Luminal B,330.2340527559055
POC1A,Normal-like,202.262375
POLQ,Basal-like,290.26720515463916
POLQ,HER2-enriched,229.50163965517243
POLQ,Luminal A,90.06790779220779
POLQ,Luminal B,232.6822283464567
POLQ,Normal-like,112.0324875
POSTN,Basal-like,11706.098928865978
POSTN,HER2-enriched,25674.67097586207
POSTN,Luminal A,30493.97038008658
POSTN,Luminal B,20912.67419527559
POSTN,Normal-like,12950.5446125
PPP1R14B,Basal-like,2546.6450288659794
PPP1R14B,HER2-enriched,2168.5005655172413
PPP1R14B,Luminal A,1150.1762285714285
PPP1R14B,Luminal B,1180.3005952755905
PPP1R14B,Normal-like,3172.5759625
PRAME,Basal-like,1349.5367092783506
PRAME,HER2-enriched,618.52225
PRAME,Luminal A,344.42046926406925
PRAME,Luminal B,1097.6499614173229
PRAME,Normal-like,237.333275
PRC1,Basal-like,2248.3702484536084
PRC1,HER2-enriched,1552.5806413793102
PRC1,Luminal A,753.2857220779221
PRC1,Luminal B,1864.8595133858269
PRC1,Normal-like,1365.69985
PRR11,Basal-like,268.6271082474227
PRR11,HER2-enriched,284.47763620689653
PRR11,Luminal A,63.25305021645022
PRR11,Luminal B,392.69301102362203
PRR11,Normal-like,52.3325125
PSMD3,Basal-like,3095.0286092783504
PSMD3,HER2-enriched,16663.41811551724
PSMD3,Luminal A,3191.512859307359
PSMD3,Luminal B,4501.708000787402
PSMD3,Normal-like,2799.3588125
PSME2,Basal-like,2738.4346164948456
PSME2,HER2-enriched,3309.040222413793
PSME2,Luminal A,2320.207887012987
PSME2,Luminal B,2889.5074212598424
PSME2,Normal-like,3768.3011125000003
PTK6,Basal-like,254.220793814433
PTK6,HER2-enriched,520.7204517241379
PTK6,Luminal A,409.78568614718614
PTK6,Luminal B,438.756931496063
PTK6,Normal-like,460.1302625
PTTG1,Basal-like,896.8570742268041
PTTG1,HER2-enriched,596.9949051724138
PTTG1,Luminal A,261.5072251082251
PTTG1,Luminal B,573.0684023622048
PTTG1,Normal-like,754.4447875
PYCARD,Basal-like,541.7344113402062
PYCARD,HER2-enriched,713.6574103448276
PYCARD,Luminal A,1020.8833155844156
PYCARD,Luminal B,840.3619236220472
PYCARD,Normal-like,647.8463125
PYCR1,Basal-like,3023.319186597938
PYCR1,HER2-enriched,3907.84340862069
PYCR1,Luminal A,2179.3961155844154
PYCR1,Luminal B,2967.3449881889765
PYCR1,Normal-like,2409.7814
RAB31,Basal-like,1846.3319216494845
RAB31,HER2-enriched,2789.7000551724136
RAB31,Luminal A,5471.180357575758
RAB31,Luminal B,4094.0048984251966
RAB31,Normal-like,3345.8998874999997
RACGAP1,Basal-like,1368.9198175257732
RACGAP1,HER2-enriched,1417.4072413793103
RACGAP1,Luminal A,719.3017411255411
RACGAP1,Luminal B,1537.0353803149605
RACGAP1,Normal-like,726.9447625
RAD51,Basal-like,329.53639896907214
RAD51,HER2-enriched,281.65894137931036
RAD51,Luminal A,126.55584761904763
RAD51,Luminal B,277.6507094488189
RAD51,Normal-like,200.0273625
RAD51AP1,Basal-like,595.1146443298969
RAD51AP1,HER2-enriched,300.3907155172414
RAD51AP1,Luminal A,153.37006406926406
RAD51AP1,Luminal B,309.9043653543307
RAD51AP1,Normal-like,162.599375
RAD54B,Basal-like,305.10301958762886
RAD54B,HER2-enriched,254.92589655172415
RAD54B,Luminal A,142.74311125541126
RAD54B,Luminal B,288.5201559055118
RAD54B,Normal-like,176.94128750000002
RASGRP1,Basal-like,479.2880226804124
RASGRP1,HER2-enriched,139.63980344827587
RASGRP1,Luminal A,430.24757575757576
RASGRP1,Luminal B,531.405537007874
RASGRP1,Normal-like,205.41616249999998
RCC1,Basal-like,1559.9991030927836
RCC1,HER2-enriched,1303.1549793103447
RCC1,Luminal A,827.2002913419914
RCC1,Luminal B,1102.8462511811024
RCC1,Normal-like,1141.760175
RCC2,Basal-like,7458.276525773196
RCC2,HER2-enriched,6125.3862879310345
RCC2,Luminal A,4396.471305627706
RCC2,Luminal B,4840.004713385827
RCC2,Normal-like,5799.1098
RDM1,Basal-like,19.57661649484536
RDM1,HER2-enriched,22.425877586206898
RDM1,Luminal A,10.977529437229437
RDM1,Luminal B,24.578931496062992
RDM1,Normal-like,23.52085
RECQL4,Basal-like,780.299112371134
RECQL4,HER2-enriched,531.2865086206897
RECQL4,Luminal A,303.72936017316016
RECQL4,Luminal B,692.680188976378
RECQL4,Normal-like,900.5978375
RELL2,Basal-like,64.63448865979382
RELL2,HER2-enriched,50.064641379310345
RELL2,Luminal A,44.37925584415584
RELL2,Luminal B,71.59567401574803
RELL2,Normal-like,42.067862500000004
RGS4,Basal-like,160.6045525773196
RGS4,HER2-enriched,301.6607275862069
RGS4,Luminal A,294.2645658008658
RGS4,Luminal B,265.57850551181104
RGS4,Normal-like,214.106175
RMI1,Basal-like,487.1544350515464
RMI1,HER2-enriched,481.7885810344828
RMI1,Luminal A,432.35755238095237
RMI1,Luminal B,564.9966606299213
RMI1,Normal-like,307.32552499999997
RNASEH2A,Basal-like,891.1430927835052
RNASEH2A,HER2-enriched,751.445474137931
RNASEH2A,Luminal A,506.64966017316016
RNASEH2A,Luminal B,762.7363275590551
RNASEH2A,Normal-like,796.1437875
RND1,Basal-like,98.04340103092784
RND1,HER2-enriched,636.4849275862069
RND1,Luminal A,414.788
RND1,Luminal B,424.81146377952757
RND1,Normal-like,262.8648625
RNFT2,Basal-like,196.83801958762888
RNFT2,HER2-enriched,114.08029137931034
RNFT2,Luminal A,80.92190735930735
RNFT2,Luminal B,128.52157244094488
RNFT2,Normal-like,137.7703125
RPLP0P2,Basal-like,59.90566391752577
RPLP0P2,HER2-enriched,80.38777586206896
RPLP0P2,Luminal A,77.23098138528138
RPLP0P2,Luminal B,57.548945669291335
RPLP0P2,Normal-like,87.936675
RRM2,Basal-like,1881.4785402061855
RRM2,HER2-enriched,2297.1289689655173
RRM2,Luminal A,669.3456428571428
RRM2,Luminal B,1684.8951173228347
RRM2,Normal-like,811.5524875
RSAD2,Basal-like,1301.5294010309278
RSAD2,HER2-enriched,1038.3779241379311
RSAD2,Luminal A,611.5995731601731
RSAD2,Luminal B,850.3955527559056
RSAD2,Normal-like,709.9950124999999
RTKN2,Basal-like,355.7956762886598
RTKN2,HER2-enriched,292.46185172413794
RTKN2,Luminal A,135.7868536796537
RTKN2,Luminal B,235.75615511811023
RTKN2,Normal-like,143.3188625
RUFY4,Basal-like,31.199740206185567
RUFY4,HER2-enriched,12.362796551724138
RUFY4,Luminal A,10.597948484848486
RUFY4,Luminal B,13.796170866141733
RUFY4,Normal-like,20.455675
RUNX2,Basal-like,304.68025463917525
RUNX2,HER2-enriched,387.5841982758621
RUNX2,Luminal A,440.24141082251083
RUNX2,Luminal B,337.2884244094488
RUNX2,Normal-like,310.8807875
RUSC1,Basal-like,1436.0925907216495
RUSC1,HER2-enriched,1717.4266413793102
RUSC1,Luminal A,1244.6313255411255
RUSC1,Luminal B,1674.8136228346457
RUSC1,Normal-like,1066.041725
S100A11,Basal-like,17147.843253608247
S100A11,HER2-enriched,15181.290629310344
S100A11,Luminal A,8512.170077922077
S100A11,Luminal B,8113.757407874015
S100A11,Normal-like,14758.676987499999
S100P,Basal-like,1129.0111845360825
S100P,HER2-enriched,1856.3779086206896
S100P,Luminal A,889.1868541125541
S100P,Luminal B,976.5321354330708
S100P,Normal-like,334.011625
SALL4,Basal-like,30.35076701030928
SALL4,HER2-enriched,51.793225862068965
SALL4,Luminal A,38.88602424242424
SALL4,Luminal B,37.94858503937008
SALL4,Normal-like,12.0898875
SAMD1,Basal-like,427.4814824742268
SAMD1,HER2-enriched,387.8416431034483
SAMD1,Luminal A,324.82292813852814
SAMD1,Luminal B,376.1492157480315
SAMD1,Normal-like,307.277125
SAMD14,Basal-like,19.409373195876288
SAMD14,HER2-enriched,22.96313448275862
SAMD14,Luminal A,23.073777922077923
SAMD14,Luminal B,31.5324
SAMD14,Normal-like,26.6131375
SBK1,Basal-like,1194.0140144329896
SBK1,HER2-enriched,1206.7450396551724
SBK1,Luminal A,765.2204826839827
SBK1,Luminal B,934.4050850393701
SBK1,Normal-like,755.7559
SCIN,Basal-like,99.33439896907217
SCIN,HER2-enriched,406.2707724137931
SCIN,Luminal A,444.01614415584413
SCIN,Luminal B,387.65972677165354
SCIN,Normal-like,111.4933625
SCUBE3,Basal-like,495.77816082474226
SCUBE3,HER2-enriched,248.33711379310344
SCUBE3,Luminal A,195.07186969696969
SCUBE3,Luminal B,161.5201023622047
SCUBE3,Normal-like,29.171325
SDC1,Basal-like,9221.926835051547
SDC1,HER2-enriched,14082.11038448276
SDC1,Luminal A,7700.3742
SDC1,Luminal B,6293.3054472440945
SDC1,Normal-like,3849.065125
SDS,Basal-like,190.50025773195875
SDS,HER2-enriched,273.26807931034483
SDS,Luminal A,219.80508874458874
SDS,Luminal B,262.7013669291339
SDS,Normal-like,231.7470875
SDSL,Basal-like,179.30641134020618
SDSL,HER2-enriched,325.1332051724138
SDSL,Luminal A,333.4072233766234
SDSL,Luminal B,320.2745755905512
SDSL,Normal-like,293.6310375
SEMA3F,Basal-like,1045.7757030927835
SEMA3F,HER2-enriched,1857.7246534482758
SEMA3F,Luminal A,2364.4745865800865
SEMA3F,Luminal B,2792.0390236220474
SEMA3F,Normal-like,1857.6865
SEMA7A,Basal-like,267.43594329896905
SEMA7A,HER2-enriched,232.91067931034482
SEMA7A,Luminal A,157.17537835497836
SEMA7A,Luminal B,182.5780220472441
SEMA7A,Normal-like,183.76749999999998
SEPHS2,Basal-like,2244.426219587629
SEPHS2,HER2-enriched,3959.582365517241
SEPHS2,Luminal A,3362.659048917749
SEPHS2,Luminal B,3997.603444094488
SEPHS2,Normal-like,2182.610875
SERPINB7,Basal-like,164.5447969072165
SERPINB7,HER2-enriched,5.8668517241379305
SERPINB7,Luminal A,11.285539393939395
SERPINB7,Luminal B,5.484301574803149
SERPINB7,Normal-like,5.34865
SH2D2A,Basal-like,170.26158762886598
SH2D2A,HER2-enriched,93.17389655172414
SH2D2A,Luminal A,50.790597835497834
SH2D2A,Luminal B,58.41121653543307
SH2D2A,Normal-like,103.8252625
SHCBP1,Basal-like,413.67407525773194
SHCBP1,HER2-enriched,419.3754482758621
SHCBP1,Luminal A,145.38127575757576
SHCBP1,Luminal B,335.2816779527559
SHCBP1,Normal-like,198.0362375
SIM2,Basal-like,339.63740103092783
SIM2,HER2-enriched,237.19624137931035
SIM2,Luminal A,161.3013515151515
SIM2,Luminal B,191.7593874015748
SIM2,Normal-like,35.02035
SIX2,Basal-like,300.47087422680414
SIX2,HER2-enriched,313.8607827586207
SIX2,Luminal A,134.62689826839826
SIX2,Luminal B,186.15680236220473
SIX2,Normal-like,53.9607875
SIX4,Basal-like,404.3545731958763
SIX4,HER2-enriched,553.8659775862069
SIX4,Luminal A,505.1472346320346
SIX4,Luminal B,732.9141897637795
SIX4,Normal-like,277.38125
SKA1,Basal-like,409.1562463917526
SKA1,HER2-enriched,200.74380172413794
SKA1,Luminal A,90.7989025974026
SKA1,Luminal B,228.05055196850392
SKA1,Normal-like,181.839375
SKA3,Basal-like,447.8021804123711
SKA3,HER2-enriched,330.01023103448273
SKA3,Luminal A,126.89860303030304
SKA3,Luminal B,252.6474401574803
SKA3,Normal-like,202.065225
SLAMF8,Basal-like,734.5237412371134
SLAMF8,HER2-enriched,603.3061241379311
SLAMF8,Luminal A,311.5721571428571
SLAMF8,Luminal B,475.8652338582677
SLAMF8,Normal-like,837.460325
SLC12A8,Basal-like,626.5936092783505
SLC12A8,HER2-enriched,562.5758413793103
SLC12A8,Luminal A,415.5180675324675
SLC12A8,Luminal B,398.1496283464567
SLC12A8,Normal-like,366.3995625
SLC16A3,Basal-like,1011.0469927835052
SLC16A3,HER2-enriched,1181.3464344827587
SLC16A3,Luminal A,643.9029203463203
SLC16A3,Luminal B,913.2302377952756
SLC16A3,Normal-like,1146.6750875
SLC20A1,Basal-like,1343.9989298969072
SLC20A1,HER2-enriched,1725.1365586206896
SLC20A1,Luminal A,1699.4563077922078
SLC20A1,Luminal B,1848.2559842519686
SLC20A1,Normal-like,1423.0070375
SLC24A2,Basal-like,5.487209278350515
SLC24A2,HER2-enriched,13.73923448275862
SLC24A2,Luminal A,30.37615064935065
SLC24A2,Luminal B,15.136304724409449
SLC24A2,Normal-like,7.6497125
SLC25A39,Basal-like,3363.8382350515462
SLC25A39,HER2-enriched,2740.9741224137933
SLC25A39,Luminal A,2762.73663982684
SLC25A39,Luminal B,3174.1991748031496
SLC25A39,Normal-like,3633.303825
SLC27A4,Basal-like,783.6189927835052
SLC27A4,HER2-enriched,1129.0706931034483
SLC27A4,Luminal A,959.4581601731602
SLC27A4,Luminal B,1297.6259551181101
SLC27A4,Normal-like,1056.7593625
SLC2A6,Basal-like,254.4357381443299
SLC2A6,HER2-enriched,143.06941379310345
SLC2A6,Luminal A,85.36458787878787
SLC2A6,Luminal B,117.47715826771653
SLC2A6,Normal-like,186.07585
SLC35A2,Basal-like,1258.1721134020618
SLC35A2,HER2-enriched,1510.3753344827587
SLC35A2,Luminal A,1032.434597835498
SLC35A2,Luminal B,1264.0760826771655
SLC35A2,Normal-like,1053.154425
SLC38A5,Basal-like,254.92898144329897
SLC38A5,HER2-enriched,175.18074310344826
SLC38A5,Luminal A,173.89022813852813
SLC38A5,Luminal B,117.72077165354331
SLC38A5,Normal-like,117.124175
SLC39A11,Basal-like,1052.5649896907216
SLC39A11,HER2-enriched,2376.40775
SLC39A11,Luminal A,1966.315877056277
SLC39A11,Luminal B,2336.300046456693
SLC39A11,Normal-like,2530.8284625
SLC39A4,Basal-like,679.5796515463918
SLC39A4,HER2-enriched,480.02815172413796
SLC39A4,Luminal A,390.81631774891775
SLC39A4,Luminal B,483.6316787401575
SLC39A4,Normal-like,1855.8222250000001
SLC5A8,Basal-like,127.42587113402062
SLC5A8,HER2-enriched,100.47800517241379
SLC5A8,Luminal A,120.77414372294372
SLC5A8,Luminal B,120.46272519685039
SLC5A8,Normal-like,38.1238
SLC7A5,Basal-like,7511.497587628866
SLC7A5,HER2-enriched,2846.610522413793
SLC7A5,Luminal A,1249.2751086580085
SLC7A5,Luminal B,2327.426974015748
SLC7A5,Normal-like,2231.7081125
SMC4,Basal-like,3398.3994144329895
SMC4,HER2-enriched,2541.533377586207
SMC4,Luminal A,1557.2011329004329
SMC4,Luminal B,2677.553966929134
SMC4,Normal-like,1549.7609625
SOX11,Basal-like,947.3284092783505
SOX11,HER2-enriched,1267.8208172413792
SOX11,Luminal A,60.487083982683984
SOX11,Luminal B,111.89522913385827
SOX11,Normal-like,203.6939625
SPAG5,Basal-like,1219.5554226804124
SPAG5,HER2-enriched,1481.7938086206896
SPAG5,Luminal A,484.2500956709957
SPAG5,Luminal B,1229.916962992126
SPAG5,Normal-like,519.7805625
SPC24,Basal-like,45.48470515463917
SPC24,HER2-enriched,35.14778965517242
SPC24,Luminal A,13.95058051948052
SPC24,Luminal B,37.501109448818895
SPC24,Normal-like,18.0938125
SPC25,Basal-like,224.8412587628866
SPC25,HER2-enriched,185.46890172413794
SPC25,Luminal A,98.17315108225108
SPC25,Luminal B,206.11498897637796
SPC25,Normal-like,174.16165
SPOCD1,Basal-like,88.45404536082474
SPOCD1,HER2-enriched,120.48108103448276
SPOCD1,Luminal A,111.17385194805195
SPOCD1,Luminal B,126.8864188976378
SPOCD1,Normal-like,51.344924999999996
SPP1,Basal-like,7104.537228865979
SPP1,HER2-enriched,4173.0978379310345
SPP1,Luminal A,5028.695932467533
SPP1,Luminal B,4569.859203937008
SPP1,Normal-like,9140.326225
SQLE,Basal-like,2792.827624742268
SQLE,HER2-enriched,3416.1848999999997
SQLE,Luminal A,1940.563658874459
SQLE,Luminal B,3209.2423748031497
SQLE,Normal-like,2932.99135
SRD5A2,Basal-like,22.86928969072165
SRD5A2,HER2-enriched,16.818637931034484
SRD5A2,Luminal A,9.328332467532467
SRD5A2,Luminal B,5.094663779527559
SRD5A2,Normal-like,5.78305
SRMS,Basal-like,17.21879793814433
SRMS,HER2-enriched,65.61092413793104
SRMS,Luminal A,44.34085930735931
SRMS,Luminal B,56.6397125984252
SRMS,Normal-like,24.1056125
ST6GAL2,Basal-like,158.8905113402062
ST6GAL2,HER2-enriched,240.6903379310345
ST6GAL2,Luminal A,321.4358350649351
ST6GAL2,Luminal B,198.0881157480315
ST6GAL2,Normal-like,107.3167
STARD3,Basal-like,820.9682288659794
STARD3,HER2-enriched,5525.570203448276
STARD3,Luminal A,942.8296173160173
STARD3,Luminal B,1556.561574015748
STARD3,Normal-like,757.3702375
STAT1,Basal-like,10974.392421649485
STAT1,HER2-enriched,10619.01516724138
STAT1,Luminal A,6618.920317316018
STAT1,Luminal B,9558.036728346457
STAT1,Normal-like,6652.4121875
STIL,Basal-like,766.5062917525773
STIL,HER2-enriched,465.326325862069
STIL,Luminal A,227.6575844155844
STIL,Luminal B,438.87052913385827
STIL,Normal-like,222.6559
STMN1,Basal-like,9699.836807216494
STMN1,HER2-enriched,5923.89439137931
STMN1,Luminal A,2721.896451082251
STMN1,Luminal B,4369.570028346457
STMN1,Normal-like,5560.6306875
STX1A,Basal-like,115.83081649484537
STX1A,HER2-enriched,215.42201896551725
STX1A,Luminal A,109.57331515151515
STX1A,Luminal B,149.43360157480313
STX1A,Normal-like,127.471675
SULF1,Basal-like,4505.138775257732
SULF1,HER2-enriched,8137.613781034483
SULF1,Luminal A,7028.160227272728
SULF1,Luminal B,6336.636285826771
SULF1,Normal-like,4240.8633625
SULF2,Basal-like,3551.6858154639176
SULF2,HER2-enriched,3995.0696034482758
SULF2,Luminal A,6752.659256709957
SULF2,Luminal B,5602.806543307087
SULF2,Normal-like,10885.1982125
SYCP2,Basal-like,568.7734041237113
SYCP2,HER2-enriched,779.1313844827586
SYCP2,Luminal A,627.2866086580086
SYCP2,Luminal B,1090.3986322834646
SYCP2,Normal-like,706.3687125
SYNGR2,Basal-like,4594.105086597938
SYNGR2,HER2-enriched,7135.771827586207
SYNGR2,Luminal A,5596.671129004329
SYNGR2,Luminal B,7355.798072440944
SYNGR2,Normal-like,7945.324425
SYNGR3,Basal-like,54.25412164948454
SYNGR3,HER2-enriched,64.78782586206897
SYNGR3,Luminal A,58.75169653679654
SYNGR3,Luminal B,88.08184330708661
SYNGR3,Normal-like,120.61077499999999
SYT1,Basal-like,58.671180412371136
SYT1,HER2-enriched,178.51141896551724
SYT1,Luminal A,968.0782757575757
SYT1,Luminal B,909.9181811023622
SYT1,Normal-like,263.30888749999997
TACC3,Basal-like,1468.2281051546393
TACC3,HER2-enriched,1055.3152672413794
TACC3,Luminal A,602.2353722943723
TACC3,Luminal B,1139.5132913385826
TACC3,Normal-like,1236.7427875
TAP1,Basal-like,6527.63576185567
TAP1,HER2-enriched,4269.588589655173
TAP1,Luminal A,2403.0567645021647
TAP1,Luminal B,3577.8098787401573
TAP1,Normal-like,3094.7170625
TBX20,Basal-like,5.7346597938144335
TBX20,HER2-enriched,3.3012706896551722
TBX20,Luminal A,3.535009523809524
TBX20,Luminal B,6.96804409448819
TBX20,Normal-like,0.418725
TCF19,Basal-like,1198.724325773196
TCF19,HER2-enriched,755.75085
TCF19,Luminal A,413.89537748917746
TCF19,Luminal B,871.8364291338582
TCF19,Normal-like,505.74495
TDRKH,Basal-like,796.143475257732
TDRKH,HER2-enriched,622.3256965517241
TDRKH,Luminal A,530.6093757575758
TDRKH,Luminal B,579.8989338582677
TDRKH,Normal-like,324.3306625
TFR2,Basal-like,104.27017113402061
TFR2,HER2-enriched,33.651756896551724
TFR2,Luminal A,48.05564458874459
TFR2,Luminal B,85.21966929133859
TFR2,Normal-like,66.894325
TFRC,Basal-like,5277.017335051546
TFRC,HER2-enriched,5237.055427586207
TFRC,Luminal A,2880.2029982683985
TFRC,Luminal B,3686.628619685039
TFRC,Normal-like,3042.19005
TG,Basal-like,14.435105154639174
TG,HER2-enriched,9.743818965517242
TG,Luminal A,7.689362337662337
TG,Luminal B,8.330237007874016
TG,Normal-like,9.2118
THBS2,Basal-like,5482.017413402062
THBS2,HER2-enriched,8990.112877586207
THBS2,Luminal A,9380.142565800867
THBS2,Luminal B,6161.770116535433
THBS2,Normal-like,4717.3236125
TIGIT,Basal-like,177.86437938144329
TIGIT,HER2-enriched,133.18475172413793
TIGIT,Luminal A,73.63873679653679
TIGIT,Luminal B,94.24465118110236
TIGIT,Normal-like,193.278275
TIMELESS,Basal-like,1137.5905247422681
TIMELESS,HER2-enriched,1322.1753068965518
TIMELESS,Luminal A,838.2365147186147
TIMELESS,Luminal B,1611.8579409448819
TIMELESS,Normal-like,746.7846375
TK1,Basal-like,1904.1228226804124
TK1,HER2-enriched,1910.6677844827586
TK1,Luminal A,824.9983610389611
TK1,Luminal B,2048.1138488188976
TK1,Normal-like,1904.4287749999999
TLCD1,Basal-like,304.8607628865979
TLCD1,HER2-enriched,420.9260275862069
TLCD1,Luminal A,216.72278787878787
TLCD1,Luminal B,286.287688976378
TLCD1,Normal-like,249.4572
TMEM132A,Basal-like,2344.601764948454
TMEM132A,HER2-enriched,3585.2797620689657
TMEM132A,Luminal A,1432.3988255411255
TMEM132A,Luminal B,2042.3591409448818
TMEM132A,Normal-like,1999.0532125
TMEM171,Basal-like,25.537041237113403
TMEM171,HER2-enriched,11.54549827586207
TMEM171,Luminal A,3.336843722943723
TMEM171,Luminal B,5.209907874015748
TMEM171,Normal-like,36.779125
TMEM92,Basal-like,28.621646391752577
TMEM92,HER2-enriched,54.00821724137931
TMEM92,Luminal A,17.894303030303032
TMEM92,Luminal B,15.093383464566928
TMEM92,Normal-like,28.145625000000003
TMEM97,Basal-like,958.011093814433
TMEM97,HER2-enriched,1278.5310672413793
TMEM97,Luminal A,714.6626004329004
TMEM97,Luminal B,1299.4970275590551
TMEM97,Normal-like,924.9030375
TNFRSF4,Basal-like,75.59583092783505
TNFRSF4,HER2-enriched,67.42169827586207
TNFRSF4,Luminal A,45.95534805194805
TNFRSF4,Luminal B,47.2412842519685
TNFRSF4,Normal-like,78.6784875
TNFRSF9,Basal-like,41.23838144329897
TNFRSF9,HER2-enriched,27.845806896551725
TNFRSF9,Luminal A,15.302801731601733
TNFRSF9,Luminal B,19.30508031496063
TNFRSF9,Normal-like,40.5811
TNFSF4,Basal-like,128.99523917525772
TNFSF4,HER2-enriched,179.79136896551725
TNFSF4,Luminal A,179.0450922077922
TNFSF4,Luminal B,187.3286779527559
TNFSF4,Normal-like,139.3051875
TOP2A,Basal-like,5063.445856701031
TOP2A,HER2-enriched,6187.462781034483
TOP2A,Luminal A,2006.9243558441558
TOP2A,Luminal B,5709.498433858268
TOP2A,Normal-like,2122.76245
TPRN,Basal-like,359.45953298969073
TPRN,HER2-enriched,824.2460637931034
TPRN,Luminal A,912.2896722943723
TPRN,Luminal B,812.5543188976378
TPRN,Normal-like,647.1983375
TPX2,Basal-like,3703.167157731959
TPX2,HER2-enriched,2253.4399862068967
TPX2,Luminal A,930.6503614718615
TPX2,Luminal B,2196.8682070866143
TPX2,Normal-like,1273.236825
TRIM59,Basal-like,486.7192587628866
TRIM59,HER2-enriched,406.09705862068967
TRIM59,Luminal A,302.0558038961039
TRIM59,Luminal B,330.71982125984255
TRIM59,Normal-like,254.2933625
TRIP13,Basal-like,900.2447216494845
TRIP13,HER2-enriched,547.7631758620689
TRIP13,Luminal A,249.7162238095238
TRIP13,Luminal B,543.0680811023622
TRIP13,Normal-like,317.9949875
TROAP,Basal-like,458.91667113402065
TROAP,HER2-enriched,400.0035948275862
TROAP,Luminal A,139.03151904761904
TROAP,Luminal B,394.4922464566929
TROAP,Normal-like,362.1107125
TTK,Basal-like,833.5141463917525
TTK,HER2-enriched,459.8717413793103
TTK,Luminal A,165.241712987013
TTK,Luminal B,366.86662125984253
TTK,Normal-like,216.41565
TTYH3,Basal-like,3535.8506154639176
TTYH3,HER2-enriched,3405.3753103448275
TTYH3,Luminal A,1736.300838961039
TTYH3,Luminal B,1739.4982188976378
TTYH3,Normal-like,2533.9260625
TUBA1C,Basal-like,6672.28546185567
TUBA1C,HER2-enriched,6001.264929310345
TUBA1C,Luminal A,3372.1416987012985
TUBA1C,Luminal B,4616.363052755905
TUBA1C,Normal-like,4856.3285875
TUBB3,Basal-like,2315.253907216495
TUBB3,HER2-enriched,2051.7199965517243
TUBB3,Luminal A,817.5022
TUBB3,Luminal B,774.548983464567
TUBB3,Normal-like,701.065975
TUBG1,Basal-like,1279.910444329897
TUBG1,HER2-enriched,1062.6025396551724
TUBG1,Luminal A,1021.7633696969697
TUBG1,Luminal B,1416.0053456692913
TUBG1,Normal-like,1024.4339
TUFT1,Basal-like,1122.2787525773197
TUFT1,HER2-enriched,1373.3568637931035
TUFT1,Luminal A,1373.6489584415585
TUFT1,Luminal B,1474.5431322834645
TUFT1,Normal-like,929.83005
TYMP,Basal-like,2087.8000958762887
TYMP,HER2-enriched,2212.650981034483
TYMP,Luminal A,1521.6644272727274
TYMP,Luminal B,1821.096646456693
TYMP,Normal-like,1735.9630125
TYMS,Basal-like,1530.039919587629
TYMS,HER2-enriched,730.6245655172414
TYMS,Luminal A,425.90549437229436
TYMS,Luminal B,867.5893960629921
TYMS,Normal-like,579.916425
TYRP1,Basal-like,34.289388659793815
TYRP1,HER2-enriched,27.74464827586207
TYRP1,Luminal A,93.58505108225108
TYRP1,Luminal B,27.995570866141733
TYRP1,Normal-like,2.221925
UBE2C,Basal-like,1546.3405711340206
UBE2C,HER2-enriched,1156.2336913793104
UBE2C,Luminal A,381.027312987013
UBE2C,Luminal B,1038.8246039370079
UBE2C,Normal-like,1681.1272000000001
UBE2L6,Basal-like,2710.3198484536083
UBE2L6,HER2-enriched,2837.5146586206897
UBE2L6,Luminal A,2294.0469826839826
UBE2L6,Luminal B,2912.8420196850393
UBE2L6,Normal-like,2552.977475
UBE2S,Basal-like,835.2837948453608
UBE2S,HER2-enriched,553.4919431034483
UBE2S,Luminal A,295.24653116883115
UBE2S,Luminal B,547.4892
UBE2S,Normal-like,627.0493875
UBE2T,Basal-like,813.321912371134
UBE2T,HER2-enriched,690.7322293103448
UBE2T,Luminal A,275.81275930735933
UBE2T,Luminal B,641.6021236220472
UBE2T,Normal-like,540.7928625
UHRF1,Basal-like,660.1805618556701
UHRF1,HER2-enriched,633.9458637931034
UHRF1,Luminal A,303.25757965367967
UHRF1,Luminal B,717.2533275590552
UHRF1,Normal-like,456.4797875
ULBP1,Basal-like,94.93856907216495
ULBP1,HER2-enriched,50.107970689655176
ULBP1,Luminal A,15.328020779220779
ULBP1,Luminal B,36.604184251968505
ULBP1,Normal-like,9.20235
ULBP2,Basal-like,64.77048762886598
ULBP2,HER2-enriched,55.554065517241376
ULBP2,Luminal A,16.147765800865802
ULBP2,Luminal B,19.676512598425198
ULBP2,Normal-like,15.849375
UNC5B,Basal-like,1067.4107804123712
UNC5B,HER2-enriched,1798.230172413793
UNC5B,Luminal A,1948.4853562770563
UNC5B,Luminal B,1549.8097700787403
UNC5B,Normal-like,865.2301
USP35,Basal-like,198.35883711340207
USP35,HER2-enriched,181.91355862068966
USP35,Luminal A,307.5906458874459
USP35,Luminal B,353.03628188976376
USP35,Normal-like,146.5246625
VCAN,Basal-like,6302.766897938144
VCAN,HER2-enriched,10722.332524137932
VCAN,Luminal A,11729.090236796537
VCAN,Luminal B,7425.678243307087
VCAN,Normal-like,7507.2687875
WDHD1,Basal-like,501.8364206185567
WDHD1,HER2-enriched,420.80206896551726
WDHD1,Luminal A,238.8224199134199
WDHD1,Luminal B,410.5245086614173
WDHD1,Normal-like,165.0538125
WDR76,Basal-like,363.9475958762887
WDR76,HER2-enriched,292.99521896551727
WDR76,Luminal A,204.80021385281384
WDR76,Luminal B,398.0361283464567
WDR76,Normal-like,208.8788625
WT1,Basal-like,54.799675257731955
WT1,HER2-enriched,154.36157931034484
WT1,Luminal A,50.569658441558445
WT1,Luminal B,181.26513385826772
WT1,Normal-like,63.881575
XRCC2,Basal-like,176.23669381443298
XRCC2,HER2-enriched,100.92091724137931
XRCC2,Luminal A,58.64926666666667
XRCC2,Luminal B,111.20042755905511
XRCC2,Normal-like,51.2213875
ZBED2,Basal-like,41.33387422680413
ZBED2,HER2-enriched,35.68511896551724
ZBED2,Luminal A,13.805595238095238
ZBED2,Luminal B,22.071229133858267
ZBED2,Normal-like,37.5516875
ZBP1,Basal-like,114.80352886597939
ZBP1,HER2-enriched,96.09465862068966
ZBP1,Luminal A,45.923703463203466
ZBP1,Luminal B,69.45275511811023
ZBP1,Normal-like,66.9908625
ZIC1,Basal-like,280.4626773195876
ZIC1,HER2-enriched,61.57329310344828
ZIC1,Luminal A,21.98885974025974
ZIC1,Luminal B,17.486902362204724
ZIC1,Normal-like,22.8512375
ZIC2,Basal-like,50.22139175257732
ZIC2,HER2-enriched,63.19093103448276
ZIC2,Luminal A,36.082872294372294
ZIC2,Luminal B,71.28541417322835
ZIC2,Normal-like,20.692700000000002
ZNF367,Basal-like,348.2246144329897
ZNF367,HER2-enriched,278.25183620689654
ZNF367,Luminal A,160.1206186147186
ZNF367,Luminal B,351.98554960629923
ZNF367,Normal-like,160.4823
ZNF469,Basal-like,832.6886896907216
ZNF469,HER2-enriched,451.29997413793103
ZNF469,Luminal A,595.1991467532467
ZNF469,Luminal B,347.84449212598423
ZNF469,Normal-like,358.7288
ZNF668,Basal-like,263.1557474226804
ZNF668,HER2-enriched,316.21202068965516
ZNF668,Luminal A,324.34383896103895
ZNF668,Luminal B,290.2154275590551
ZNF668,Normal-like,331.4961125
ZNF695,Basal-like,197.52017422680413
ZNF695,HER2-enriched,98.02504137931035
ZNF695,Luminal A,29.858236796536797
ZNF695,Luminal B,65.30295826771653
ZNF695,Normal-like,46.669175
ZWINT,Basal-like,1152.332643298969
ZWINT,HER2-enriched,1351.6956844827587
ZWINT,Luminal A,581.391551948052
ZWINT,Luminal B,1262.594322047244
ZWINT,Normal-like,958.67885
