category,subcategory,ID,Description,GeneRatio,BgRatio,RichFactor,FoldEnrichment,zScore,pvalue,p.adjust,qvalue,geneID,Count
Human Diseases,Immune disease,hsa05322,Systemic lupus erythematosus,35/330,143/9369,0.24475524475524477,6.948823903369358,13.696595328229835,2.1580068952120742e-20,5.956099030785325e-18,5.292795858783298e-18,H2AC13/H3C12/H2BC17/H3C10/H2AC17/H3C2/H2AC14/H2BC13/CD80/H3C8/H2BC9/H2AC16/H4C14/H3C3/H2BC6/H2BC7/H3C7/H2AC4/H2BC14/H2AC12/H2BC10/FCGR3A/H2AC18/FCGR1A/H3C13/H2AC11/H2BC18/H2AC7/H4C9/H2BC3/H2AX/H2BC11/H2BC15/HLA-DQB1/H2AC21,35
Cellular Processes,Cell growth and death,hsa04110,Cell cycle,36/330,158/9369,0.22784810126582278,6.468814729574223,13.246116820236422,7.937095203948843e-20,1.0953191381449404e-17,9.733385171158319e-18,CDC6/BUB1/PLK1/PKMYT1/CDC20/CDK1/AURKB/TICRR/CCNE2/CDCA5/CDC45/PTTG1/SGO1/TRIP13/CCNE1/TTK/ESPL1/BUB1B/CDC25C/KNL1/CCNB2/E2F1/ESCO2/E2F2/CCNA2/ORC1/NDC80/CCNB1/CDKN2A/CHEK1/CDC25A/MCM2/MAD2L1/CDC7/DBF4/MCM6,36
Human Diseases,Substance dependence,hsa05034,Alcoholism,34/330,191/9369,0.17801047120418848,5.053879105188005,10.815177903649078,2.7207340503349424e-15,2.503075326308147e-13,2.2243194165896198e-13,H2AC13/H3C12/H2BC17/H3C10/H2AC17/H3C2/H2AC14/H2BC13/H3C8/H2BC9/H2AC16/H4C14/H3C3/H2BC6/H2BC7/H3C7/CREB3L1/H2AC4/H2BC14/H2AC12/H2BC10/H2AC18/H3C13/ADORA2A/H2AC11/H2BC18/H2AC7/H4C9/H2BC3/H2AX/H2BC11/GRIN2D/H2BC15/H2AC21,34
Organismal Systems,Immune system,hsa04613,Neutrophil extracellular trap formation,33/330,195/9369,0.16923076923076924,4.804615384615385,10.25814692985147,3.280603436463533e-14,2.2636163711598378e-12,2.0115278965684295e-12,H2AC13/H3C12/H2BC17/H3C10/H2AC17/H3C2/H2AC14/H2BC13/H3C8/H2BC9/H2AC16/H4C14/H3C3/H2BC6/H2BC7/H3C7/H2AC4/H2BC14/H2AC12/H2BC10/FCGR3A/H2AC18/FCGR1A/H3C13/H2AC11/H2BC18/H2AC7/H4C9/H2BC3/H2AX/H2BC11/H2BC15/H2AC21,33
Human Diseases,Cancer: overview,hsa05203,Viral carcinogenesis,27/330,205/9369,0.13170731707317074,3.739290465631929,7.576919862432868,2.750643455626872e-9,1.5183551875060334e-7,1.3492630003390763e-7,CCR8/H2BC17/CDC20/CDK1/H2BC13/CCNE2/H2BC9/CCNE1/H4C14/H2BC6/H2BC7/CCNA2/CREB3L1/H2BC14/H2BC10/SCIN/H2BC18/CDKN2A/H4C9/CHEK1/H2BC3/H2BC11/IRF7/H2BC15/PMAIP1/BAX/BAK1,27
Genetic Information Processing,Replication and repair,hsa03460,Fanconi anemia pathway,12/330,54/9369,0.2222222222222222,6.3090909090909095,7.475596121330256,2.7053314895478767e-7,1.2444524851920232e-5,1.1058635737976409e-5,UBE2T/EME1/RAD51/BRIP1/BLM/FANCI/FANCA/BRCA1/BRCA2/FANCD2/RMI1/FANCB,12
Genetic Information Processing,Replication and repair,hsa03440,Homologous recombination,9/330,41/9369,0.21951219512195122,6.232150776053214,6.415021674730064,9.676398498664787e-6,3.815265693759259e-4,3.390377218329166e-4,EME1/RAD51/BRIP1/BLM/RAD54B/XRCC2/BRCA1/BRCA2/POLD4,9
Cellular Processes,Cell growth and death,hsa04114,Oocyte meiosis,16/330,138/9369,0.11594202898550725,3.291699604743083,5.181948295160911,2.637440554683711e-5,9.099169913658803e-4,8.085837490017167e-4,BUB1/PLK1/PKMYT1/CDC20/CDK1/CCNE2/AURKA/PTTG1/SGO1/CCNE1/ESPL1/CDC25C/CCNB2/CCNB1/MAD2L1/FBXO43,16
Cellular Processes,Cell growth and death,hsa04115,p53 signaling pathway,11/330,75/9369,0.14666666666666667,4.164000000000001,5.256370753648319,5.705953447214276e-5,0.001715404259875402,0.0015243676298663947,RRM2/CDK1/CCNE2/CCNE1/GTSE1/CCNB2/CCNB1/CDKN2A/CHEK1/PMAIP1/BAX,11
Organismal Systems,Digestive system,hsa04974,Protein digestion and absorption,13/330,103/9369,0.1262135922330097,3.5833186231244483,5.036984993486552,6.215232825635515e-5,0.001715404259875402,0.0015243676298663947,COL10A1/COL11A1/COL20A1/COL1A1/COL22A1/COL5A1/COL5A2/COL1A2/COL8A1/COL3A1/COL12A1/COL6A3/COL8A2,13
Environmental Information Processing,Signaling molecules and interaction,hsa04512,ECM-receptor interaction,11/330,89/9369,0.12359550561797752,3.508988764044944,4.544017020224139,2.7423912075649347e-4,0.006407126687690229,0.0056935946538208375,IBSP/COMP/FN1/SPP1/COL1A1/HMMR/COL1A2/SDC1/ITGA11/THBS2/COL6A3,11
Cellular Processes,Cell growth and death,hsa04217,Necroptosis,16/330,168/9369,0.09523809523809523,2.7038961038961036,4.257948978672931,2.785707255517491e-4,0.006407126687690229,0.0056935946538208375,H2AC13/H2AC17/H2AC14/H2AC16/H2AC4/H2AC12/H2AC18/H2AC11/H2AC7/ZBP1/H2AX/PYCARD/STAT1/H2AC21/PARP1/BAX,16
Cellular Processes,Cell motility,hsa04814,Motor proteins,17/330,194/9369,0.08762886597938144,2.4878631677600747,4.001115047196673,4.839979917249373e-4,0.009957592860766674,0.008848661848049716,KIF4A/TUBB3/KIF26B/KIF20A/KIF14/KIF2C/KIF18B/KIFC1/KIF15/BICDL1/KIF23/KIF11/CENPE/KIFC2/TUBA1C/KIF24/TUBG1,17
Human Diseases,Cancer: specific types,hsa05219,Bladder cancer,7/330,41/9369,0.17073170731707318,4.847228381374723,4.7169996642895855,5.050952900388893e-4,0.009957592860766674,0.008848661848049716,MMP1/MMP9/ERBB2/E2F1/E2F2/CDKN2A/TYMP,7
Human Diseases,Cancer: overview,hsa05202,Transcriptional misregulation in cancer,17/330,201/9369,0.0845771144278607,2.401221166892809,3.8369631946953082,7.259201616661933e-4,0.013356930974657955,0.011869431415313898,WT1/H3C12/H3C10/MMP9/H3C2/H3C8/H3C3/CCNA2/H3C7/ETV7/PLAU/FCGR1A/H3C13/SIX4/RUNX2/BAX/BAK1,17
Human Diseases,Infectious disease: viral,hsa05169,Epstein-Barr virus infection,17/330,205/9369,0.08292682926829269,2.354368070953437,3.746203064845352,9.059433958370421e-4,0.015627523578188977,0.013887158633554659,CXCL10/ISG15/CCNE2/CCNE1/E2F1/E2F2/CCNA2/PSMD3/OAS2/TAP1/OAS3/IRF7/HLA-DQB1/STAT1/BLNK/BAX/BAK1,17
Cellular Processes,Cell growth and death,hsa04218,Cellular senescence,14/330,157/9369,0.08917197452229299,2.531673422119282,3.697934852399738,0.0012675406060650592,0.020578894545526843,0.01828711834137206,MYBL2/FOXM1/CDK1/CCNE2/CCNE1/CCNB2/E2F1/E2F2/CCNA2/CCNB1/CDKN2A/CHEK1/CDC25A/EIF4EBP1,14
Human Diseases,Cancer: specific types,hsa05212,Pancreatic cancer,9/330,77/9369,0.11688311688311688,3.318417945690673,3.9030373708464774,0.001463657781269631,0.022442752646134344,0.019943407195077426,RAD51/ERBB2/E2F1/E2F2/CDKN2A/STAT1/BRCA2/BAX/BAK1,9
Organismal Systems,Endocrine system,hsa04914,Progesterone-mediated oocyte maturation,11/330,110/9369,0.1,2.8390909090909093,3.7071291461769733,0.0016615864754431183,0.0241367298538053,0.02144873400433499,BUB1/PLK1/PKMYT1/CDK1/AURKA/CDC25C/CCNB2/CCNA2/CCNB1/CDC25A/MAD2L1,11
Human Diseases,Infectious disease: viral,hsa05166,Human T-cell leukemia virus 1 infection,17/330,224/9369,0.07589285714285714,2.1546672077922078,3.342021228404134,0.002370122716478059,0.032707693487397216,0.029065189102073036,CDC20/CCNE2/PTTG1/CCNE1/ESPL1/BUB1B/CCNB2/E2F1/E2F2/CCNA2/CREB3L1/LTA/CDKN2A/CHEK1/MAD2L1/HLA-DQB1/BAX,17
Genetic Information Processing,Chromosome,hsa03082,ATP-dependent chromatin remodeling,11/330,117/9369,0.09401709401709402,2.669230769230769,3.4714564245014046,0.002719605013627372,0.035743380179102606,0.031762805422314674,H2AC13/H2AC17/H2AC14/H2AC16/H2AC4/H2AC12/H2AC18/H2AC11/H2AC7/H2AX/H2AC21,11
Human Diseases,Infectious disease: viral,hsa05164,Influenza A,14/330,173/9369,0.08092485549132948,2.2975302154492905,3.291253000543144,0.003151596214761871,0.03953820705792165,0.03513502000189071,CXCL10/IL12B/KPNA2/OAS2/RSAD2/OAS3/IRF7/PYCARD/HLA-DQB1/STAT1/IFIH1/BAX/BAK1/ADAR,14
Human Diseases,Infectious disease: viral,hsa05165,Human papillomavirus infection,22/330,333/9369,0.06606606606606606,1.8756756756756754,3.108833832256971,0.003378068768292079,0.04053682521950495,0.036022426682473886,IBSP/COMP/FN1/SPP1/ISG15/COL1A1/CCNE2/CCNE1/E2F1/COL1A2/CCNA2/CREB3L1/OASL/ITGA11/STAT1/THBS2/COL6A3/EIF4EBP1/TUBG1/ATP6AP1/BAX/BAK1,22
Cellular Processes,Cell motility,hsa04820,Cytoskeleton in muscle cells,17/330,233/9369,0.07296137339055794,2.071439719079204,3.1643744904391564,0.0035659756067509653,0.0410087194776361,0.03644176826197259,COL11A1/COMP/FN1/BGN/COL1A1/COL5A1/COL5A2/COL1A2/DIAPH3/LMNB1/COL3A1/SDC1/VCAN/ITGA11/THBS2/LMNB2/COL6A3,17
Metabolism,Nucleotide metabolism,hsa00240,Pyrimidine metabolism,7/330,58/9369,0.1206896551724138,3.426489028213166,3.5417212985644086,0.0040532047409495755,0.04333706835604315,0.038510819706171075,RRM2/TK1/TYMP/CMPK2/NME1/TYMS/CTPS1,7
Human Diseases,Cancer: specific types,hsa05215,Prostate cancer,10/330,106/9369,0.09433962264150944,2.6783876500857633,3.320393795126999,0.0040824774538301524,0.04333706835604315,0.038510819706171075,MMP9/CCNE2/CCNE1/ERBB2/E2F1/E2F2/CREB3L1/LEF1/SRD5A2/PLAU,10
Human Diseases,Drug resistance: antineoplastic,hsa01524,Platinum drug resistance,8/330,75/9369,0.10666666666666667,3.0283636363636366,3.3697317623089678,0.004708636143752686,0.04813272502502746,0.04277240629607704,TOP2A/ERBB2/BIRC5/CDKN2A/PMAIP1/BRCA1/BAX/BAK1,8
Human Diseases,Infectious disease: viral,hsa05161,Hepatitis B,13/330,163/9369,0.07975460122699386,2.2643056330172895,3.111219180901346,0.004941672347872164,0.04871077028616847,0.04328607733286519,MMP9/CCNE2/CCNE1/E2F1/E2F2/CCNA2/CREB3L1/BIRC5/IRF7/STAT1/ATP6AP1/IFIH1/BAX,13
