ID,Description,GeneRatio,BgRatio,RichFactor,FoldEnrichment,zScore,pvalue,p.adjust,qvalue,geneID,Count
GO:0030527,structural constituent of chromatin,34/604,98/18662,0.3469387755102041,10.719489120151371,17.642974130883537,3.206652007674336e-26,2.404989005755752e-23,2.2514072517039812e-23,H2AC13/H3C12/H2BC17/H3C10/H1-6/H2AC17/H3C2/H2BC13/CENPA/H3C8/H2BC9/H2AC16/H4C14/H3C3/H2BC6/H2BC7/H3C7/H2AC4/H2BC14/H2AC12/H2BC10/H2AC18/H3C13/H2AC11/H2BC18/H2AC7/H4C9/H1-5/H2BC3/H2AX/H2BC11/H2BC15/H2AC21/HMGA1,34
GO:0046982,protein heterodimerization activity,44/604,371/18662,0.11859838274932614,3.6643758590528552,9.480141537536616,9.525475034952298e-14,3.572053138107111e-11,3.34394307805957e-11,CEACAM6/H2AC13/H3C12/TOP2A/H2BC17/H3C10/SIM2/IL12B/H2AC17/SYT1/H3C2/H2BC13/AURKA/CENPA/H3C8/H2BC9/H2AC16/ERBB2/H4C14/H3C3/H2BC6/H2BC7/H3C7/H2AC4/H2BC14/H2AC12/BIRC5/H2BC10/H2AC18/H3C13/H2AC11/H2BC18/H2AC7/H4C9/H2BC3/H2AX/PAFAH1B3/KCNK1/H2BC11/H2BC15/H2AC21/RCC1/BAX/BAK1,44
GO:0005201,extracellular matrix structural constituent,29/604,175/18662,0.1657142857142857,5.120132450331126,10.01493379557561,4.142272883353039e-13,1.0355682208382597e-10,9.69437197612799e-11,COL10A1/COL11A1/HAPLN1/COMP/FN1/ESM1/BGN/MATN3/ACAN/COL1A1/COL22A1/COL5A1/CTHRC1/COL5A2/POSTN/COL1A2/MFAP2/COL8A1/ASPN/COL3A1/COL12A1/VCAN/TUFT1/MXRA5/THBS2/EDIL3/COL6A3/AEBP1/COL8A2,29
GO:0008017,microtubule binding,31/604,281/18662,0.1103202846975089,3.408604557988263,7.440210068751317,2.7607689140525833e-9,5.176441713848593e-7,4.845875962297561e-7,KIF4A/NUF2/KIF26B/KIF20A/PLK1/KIF14/DLGAP5/CENPF/SPAG5/FAM83D/KIF2C/KIF18B/SPC24/SKA3/KIFC1/GTSE1/KNL1/KIF15/SKA1/KIF23/DIAPH3/NDC80/BIRC5/KIF11/CENPE/PRC1/GAS2L3/KIFC2/RACGAP1/KIF24/RCC2,31
GO:0030020,extracellular matrix structural constituent conferring tensile strength,12/604,42/18662,0.2857142857142857,8.827814569536423,9.288090482113011,5.391648609075061e-9,8.087472913612591e-7,7.571009731059086e-7,COL10A1/COL11A1/COL1A1/COL22A1/COL5A1/COL5A2/COL1A2/COL8A1/COL3A1/COL12A1/COL6A3/COL8A2,12
GO:0120543,macromolecular conformation isomerase activity,30/604,283/18662,0.10600706713780919,3.275337561135422,7.053898666437437,1.2617629964222626e-8,1.5772037455278282e-6,1.4764840677432442e-6,DQX1/KIF4A/TOP2A/KIF26B/KIF20A/KIF14/KIF2C/KIF18B/ERCC6L/KIFC1/RAD51/RECQL4/KIF15/POLQ/KIF23/KIF11/BRIP1/CENPE/BLM/RAD54B/KIFC2/MCM2/HELLS/PIF1/KIF24/CHTF18/DDX39A/HELZ2/IFIH1/MCM6,30
GO:0015631,tubulin binding,35/604,391/18662,0.08951406649616368,2.7657475313765008,6.453375397287115,6.038724721972301e-8,6.47006220211318e-6,6.0568863000834965e-6,KIF4A/NUF2/KIF26B/KIF20A/PLK1/KIF14/DLGAP5/CENPF/SPAG5/FAM83D/KIF2C/KIF18B/SPC24/SKA3/KIFC1/GTSE1/KNL1/KIF15/SKA1/KIF23/DIAPH3/NDC80/BIRC5/KIF11/CENPE/PRC1/GAS2L3/KIFC2/RACGAP1/STMN1/KIF24/BRCA1/CDK5R1/BRCA2/RCC2,35
GO:0003777,microtubule motor activity,13/604,68/18662,0.19117647058823528,5.906846513439812,7.413471424125088,2.299787895168816e-7,2.156051151720765e-5,2.018366481681053e-5,KIF4A/KIF26B/KIF20A/KIF14/KIF2C/KIF18B/KIFC1/KIF15/KIF23/KIF11/CENPE/KIFC2/KIF24,13
GO:0016853,isomerase activity,35/604,433/18662,0.08083140877598152,2.497476408240674,5.76598643322914,7.016217416214594e-7,5.8468478468454944e-5,5.4734701948715016e-5,DQX1/KIF4A/TOP2A/KIF26B/KIF20A/KIF14/KIF2C/KIF18B/ERCC6L/KIFC1/RAD51/RECQL4/KIF15/POLQ/KIF23/KIF11/BRIP1/CENPE/BLM/RAD54B/KIFC2/MCM2/HELLS/YJEFN3/PIF1/KIF24/CHTF18/GFUS/FKBP10/DDX39A/HELZ2/PDIA4/SDSL/IFIH1/MCM6,35
GO:0140097,"catalytic activity, acting on DNA",23/604,254/18662,0.09055118110236221,2.7977916253845754,5.27599056116948,9.307981330383122e-6,6.980985997787341e-4,6.535182681437413e-4,TOP2A/EXO1/NEIL3/EME1/ERCC6L/RAD51/RECQL4/POLQ/BRIP1/BLM/RAD54B/XRCC2/MCM2/FEN1/HELLS/PIF1/HMGA1/NME1/CHTF18/ISG20/DNMT1/MCM6/POLD4,23
GO:0003678,DNA helicase activity,10/604,59/18662,0.1694915254237288,5.236839151419912,5.961116244114327,1.7602900012503142e-5,9.959802972370208e-4,9.323773449222357e-4,RAD51/RECQL4/POLQ/BRIP1/BLM/RAD54B/MCM2/PIF1/CHTF18/MCM6,10
GO:0120545,nucleic acid conformation isomerase activity,17/604,161/18662,0.10559006211180125,3.2624532104808526,5.27285761690767,1.9110747079038062e-5,9.959802972370208e-4,9.323773449222357e-4,DQX1/TOP2A/ERCC6L/RAD51/RECQL4/POLQ/BRIP1/BLM/RAD54B/MCM2/HELLS/PIF1/CHTF18/DDX39A/HELZ2/IFIH1/MCM6,17
GO:0000217,DNA secondary structure binding,8/604,37/18662,0.21621621621621623,6.680508322892429,6.325444116489975,1.9346316239655506e-5,9.959802972370208e-4,9.323773449222357e-4,CLSPN/NEIL3/RECQL4/HMGB3/RAD51AP1/BLM/XRCC2/HMGA1,8
GO:0016538,cyclin-dependent protein serine/threonine kinase regulator activity,9/604,48/18662,0.1875,5.793253311258278,6.081101415364894,1.991960594474042e-5,9.959802972370208e-4,9.323773449222357e-4,CCNE2/CCNE1/CCNB2/CCNA2/CKS2/CCNB1/CDKN2A/CCNF/CDK5R1,9
GO:0019914,cyclin-dependent protein kinase regulator activity,9/604,48/18662,0.1875,5.793253311258278,6.081101415364894,1.991960594474042e-5,9.959802972370208e-4,9.323773449222357e-4,CCNE2/CCNE1/CCNB2/CCNA2/CKS2/CCNB1/CDKN2A/CCNF/CDK5R1,9
GO:0004386,helicase activity,16/604,148/18662,0.10810810810810811,3.3402541614462145,5.22750979907416,2.4925247044875445e-5,0.0011683709552285364,0.0010937591959823633,DQX1/ERCC6L/RAD51/RECQL4/POLQ/BRIP1/BLM/RAD54B/MCM2/HELLS/PIF1/CHTF18/DDX39A/HELZ2/IFIH1/MCM6,16
GO:0008094,"ATP-dependent activity, acting on DNA",14/604,119/18662,0.11764705882352941,3.6349824698091155,5.2736622633731525,3.088822340867253e-5,0.0013627157386179058,0.0012756931896956395,TOP2A/ERCC6L/RAD51/RECQL4/POLQ/BRIP1/BLM/RAD54B/XRCC2/MCM2/HELLS/PIF1/CHTF18/MCM6,14
GO:0030021,extracellular matrix structural constituent conferring compression resistance,6/604,22/18662,0.2727272727272727,8.426550270921132,6.374213605600414,5.370950550327028e-5,0.0022378960626362617,0.002094984805302999,HAPLN1/BGN/ACAN/ASPN/VCAN/TUFT1,6
GO:0017116,single-stranded DNA helicase activity,6/604,23/18662,0.2608695652173913,8.060178520011517,6.196113974303097,7.068741350383767e-5,0.0027902926383093817,0.0026121055294769935,RAD51/POLQ/MCM2/PIF1/CHTF18/MCM6,6
GO:0003774,cytoskeletal motor activity,13/604,114/18662,0.11403508771929824,3.523382130823748,4.942401317928455,8.156447628835277e-5,0.003058667860813229,0.0028633424044384897,KIF4A/KIF26B/KIF20A/KIF14/KIF2C/KIF18B/KIFC1/KIF15/KIF23/KIF11/CENPE/KIFC2/KIF24,13
GO:0005518,collagen binding,10/604,72/18662,0.1388888888888889,4.291298749080206,5.1173480909976705,1.0304894623636064e-4,0.0036803195084414513,0.0034452955959725583,MMP13/COMP/LRRC15/FN1/MMP9/SERPINH1/ITGA11/P3H4/RELL2/AEBP1,10
GO:0003688,DNA replication origin binding,5/604,16/18662,0.3125,9.655422185430464,6.334414945583549,1.1340700083263423e-4,0.0038661477556579857,0.003619256916524739,CDC6/CDC45/MCM10/ORC1/MCM2,5
GO:0120544,polypeptide conformation or assembly isomerase activity,13/604,122/18662,0.10655737704918032,3.2923406796221903,4.645744412657417,1.6337173877078285e-4,0.005327339307742919,0.004987137288792319,KIF4A/KIF26B/KIF20A/KIF14/KIF2C/KIF18B/KIFC1/KIF15/KIF23/KIF11/CENPE/KIFC2/KIF24,13
GO:0016887,ATP hydrolysis activity,27/604,400/18662,0.0675,2.0855711920529805,4.013887885126212,2.783003553547559e-4,0.008355623354997335,0.007822036179344873,KIF20A/KIF14/KIF2C/KIF18B/ERCC6L/TRIP13/KIFC1/RECQL4/KIF15/POLQ/KIF23/ORC1/BRIP1/BLM/KIFC2/MCM2/TAP1/ATAD2/PIF1/CHTF18/DDX39A/HELZ2/SMC4/IFIH1/ABCC5/MCM6/TOR3A,27
GO:0008574,plus-end-directed microtubule motor activity,5/604,19/18662,0.2631578947368421,8.130881840362497,5.687393041383235,2.7852077849991117e-4,0.008355623354997335,0.007822036179344873,KIF14/KIF18B/KIF15/KIF11/KIFC2,5
GO:0048407,platelet-derived growth factor binding,4/604,11/18662,0.36363636363636365,11.235400361228175,6.2101375251394995,2.9899915966831664e-4,0.00862497575966298,0.008074187833958187,COL1A1/COL5A1/COL1A2/COL3A1,4
GO:0005178,integrin binding,14/604,152/18662,0.09210526315789473,2.845808644126873,4.178845950044688,4.2866365542074586e-4,0.011907323761687386,0.011146926244274366,IBSP/COMP/CCN4/FN1/ESM1/SPP1/ISG15/COL5A1/COL3A1/MMP14/THY1/SEMA7A/EDIL3/SFRP2,14
GO:0003684,damaged DNA binding,9/604,74/18662,0.12162162162162163,3.7577859316269917,4.347215616125849,6.226328534769443e-4,0.016677665718132437,0.015612635837185033,NEIL3/AUNIP/RECQL4/POLQ/BLM/H2AX/FEN1/BRCA1/PARP1,9
GO:0004222,metalloendopeptidase activity,11/604,109/18662,0.10091743119266056,3.1180812929096544,4.0560182701990115,8.116985084969476e-4,0.020871044553703387,0.019538226971677418,MMP1/MMP11/MMP13/ADAMTS20/ADAMTS14/ADAMDEC1/MMP9/ADAM8/MMP14/ADAM19/ADAMTS7,11
GO:0005539,glycosaminoglycan binding,18/604,240/18662,0.075,2.317301324503311,3.756414097684437,8.550526651869495e-4,0.020871044553703387,0.019538226971677418,EPYC/HAPLN1/COMP/CXCL11/CXCL10/CCN4/FN1/CEMIP/BGN/ACAN/COL5A1/SULF1/HMMR/POSTN/NOD2/VCAN/THBS2/SULF2,18
GO:0005540,hyaluronic acid binding,5/604,24/18662,0.20833333333333334,6.43694812362031,4.874300027601472,8.904979009580112e-4,0.020871044553703387,0.019538226971677418,HAPLN1/CEMIP/ACAN/HMMR/VCAN,5
GO:0035173,histone kinase activity,5/604,24/18662,0.20833333333333334,6.43694812362031,4.874300027601472,8.904979009580112e-4,0.020871044553703387,0.019538226971677418,BUB1/CDK1/AURKA/HASPIN/CHEK1,5
GO:0008301,"DNA binding, bending",4/604,17/18662,0.23529411764705882,7.269964939618231,4.7299819190419825,0.0018472588699489827,0.041983156135204154,0.039302126515342,TOP2A/LEF1/HMGB3/HMGA1,4
GO:0003697,single-stranded DNA binding,11/604,122/18662,0.09016393442622951,2.7858267289110845,3.6192240627952033,0.002038522432802576,0.044967406605939175,0.042095803798121306,CDC45/NEIL3/MCM10/RAD51/RECQL4/RAD51AP1/BLM/MCM2/SMC4/BRCA2/MCM6,11
