"depmap_id","gene","rna_expression","entrez_id","gene_name","cell_line","cell_line_name","lineage_molecular_subtype","primary_or_metastasis"
"ACH-000828","STAT1 (6772)",4.51349074558812,6772,"STAT1","ZR7530_BREAST","ZR-75-30","HER2_amp","Metastasis"
"ACH-000117","STAT1 (6772)",5.17552460108987,6772,"STAT1","EFM192A_BREAST","EFM-192A","HER2_amp","Metastasis"
"ACH-000017","STAT1 (6772)",4.58436125251871,6772,"STAT1","SKBR3_BREAST","SK-BR-3","HER2_amp","Metastasis"
"ACH-000554","STAT1 (6772)",4.87921563716567,6772,"STAT1","UACC893_BREAST","UACC-893","HER2_amp","Primary"
"ACH-000276","STAT1 (6772)",6.29314973674186,6772,"STAT1","HCC38_BREAST","HCC38","basal_A","Primary"
"ACH-000818","STAT1 (6772)",5.11561593142811,6772,"STAT1","BT483_BREAST","BT-483","luminal","Primary"
"ACH-000856","STAT1 (6772)",5.09465834265454,6772,"STAT1","CAL51_BREAST","CAL-51","basal_B","Metastasis"
"ACH-000223","STAT1 (6772)",7.26237677776352,6772,"STAT1","HCC1937_BREAST","HCC1937","basal_A","Primary"
"ACH-000019","STAT1 (6772)",5.92291140625819,6772,"STAT1","MCF7_BREAST","MCF7","luminal","Metastasis"
"ACH-000330","STAT1 (6772)",4.68985823631925,6772,"STAT1","EFM19_BREAST","EFM-19","luminal","Metastasis"
"ACH-000725","STAT1 (6772)",5.29719141656586,6772,"STAT1","HCC202_BREAST","HCC202","HER2_amp","Primary"
"ACH-000643","STAT1 (6772)",6.8870377914192,6772,"STAT1","HDQP1_BREAST","HDQ-P1","basal_A","Primary"
"ACH-000711","STAT1 (6772)",6.57908961472428,6772,"STAT1","JIMT1_BREAST","JIMT-1","basal_A","Metastasis"
"ACH-000248","STAT1 (6772)",4.95326523901484,6772,"STAT1","AU565_BREAST","AU565","HER2_amp","Metastasis"
"ACH-000857","STAT1 (6772)",5.38818953715608,6772,"STAT1","CAL851_BREAST","CAL-85-1","basal_A","Primary"
"ACH-000196","STAT1 (6772)",4.75488750216347,6772,"STAT1","HCC1599_BREAST","HCC1599","basal_A","Primary"
"ACH-000258","STAT1 (6772)",5.23419472295381,6772,"STAT1","DU4475_BREAST","Du4475","luminal_HER2_amp","Metastasis"
"ACH-000691","STAT1 (6772)",4.34269695998193,6772,"STAT1","HCC2157_BREAST","HCC2157","basal_A","Primary"
"ACH-000374","STAT1 (6772)",6.56025639801327,6772,"STAT1","HCC1143_BREAST","HCC1143","basal_A","Primary"
"ACH-000148","STAT1 (6772)",8.23725777090037,6772,"STAT1","HS578T_BREAST","Hs 578T","basal_B","Primary"
"ACH-001392","STAT1 (6772)",3.24944534108584,6772,"STAT1","SUM185PE_BREAST","SUM-185PE","luminal","Metastasis"
"ACH-000876","STAT1 (6772)",6.26472407423801,6772,"STAT1","MDAMB415_BREAST","MDA-MB-415","HER2_amp","Metastasis"
"ACH-000668","STAT1 (6772)",6.9598860482943,6772,"STAT1","HCC70_BREAST","HCC70","basal_A","Primary"
"ACH-001396","STAT1 (6772)",3.69932952567316,6772,"STAT1","SUM52PE_BREAST","SUM-52PE, SUM52","luminal","Metastasis"
"ACH-001419","STAT1 (6772)",4.22804904788446,6772,"STAT1","VP229_BREAST","VP229",NA,"Primary"
"ACH-001389","STAT1 (6772)",6.3885339790918,6772,"STAT1","SUM1315MO2_BREAST","SUM-1315MO2","basal","Metastasis"
"ACH-000568","STAT1 (6772)",3.62993940943954,6772,"STAT1","UACC812_BREAST","UACC-812","luminal","Primary"
"ACH-000111","STAT1 (6772)",5.88337643667284,6772,"STAT1","HCC1187_BREAST","HCC1187","basal_A","Primary"
"ACH-000621","STAT1 (6772)",5.52356195605701,6772,"STAT1","MDAMB157_BREAST","MDA-MB-157","basal_B","Metastasis"
"ACH-000755","STAT1 (6772)",4.48607074373567,6772,"STAT1","HCC2218_BREAST","HCC2218","HER2_amp","Primary"
"ACH-000028","STAT1 (6772)",5.74926608381481,6772,"STAT1","KPL1_BREAST","KPL-1","luminal","Metastasis"
"ACH-000277","STAT1 (6772)",5.34589308568741,6772,"STAT1","HCC1419_BREAST","HCC1419","HER2_amp","Primary"
"ACH-001394","STAT1 (6772)",6.32228872357088,6772,"STAT1","SUM229PE_BREAST","SUM-229PE","basal","Metastasis"
"ACH-000721","STAT1 (6772)",4.92504996472736,6772,"STAT1","HMC18_BREAST","HMC-1-8","basal_B","Metastasis"
"ACH-000902","STAT1 (6772)",4.87332106291482,6772,"STAT1","CAL148_BREAST","CAL-148","luminal_HER2_amp","Metastasis"
"ACH-000859","STAT1 (6772)",7.17990909001494,6772,"STAT1","HCC1954_BREAST","HCC1954","basal_A","Primary"
"ACH-000927","STAT1 (6772)",5.22496636500027,6772,"STAT1","BT474_BREAST","BT-474","HER2_amp","Primary"
"ACH-000768","STAT1 (6772)",5.46923479366766,6772,"STAT1","MDAMB231_BREAST","MDA-MB-231","basal_B","Metastasis"
"ACH-000349","STAT1 (6772)",4.69209237542757,6772,"STAT1","HCC1500_BREAST","HCC1500","luminal","Primary"
"ACH-001393","STAT1 (6772)",5.76977173924945,6772,"STAT1","SUM190PT_BREAST","SUM-190PT","basal_A","Primary"
"ACH-000573","STAT1 (6772)",6.53605290024021,6772,"STAT1","MDAMB436_BREAST","MDA-MB-436","basal_B","Metastasis"
"ACH-000783","STAT1 (6772)",4.83086375675176,6772,"STAT1","CAMA1_BREAST","CAMA-1","luminal","Metastasis"
"ACH-000759","STAT1 (6772)",4.37503943134692,6772,"STAT1","MDAMB175VII_BREAST","MDA-MB-175-VII","HER2_amp","Metastasis"
"ACH-000910","STAT1 (6772)",4.89965902637744,6772,"STAT1","MDAMB453_BREAST","MDA-MB-453","HER2_amp","Metastasis"
"ACH-000147","STAT1 (6772)",4.91981677005279,6772,"STAT1","T47D_BREAST","T-47D","luminal","Metastasis"
"ACH-000930","STAT1 (6772)",5.27798474729977,6772,"STAT1","HCC1569_BREAST","HCC1569","basal_A","Primary"
"ACH-000624","STAT1 (6772)",5.32589006103978,6772,"STAT1","HCC1806_BREAST","HCC1806","basal_A","Primary"
"ACH-000699","STAT1 (6772)",7.05842473695644,6772,"STAT1","HCC1395_BREAST","HCC1395","basal_B","Primary"
"ACH-000044","STAT1 (6772)",5.14649230697719,6772,"STAT1","MDAMB134VI_BREAST","MDA-MB-134-VI","luminal","Metastasis"
"ACH-000352","STAT1 (6772)",6.0393577651597,6772,"STAT1","HCC1428_BREAST","HCC1428","luminal","Metastasis"
"ACH-001390","STAT1 (6772)",4.48220292629596,6772,"STAT1","SUM149PT_BREAST","SUM-149PT","basal_B","Primary"
"ACH-001388","STAT1 (6772)",2.0071955014042,6772,"STAT1","SUM102PT_BREAST","SUM-102PT","basal","Primary"
"ACH-001395","STAT1 (6772)",4.48864353985378,6772,"STAT1","SUM44PE_BREAST","SUM-44PE","luminal","Metastasis"
"ACH-000536","STAT1 (6772)",6.75114232472695,6772,"STAT1","BT20_BREAST","BT-20","basal_A","Primary"
"ACH-001819","STAT1 (6772)",4.70321146739115,6772,"STAT1","MFM223_BREAST","MFM-223","luminal","Metastasis"
"ACH-000212","STAT1 (6772)",5.35684807923652,6772,"STAT1","CAL120_BREAST","CAL-120","basal_B","Metastasis"
"ACH-000849","STAT1 (6772)",6.50668444773076,6772,"STAT1","MDAMB468_BREAST","MDA-MB-468","basal_A","Metastasis"
"ACH-000097","STAT1 (6772)",4.89141918684608,6772,"STAT1","ZR751_BREAST","ZR-75-1","luminal","Metastasis"
"ACH-000288","STAT1 (6772)",5.19534759832222,6772,"STAT1","BT549_BREAST","BT-549","basal_B","Primary"
"ACH-001820","STAT1 (6772)",4.90352037372338,6772,"STAT1","COLO824_BREAST","COLO-824",NA,"Metastasis"
"ACH-001391","STAT1 (6772)",5.71424551766612,6772,"STAT1","SUM159PT_BREAST","SUM-159PT","basal_B","Primary"
"ACH-000934","STAT1 (6772)",5.5505928897043,6772,"STAT1","MDAMB361_BREAST","MDA-MB-361","HER2_amp","Metastasis"
"ACH-000828","STMN1 (3925)",7.18517277514125,3925,"STMN1","ZR7530_BREAST","ZR-75-30","HER2_amp","Metastasis"
"ACH-000117","STMN1 (3925)",8.16405211544544,3925,"STMN1","EFM192A_BREAST","EFM-192A","HER2_amp","Metastasis"
"ACH-000017","STMN1 (3925)",7.70466450681081,3925,"STMN1","SKBR3_BREAST","SK-BR-3","HER2_amp","Metastasis"
"ACH-000554","STMN1 (3925)",7.68601020769285,3925,"STMN1","UACC893_BREAST","UACC-893","HER2_amp","Primary"
"ACH-000276","STMN1 (3925)",8.69449718719896,3925,"STMN1","HCC38_BREAST","HCC38","basal_A","Primary"
"ACH-000818","STMN1 (3925)",7.28243980500639,3925,"STMN1","BT483_BREAST","BT-483","luminal","Primary"
"ACH-000856","STMN1 (3925)",9.03600872369784,3925,"STMN1","CAL51_BREAST","CAL-51","basal_B","Metastasis"
"ACH-000223","STMN1 (3925)",8.82409954832676,3925,"STMN1","HCC1937_BREAST","HCC1937","basal_A","Primary"
"ACH-000019","STMN1 (3925)",7.38154295118458,3925,"STMN1","MCF7_BREAST","MCF7","luminal","Metastasis"
"ACH-000330","STMN1 (3925)",7.84592906524064,3925,"STMN1","EFM19_BREAST","EFM-19","luminal","Metastasis"
"ACH-000725","STMN1 (3925)",8.32773226807884,3925,"STMN1","HCC202_BREAST","HCC202","HER2_amp","Primary"
"ACH-000643","STMN1 (3925)",8.14730669878029,3925,"STMN1","HDQP1_BREAST","HDQ-P1","basal_A","Primary"
"ACH-000711","STMN1 (3925)",7.69481056297988,3925,"STMN1","JIMT1_BREAST","JIMT-1","basal_A","Metastasis"
"ACH-000248","STMN1 (3925)",7.27342264114565,3925,"STMN1","AU565_BREAST","AU565","HER2_amp","Metastasis"
"ACH-000857","STMN1 (3925)",7.53939148509304,3925,"STMN1","CAL851_BREAST","CAL-85-1","basal_A","Primary"
"ACH-000196","STMN1 (3925)",8.79318059867017,3925,"STMN1","HCC1599_BREAST","HCC1599","basal_A","Primary"
"ACH-000258","STMN1 (3925)",9.71544726287588,3925,"STMN1","DU4475_BREAST","Du4475","luminal_HER2_amp","Metastasis"
"ACH-000691","STMN1 (3925)",9.32892171252499,3925,"STMN1","HCC2157_BREAST","HCC2157","basal_A","Primary"
"ACH-000374","STMN1 (3925)",8.59563046362301,3925,"STMN1","HCC1143_BREAST","HCC1143","basal_A","Primary"
"ACH-000148","STMN1 (3925)",8.21247206648851,3925,"STMN1","HS578T_BREAST","Hs 578T","basal_B","Primary"
"ACH-001392","STMN1 (3925)",6.84121837392389,3925,"STMN1","SUM185PE_BREAST","SUM-185PE","luminal","Metastasis"
"ACH-000876","STMN1 (3925)",7.93380866199012,3925,"STMN1","MDAMB415_BREAST","MDA-MB-415","HER2_amp","Metastasis"
"ACH-000668","STMN1 (3925)",9.67680335387385,3925,"STMN1","HCC70_BREAST","HCC70","basal_A","Primary"
"ACH-001396","STMN1 (3925)",6.94673086014031,3925,"STMN1","SUM52PE_BREAST","SUM-52PE, SUM52","luminal","Metastasis"
"ACH-001419","STMN1 (3925)",8.4278994418014,3925,"STMN1","VP229_BREAST","VP229",NA,"Primary"
"ACH-001389","STMN1 (3925)",8.73701067768181,3925,"STMN1","SUM1315MO2_BREAST","SUM-1315MO2","basal","Metastasis"
"ACH-000568","STMN1 (3925)",7.71664800788143,3925,"STMN1","UACC812_BREAST","UACC-812","luminal","Primary"
"ACH-000111","STMN1 (3925)",9.26987472248247,3925,"STMN1","HCC1187_BREAST","HCC1187","basal_A","Primary"
"ACH-000621","STMN1 (3925)",9.00968867895771,3925,"STMN1","MDAMB157_BREAST","MDA-MB-157","basal_B","Metastasis"
"ACH-000755","STMN1 (3925)",5.35402893805439,3925,"STMN1","HCC2218_BREAST","HCC2218","HER2_amp","Primary"
"ACH-000028","STMN1 (3925)",7.68516927210336,3925,"STMN1","KPL1_BREAST","KPL-1","luminal","Metastasis"
"ACH-000277","STMN1 (3925)",7.42122329922514,3925,"STMN1","HCC1419_BREAST","HCC1419","HER2_amp","Primary"
"ACH-001394","STMN1 (3925)",7.90327934205614,3925,"STMN1","SUM229PE_BREAST","SUM-229PE","basal","Metastasis"
"ACH-000721","STMN1 (3925)",7.55205423626544,3925,"STMN1","HMC18_BREAST","HMC-1-8","basal_B","Metastasis"
"ACH-000902","STMN1 (3925)",9.5736282543633,3925,"STMN1","CAL148_BREAST","CAL-148","luminal_HER2_amp","Metastasis"
"ACH-000859","STMN1 (3925)",8.63426653420342,3925,"STMN1","HCC1954_BREAST","HCC1954","basal_A","Primary"
"ACH-000927","STMN1 (3925)",8.80590505812362,3925,"STMN1","BT474_BREAST","BT-474","HER2_amp","Primary"
"ACH-000768","STMN1 (3925)",9.48266680565297,3925,"STMN1","MDAMB231_BREAST","MDA-MB-231","basal_B","Metastasis"
"ACH-000349","STMN1 (3925)",8.00348980282276,3925,"STMN1","HCC1500_BREAST","HCC1500","luminal","Primary"
"ACH-001393","STMN1 (3925)",5.73930807086039,3925,"STMN1","SUM190PT_BREAST","SUM-190PT","basal_A","Primary"
"ACH-000573","STMN1 (3925)",7.08778104770847,3925,"STMN1","MDAMB436_BREAST","MDA-MB-436","basal_B","Metastasis"
"ACH-000783","STMN1 (3925)",8.57795746757296,3925,"STMN1","CAMA1_BREAST","CAMA-1","luminal","Metastasis"
"ACH-000759","STMN1 (3925)",6.23457795978457,3925,"STMN1","MDAMB175VII_BREAST","MDA-MB-175-VII","HER2_amp","Metastasis"
"ACH-000910","STMN1 (3925)",8.94242653344733,3925,"STMN1","MDAMB453_BREAST","MDA-MB-453","HER2_amp","Metastasis"
"ACH-000147","STMN1 (3925)",7.95982810291661,3925,"STMN1","T47D_BREAST","T-47D","luminal","Metastasis"
"ACH-000930","STMN1 (3925)",7.43978933708969,3925,"STMN1","HCC1569_BREAST","HCC1569","basal_A","Primary"
"ACH-000624","STMN1 (3925)",7.92190042842688,3925,"STMN1","HCC1806_BREAST","HCC1806","basal_A","Primary"
"ACH-000699","STMN1 (3925)",8.89415081734428,3925,"STMN1","HCC1395_BREAST","HCC1395","basal_B","Primary"
"ACH-000044","STMN1 (3925)",8.93760922292018,3925,"STMN1","MDAMB134VI_BREAST","MDA-MB-134-VI","luminal","Metastasis"
"ACH-000352","STMN1 (3925)",8.94997257750418,3925,"STMN1","HCC1428_BREAST","HCC1428","luminal","Metastasis"
"ACH-001390","STMN1 (3925)",8.24126817732937,3925,"STMN1","SUM149PT_BREAST","SUM-149PT","basal_B","Primary"
"ACH-001388","STMN1 (3925)",1.18269229751619,3925,"STMN1","SUM102PT_BREAST","SUM-102PT","basal","Primary"
"ACH-001395","STMN1 (3925)",4.88166461932035,3925,"STMN1","SUM44PE_BREAST","SUM-44PE","luminal","Metastasis"
"ACH-000536","STMN1 (3925)",8.3493475835218,3925,"STMN1","BT20_BREAST","BT-20","basal_A","Primary"
"ACH-001819","STMN1 (3925)",8.61988981939689,3925,"STMN1","MFM223_BREAST","MFM-223","luminal","Metastasis"
"ACH-000212","STMN1 (3925)",8.74782374085378,3925,"STMN1","CAL120_BREAST","CAL-120","basal_B","Metastasis"
"ACH-000849","STMN1 (3925)",9.89358973767343,3925,"STMN1","MDAMB468_BREAST","MDA-MB-468","basal_A","Metastasis"
"ACH-000097","STMN1 (3925)",9.24417352478934,3925,"STMN1","ZR751_BREAST","ZR-75-1","luminal","Metastasis"
"ACH-000288","STMN1 (3925)",10.2592724870376,3925,"STMN1","BT549_BREAST","BT-549","basal_B","Primary"
"ACH-001820","STMN1 (3925)",9.71013485609346,3925,"STMN1","COLO824_BREAST","COLO-824",NA,"Metastasis"
"ACH-001391","STMN1 (3925)",8.41485433300797,3925,"STMN1","SUM159PT_BREAST","SUM-159PT","basal_B","Primary"
"ACH-000934","STMN1 (3925)",8.2861418728343,3925,"STMN1","MDAMB361_BREAST","MDA-MB-361","HER2_amp","Metastasis"
"ACH-000828","SPP1 (6696)",1.4594316186373,6696,"SPP1","ZR7530_BREAST","ZR-75-30","HER2_amp","Metastasis"
"ACH-000117","SPP1 (6696)",0.75702324650746,6696,"SPP1","EFM192A_BREAST","EFM-192A","HER2_amp","Metastasis"
"ACH-000017","SPP1 (6696)",0.594548549550354,6696,"SPP1","SKBR3_BREAST","SK-BR-3","HER2_amp","Metastasis"
"ACH-000554","SPP1 (6696)",0.992768430768924,6696,"SPP1","UACC893_BREAST","UACC-893","HER2_amp","Primary"
"ACH-000276","SPP1 (6696)",2.68257329734758,6696,"SPP1","HCC38_BREAST","HCC38","basal_A","Primary"
"ACH-000818","SPP1 (6696)",0.863938450423971,6696,"SPP1","BT483_BREAST","BT-483","luminal","Primary"
"ACH-000856","SPP1 (6696)",8.99794156467303,6696,"SPP1","CAL51_BREAST","CAL-51","basal_B","Metastasis"
"ACH-000223","SPP1 (6696)",0.66902676550963,6696,"SPP1","HCC1937_BREAST","HCC1937","basal_A","Primary"
"ACH-000019","SPP1 (6696)",0.298658315564515,6696,"SPP1","MCF7_BREAST","MCF7","luminal","Metastasis"
"ACH-000330","SPP1 (6696)",0.687060688339892,6696,"SPP1","EFM19_BREAST","EFM-19","luminal","Metastasis"
"ACH-000725","SPP1 (6696)",0.298658315564515,6696,"SPP1","HCC202_BREAST","HCC202","HER2_amp","Primary"
"ACH-000643","SPP1 (6696)",0.933572638261024,6696,"SPP1","HDQP1_BREAST","HDQ-P1","basal_A","Primary"
"ACH-000711","SPP1 (6696)",0.432959407276106,6696,"SPP1","JIMT1_BREAST","JIMT-1","basal_A","Metastasis"
"ACH-000248","SPP1 (6696)",1.48026512205446,6696,"SPP1","AU565_BREAST","AU565","HER2_amp","Metastasis"
"ACH-000857","SPP1 (6696)",0.565597175854225,6696,"SPP1","CAL851_BREAST","CAL-85-1","basal_A","Primary"
"ACH-000196","SPP1 (6696)",0.584962500721156,6696,"SPP1","HCC1599_BREAST","HCC1599","basal_A","Primary"
"ACH-000258","SPP1 (6696)",1.36176835941915,6696,"SPP1","DU4475_BREAST","Du4475","luminal_HER2_amp","Metastasis"
"ACH-000691","SPP1 (6696)",0.565597175854225,6696,"SPP1","HCC2157_BREAST","HCC2157","basal_A","Primary"
"ACH-000374","SPP1 (6696)",0.66902676550963,6696,"SPP1","HCC1143_BREAST","HCC1143","basal_A","Primary"
"ACH-000148","SPP1 (6696)",1.1243281350022,6696,"SPP1","HS578T_BREAST","Hs 578T","basal_B","Primary"
"ACH-001392","SPP1 (6696)",0,6696,"SPP1","SUM185PE_BREAST","SUM-185PE","luminal","Metastasis"
"ACH-000876","SPP1 (6696)",0.823749360308273,6696,"SPP1","MDAMB415_BREAST","MDA-MB-415","HER2_amp","Metastasis"
"ACH-000668","SPP1 (6696)",0.925999418556223,6696,"SPP1","HCC70_BREAST","HCC70","basal_A","Primary"
"ACH-001396","SPP1 (6696)",0.0976107966264223,6696,"SPP1","SUM52PE_BREAST","SUM-52PE, SUM52","luminal","Metastasis"
"ACH-001419","SPP1 (6696)",0,6696,"SPP1","VP229_BREAST","VP229",NA,"Primary"
"ACH-001389","SPP1 (6696)",2.07382023329167,6696,"SPP1","SUM1315MO2_BREAST","SUM-1315MO2","basal","Metastasis"
"ACH-000568","SPP1 (6696)",1.58976348698498,6696,"SPP1","UACC812_BREAST","UACC-812","luminal","Primary"
"ACH-000111","SPP1 (6696)",1.99276843076892,6696,"SPP1","HCC1187_BREAST","HCC1187","basal_A","Primary"
"ACH-000621","SPP1 (6696)",0.659924558402378,6696,"SPP1","MDAMB157_BREAST","MDA-MB-157","basal_B","Metastasis"
"ACH-000755","SPP1 (6696)",0.286881147788161,6696,"SPP1","HCC2218_BREAST","HCC2218","HER2_amp","Primary"
"ACH-000028","SPP1 (6696)",0.739848102699327,6696,"SPP1","KPL1_BREAST","KPL-1","luminal","Metastasis"
"ACH-000277","SPP1 (6696)",0.863938450423971,6696,"SPP1","HCC1419_BREAST","HCC1419","HER2_amp","Primary"
"ACH-001394","SPP1 (6696)",2.03210084316702,6696,"SPP1","SUM229PE_BREAST","SUM-229PE","basal","Metastasis"
"ACH-000721","SPP1 (6696)",9.86772661617982,6696,"SPP1","HMC18_BREAST","HMC-1-8","basal_B","Metastasis"
"ACH-000902","SPP1 (6696)",0.641546029087524,6696,"SPP1","CAL148_BREAST","CAL-148","luminal_HER2_amp","Metastasis"
"ACH-000859","SPP1 (6696)",2.10097764772482,6696,"SPP1","HCC1954_BREAST","HCC1954","basal_A","Primary"
"ACH-000927","SPP1 (6696)",0.641546029087524,6696,"SPP1","BT474_BREAST","BT-474","HER2_amp","Primary"
"ACH-000768","SPP1 (6696)",1.08406426478847,6696,"SPP1","MDAMB231_BREAST","MDA-MB-231","basal_B","Metastasis"
"ACH-000349","SPP1 (6696)",0.687060688339892,6696,"SPP1","HCC1500_BREAST","HCC1500","luminal","Primary"
"ACH-001393","SPP1 (6696)",0,6696,"SPP1","SUM190PT_BREAST","SUM-190PT","basal_A","Primary"
"ACH-000573","SPP1 (6696)",1,6696,"SPP1","MDAMB436_BREAST","MDA-MB-436","basal_B","Metastasis"
"ACH-000783","SPP1 (6696)",0.622930350920177,6696,"SPP1","CAMA1_BREAST","CAMA-1","luminal","Metastasis"
"ACH-000759","SPP1 (6696)",0.799087306074004,6696,"SPP1","MDAMB175VII_BREAST","MDA-MB-175-VII","HER2_amp","Metastasis"
"ACH-000910","SPP1 (6696)",0.454175893185802,6696,"SPP1","MDAMB453_BREAST","MDA-MB-453","HER2_amp","Metastasis"
"ACH-000147","SPP1 (6696)",0.432959407276106,6696,"SPP1","T47D_BREAST","T-47D","luminal","Metastasis"
"ACH-000930","SPP1 (6696)",0.75702324650746,6696,"SPP1","HCC1569_BREAST","HCC1569","basal_A","Primary"
"ACH-000624","SPP1 (6696)",6.99887245399427,6696,"SPP1","HCC1806_BREAST","HCC1806","basal_A","Primary"
"ACH-000699","SPP1 (6696)",1.37295209791183,6696,"SPP1","HCC1395_BREAST","HCC1395","basal_B","Primary"
"ACH-000044","SPP1 (6696)",0.713695814843359,6696,"SPP1","MDAMB134VI_BREAST","MDA-MB-134-VI","luminal","Metastasis"
"ACH-000352","SPP1 (6696)",0.773996325111173,6696,"SPP1","HCC1428_BREAST","HCC1428","luminal","Metastasis"
"ACH-001390","SPP1 (6696)",0.0285691521967709,6696,"SPP1","SUM149PT_BREAST","SUM-149PT","basal_B","Primary"
"ACH-001388","SPP1 (6696)",0,6696,"SPP1","SUM102PT_BREAST","SUM-102PT","basal","Primary"
"ACH-001395","SPP1 (6696)",0,6696,"SPP1","SUM44PE_BREAST","SUM-44PE","luminal","Metastasis"
"ACH-000536","SPP1 (6696)",2.96347412397489,6696,"SPP1","BT20_BREAST","BT-20","basal_A","Primary"
"ACH-001819","SPP1 (6696)",0,6696,"SPP1","MFM223_BREAST","MFM-223","luminal","Metastasis"
"ACH-000212","SPP1 (6696)",1.04264433740849,6696,"SPP1","CAL120_BREAST","CAL-120","basal_B","Metastasis"
"ACH-000849","SPP1 (6696)",2.09761079662642,6696,"SPP1","MDAMB468_BREAST","MDA-MB-468","basal_A","Metastasis"
"ACH-000097","SPP1 (6696)",2.23878685958712,6696,"SPP1","ZR751_BREAST","ZR-75-1","luminal","Metastasis"
"ACH-000288","SPP1 (6696)",0.918386234446348,6696,"SPP1","BT549_BREAST","BT-549","basal_B","Primary"
"ACH-001820","SPP1 (6696)",0,6696,"SPP1","COLO824_BREAST","COLO-824",NA,"Metastasis"
"ACH-001391","SPP1 (6696)",0.070389327891398,6696,"SPP1","SUM159PT_BREAST","SUM-159PT","basal_B","Primary"
"ACH-000934","SPP1 (6696)",3.57046293102604,6696,"SPP1","MDAMB361_BREAST","MDA-MB-361","HER2_amp","Metastasis"
"ACH-000828","ULBP2 (80328)",0.594548549550354,80328,"ULBP2","ZR7530_BREAST","ZR-75-30","HER2_amp","Metastasis"
"ACH-000117","ULBP2 (80328)",3,80328,"ULBP2","EFM192A_BREAST","EFM-192A","HER2_amp","Metastasis"
"ACH-000017","ULBP2 (80328)",1.40053792958373,80328,"ULBP2","SKBR3_BREAST","SK-BR-3","HER2_amp","Metastasis"
"ACH-000554","ULBP2 (80328)",2.35614381022528,80328,"ULBP2","UACC893_BREAST","UACC-893","HER2_amp","Primary"
"ACH-000276","ULBP2 (80328)",1.40053792958373,80328,"ULBP2","HCC38_BREAST","HCC38","basal_A","Primary"
"ACH-000818","ULBP2 (80328)",0.613531652917927,80328,"ULBP2","BT483_BREAST","BT-483","luminal","Primary"
"ACH-000856","ULBP2 (80328)",1.54596836910529,80328,"ULBP2","CAL51_BREAST","CAL-51","basal_B","Metastasis"
"ACH-000223","ULBP2 (80328)",2.92789645372882,80328,"ULBP2","HCC1937_BREAST","HCC1937","basal_A","Primary"
"ACH-000019","ULBP2 (80328)",2.56071495447448,80328,"ULBP2","MCF7_BREAST","MCF7","luminal","Metastasis"
"ACH-000330","ULBP2 (80328)",0.443606651475615,80328,"ULBP2","EFM19_BREAST","EFM-19","luminal","Metastasis"
"ACH-000725","ULBP2 (80328)",0.0565835283663675,80328,"ULBP2","HCC202_BREAST","HCC202","HER2_amp","Primary"
"ACH-000643","ULBP2 (80328)",2.3533232911629,80328,"ULBP2","HDQP1_BREAST","HDQ-P1","basal_A","Primary"
"ACH-000711","ULBP2 (80328)",4.70653055253812,80328,"ULBP2","JIMT1_BREAST","JIMT-1","basal_A","Metastasis"
"ACH-000248","ULBP2 (80328)",2.49825086752783,80328,"ULBP2","AU565_BREAST","AU565","HER2_amp","Metastasis"
"ACH-000857","ULBP2 (80328)",1.87970576628229,80328,"ULBP2","CAL851_BREAST","CAL-85-1","basal_A","Primary"
"ACH-000196","ULBP2 (80328)",2.10097764772482,80328,"ULBP2","HCC1599_BREAST","HCC1599","basal_A","Primary"
"ACH-000258","ULBP2 (80328)",2.97819562968165,80328,"ULBP2","DU4475_BREAST","Du4475","luminal_HER2_amp","Metastasis"
"ACH-000691","ULBP2 (80328)",2.07724299893246,80328,"ULBP2","HCC2157_BREAST","HCC2157","basal_A","Primary"
"ACH-000374","ULBP2 (80328)",4.5033487351675,80328,"ULBP2","HCC1143_BREAST","HCC1143","basal_A","Primary"
"ACH-000148","ULBP2 (80328)",5.72873684336602,80328,"ULBP2","HS578T_BREAST","Hs 578T","basal_B","Primary"
"ACH-001392","ULBP2 (80328)",1.46466826700344,80328,"ULBP2","SUM185PE_BREAST","SUM-185PE","luminal","Metastasis"
"ACH-000876","ULBP2 (80328)",4.05918219921169,80328,"ULBP2","MDAMB415_BREAST","MDA-MB-415","HER2_amp","Metastasis"
"ACH-000668","ULBP2 (80328)",3.96532254836726,80328,"ULBP2","HCC70_BREAST","HCC70","basal_A","Primary"
"ACH-001396","ULBP2 (80328)",0.815575428862573,80328,"ULBP2","SUM52PE_BREAST","SUM-52PE, SUM52","luminal","Metastasis"
"ACH-001419","ULBP2 (80328)",1.97452931248388,80328,"ULBP2","VP229_BREAST","VP229",NA,"Primary"
"ACH-001389","ULBP2 (80328)",1.63691458035588,80328,"ULBP2","SUM1315MO2_BREAST","SUM-1315MO2","basal","Metastasis"
"ACH-000568","ULBP2 (80328)",3.96069703930431,80328,"ULBP2","UACC812_BREAST","UACC-812","luminal","Primary"
"ACH-000111","ULBP2 (80328)",0.475084882948783,80328,"ULBP2","HCC1187_BREAST","HCC1187","basal_A","Primary"
"ACH-000621","ULBP2 (80328)",1.83995958748953,80328,"ULBP2","MDAMB157_BREAST","MDA-MB-157","basal_B","Metastasis"
"ACH-000755","ULBP2 (80328)",0.855989697308481,80328,"ULBP2","HCC2218_BREAST","HCC2218","HER2_amp","Primary"
"ACH-000028","ULBP2 (80328)",2.63923216324928,80328,"ULBP2","KPL1_BREAST","KPL-1","luminal","Metastasis"
"ACH-000277","ULBP2 (80328)",1.48542682717024,80328,"ULBP2","HCC1419_BREAST","HCC1419","HER2_amp","Primary"
"ACH-001394","ULBP2 (80328)",2.57531233068744,80328,"ULBP2","SUM229PE_BREAST","SUM-229PE","basal","Metastasis"
"ACH-000721","ULBP2 (80328)",0.238786859587116,80328,"ULBP2","HMC18_BREAST","HMC-1-8","basal_B","Metastasis"
"ACH-000902","ULBP2 (80328)",0.641546029087524,80328,"ULBP2","CAL148_BREAST","CAL-148","luminal_HER2_amp","Metastasis"
"ACH-000859","ULBP2 (80328)",4.42223300068305,80328,"ULBP2","HCC1954_BREAST","HCC1954","basal_A","Primary"
"ACH-000927","ULBP2 (80328)",0.485426827170242,80328,"ULBP2","BT474_BREAST","BT-474","HER2_amp","Primary"
"ACH-000768","ULBP2 (80328)",4.09592441999854,80328,"ULBP2","MDAMB231_BREAST","MDA-MB-231","basal_B","Metastasis"
"ACH-000349","ULBP2 (80328)",0.0565835283663675,80328,"ULBP2","HCC1500_BREAST","HCC1500","luminal","Primary"
"ACH-001393","ULBP2 (80328)",2.88557436437143,80328,"ULBP2","SUM190PT_BREAST","SUM-190PT","basal_A","Primary"
"ACH-000573","ULBP2 (80328)",5.3743439890385,80328,"ULBP2","MDAMB436_BREAST","MDA-MB-436","basal_B","Metastasis"
"ACH-000783","ULBP2 (80328)",2.15380533607904,80328,"ULBP2","CAMA1_BREAST","CAMA-1","luminal","Metastasis"
"ACH-000759","ULBP2 (80328)",3.86492897228979,80328,"ULBP2","MDAMB175VII_BREAST","MDA-MB-175-VII","HER2_amp","Metastasis"
"ACH-000910","ULBP2 (80328)",1.37295209791183,80328,"ULBP2","MDAMB453_BREAST","MDA-MB-453","HER2_amp","Metastasis"
"ACH-000147","ULBP2 (80328)",1.87184364850932,80328,"ULBP2","T47D_BREAST","T-47D","luminal","Metastasis"
"ACH-000930","ULBP2 (80328)",3.35614381022528,80328,"ULBP2","HCC1569_BREAST","HCC1569","basal_A","Primary"
"ACH-000624","ULBP2 (80328)",2.611172380044,80328,"ULBP2","HCC1806_BREAST","HCC1806","basal_A","Primary"
"ACH-000699","ULBP2 (80328)",3.86888427302877,80328,"ULBP2","HCC1395_BREAST","HCC1395","basal_B","Primary"
"ACH-000044","ULBP2 (80328)",0,80328,"ULBP2","MDAMB134VI_BREAST","MDA-MB-134-VI","luminal","Metastasis"
"ACH-000352","ULBP2 (80328)",0.925999418556223,80328,"ULBP2","HCC1428_BREAST","HCC1428","luminal","Metastasis"
"ACH-001390","ULBP2 (80328)",2.15055967657538,80328,"ULBP2","SUM149PT_BREAST","SUM-149PT","basal_B","Primary"
"ACH-001388","ULBP2 (80328)",1.03562390973072,80328,"ULBP2","SUM102PT_BREAST","SUM-102PT","basal","Primary"
"ACH-001395","ULBP2 (80328)",0.111031312388744,80328,"ULBP2","SUM44PE_BREAST","SUM-44PE","luminal","Metastasis"
"ACH-000536","ULBP2 (80328)",3.08406426478847,80328,"ULBP2","BT20_BREAST","BT-20","basal_A","Primary"
"ACH-001819","ULBP2 (80328)",4.12515513132229,80328,"ULBP2","MFM223_BREAST","MFM-223","luminal","Metastasis"
"ACH-000212","ULBP2 (80328)",1.88752527074159,80328,"ULBP2","CAL120_BREAST","CAL-120","basal_B","Metastasis"
"ACH-000849","ULBP2 (80328)",3.39643353125099,80328,"ULBP2","MDAMB468_BREAST","MDA-MB-468","basal_A","Metastasis"
"ACH-000097","ULBP2 (80328)",1.790772037862,80328,"ULBP2","ZR751_BREAST","ZR-75-1","luminal","Metastasis"
"ACH-000288","ULBP2 (80328)",1.71369581484336,80328,"ULBP2","BT549_BREAST","BT-549","basal_B","Primary"
"ACH-001820","ULBP2 (80328)",3.40190347160796,80328,"ULBP2","COLO824_BREAST","COLO-824",NA,"Metastasis"
"ACH-001391","ULBP2 (80328)",2.14730669878029,80328,"ULBP2","SUM159PT_BREAST","SUM-159PT","basal_B","Primary"
"ACH-000934","ULBP2 (80328)",5.09465834265454,80328,"ULBP2","MDAMB361_BREAST","MDA-MB-361","HER2_amp","Metastasis"
"ACH-000828","MMP13 (4322)",0.16349873228288,4322,"MMP13","ZR7530_BREAST","ZR-75-30","HER2_amp","Metastasis"
"ACH-000117","MMP13 (4322)",0.37851162325373,4322,"MMP13","EFM192A_BREAST","EFM-192A","HER2_amp","Metastasis"
"ACH-000017","MMP13 (4322)",0.6959938131099,4322,"MMP13","SKBR3_BREAST","SK-BR-3","HER2_amp","Metastasis"
"ACH-000554","MMP13 (4322)",0.01435529297707,4322,"MMP13","UACC893_BREAST","UACC-893","HER2_amp","Primary"
"ACH-000276","MMP13 (4322)",1.64154602908752,4322,"MMP13","HCC38_BREAST","HCC38","basal_A","Primary"
"ACH-000818","MMP13 (4322)",0.485426827170242,4322,"MMP13","BT483_BREAST","BT-483","luminal","Primary"
"ACH-000856","MMP13 (4322)",0,4322,"MMP13","CAL51_BREAST","CAL-51","basal_B","Metastasis"
"ACH-000223","MMP13 (4322)",0.01435529297707,4322,"MMP13","HCC1937_BREAST","HCC1937","basal_A","Primary"
"ACH-000019","MMP13 (4322)",0.454175893185802,4322,"MMP13","MCF7_BREAST","MCF7","luminal","Metastasis"
"ACH-000330","MMP13 (4322)",0.411426245726465,4322,"MMP13","EFM19_BREAST","EFM-19","luminal","Metastasis"
"ACH-000725","MMP13 (4322)",0.454175893185802,4322,"MMP13","HCC202_BREAST","HCC202","HER2_amp","Primary"
"ACH-000643","MMP13 (4322)",0.070389327891398,4322,"MMP13","HDQP1_BREAST","HDQ-P1","basal_A","Primary"
"ACH-000711","MMP13 (4322)",0.0285691521967709,4322,"MMP13","JIMT1_BREAST","JIMT-1","basal_A","Metastasis"
"ACH-000248","MMP13 (4322)",0.739848102699327,4322,"MMP13","AU565_BREAST","AU565","HER2_amp","Metastasis"
"ACH-000857","MMP13 (4322)",1.66902676550963,4322,"MMP13","CAL851_BREAST","CAL-85-1","basal_A","Primary"
"ACH-000196","MMP13 (4322)",0.0976107966264223,4322,"MMP13","HCC1599_BREAST","HCC1599","basal_A","Primary"
"ACH-000258","MMP13 (4322)",0.0285691521967709,4322,"MMP13","DU4475_BREAST","Du4475","luminal_HER2_amp","Metastasis"
"ACH-000691","MMP13 (4322)",0.01435529297707,4322,"MMP13","HCC2157_BREAST","HCC2157","basal_A","Primary"
"ACH-000374","MMP13 (4322)",0.516015147003665,4322,"MMP13","HCC1143_BREAST","HCC1143","basal_A","Primary"
"ACH-000148","MMP13 (4322)",0.070389327891398,4322,"MMP13","HS578T_BREAST","Hs 578T","basal_B","Primary"
"ACH-001392","MMP13 (4322)",0.070389327891398,4322,"MMP13","SUM185PE_BREAST","SUM-185PE","luminal","Metastasis"
"ACH-000876","MMP13 (4322)",1.78240856492737,4322,"MMP13","MDAMB415_BREAST","MDA-MB-415","HER2_amp","Metastasis"
"ACH-000668","MMP13 (4322)",1.74846123300404,4322,"MMP13","HCC70_BREAST","HCC70","basal_A","Primary"
"ACH-001396","MMP13 (4322)",0.0565835283663675,4322,"MMP13","SUM52PE_BREAST","SUM-52PE, SUM52","luminal","Metastasis"
"ACH-001419","MMP13 (4322)",0.150559676575381,4322,"MMP13","VP229_BREAST","VP229",NA,"Primary"
"ACH-001389","MMP13 (4322)",0,4322,"MMP13","SUM1315MO2_BREAST","SUM-1315MO2","basal","Metastasis"
"ACH-000568","MMP13 (4322)",0.0285691521967709,4322,"MMP13","UACC812_BREAST","UACC-812","luminal","Primary"
"ACH-000111","MMP13 (4322)",3.74416109557041,4322,"MMP13","HCC1187_BREAST","HCC1187","basal_A","Primary"
"ACH-000621","MMP13 (4322)",1.41142624572647,4322,"MMP13","MDAMB157_BREAST","MDA-MB-157","basal_B","Metastasis"
"ACH-000755","MMP13 (4322)",0.01435529297707,4322,"MMP13","HCC2218_BREAST","HCC2218","HER2_amp","Primary"
"ACH-000028","MMP13 (4322)",0.454175893185802,4322,"MMP13","KPL1_BREAST","KPL-1","luminal","Metastasis"
"ACH-000277","MMP13 (4322)",0.0285691521967709,4322,"MMP13","HCC1419_BREAST","HCC1419","HER2_amp","Primary"
"ACH-001394","MMP13 (4322)",0.464668267003444,4322,"MMP13","SUM229PE_BREAST","SUM-229PE","basal","Metastasis"
"ACH-000721","MMP13 (4322)",0.0285691521967709,4322,"MMP13","HMC18_BREAST","HMC-1-8","basal_B","Metastasis"
"ACH-000902","MMP13 (4322)",0.0426443374084937,4322,"MMP13","CAL148_BREAST","CAL-148","luminal_HER2_amp","Metastasis"
"ACH-000859","MMP13 (4322)",2.41953889151378,4322,"MMP13","HCC1954_BREAST","HCC1954","basal_A","Primary"
"ACH-000927","MMP13 (4322)",0.687060688339892,4322,"MMP13","BT474_BREAST","BT-474","HER2_amp","Primary"
"ACH-000768","MMP13 (4322)",0.16349873228288,4322,"MMP13","MDAMB231_BREAST","MDA-MB-231","basal_B","Metastasis"
"ACH-000349","MMP13 (4322)",0.250961573533219,4322,"MMP13","HCC1500_BREAST","HCC1500","luminal","Primary"
"ACH-001393","MMP13 (4322)",0.505890929729957,4322,"MMP13","SUM190PT_BREAST","SUM-190PT","basal_A","Primary"
"ACH-000573","MMP13 (4322)",0.111031312388744,4322,"MMP13","MDAMB436_BREAST","MDA-MB-436","basal_B","Metastasis"
"ACH-000783","MMP13 (4322)",0.0426443374084937,4322,"MMP13","CAMA1_BREAST","CAMA-1","luminal","Metastasis"
"ACH-000759","MMP13 (4322)",0.495695162624069,4322,"MMP13","MDAMB175VII_BREAST","MDA-MB-175-VII","HER2_amp","Metastasis"
"ACH-000910","MMP13 (4322)",0.22650852980868,4322,"MMP13","MDAMB453_BREAST","MDA-MB-453","HER2_amp","Metastasis"
"ACH-000147","MMP13 (4322)",0.0285691521967709,4322,"MMP13","T47D_BREAST","T-47D","luminal","Metastasis"
"ACH-000930","MMP13 (4322)",0.0285691521967709,4322,"MMP13","HCC1569_BREAST","HCC1569","basal_A","Primary"
"ACH-000624","MMP13 (4322)",1.92219784839637,4322,"MMP13","HCC1806_BREAST","HCC1806","basal_A","Primary"
"ACH-000699","MMP13 (4322)",0.839959587489532,4322,"MMP13","HCC1395_BREAST","HCC1395","basal_B","Primary"
"ACH-000044","MMP13 (4322)",0.01435529297707,4322,"MMP13","MDAMB134VI_BREAST","MDA-MB-134-VI","luminal","Metastasis"
"ACH-000352","MMP13 (4322)",0.0840642647884745,4322,"MMP13","HCC1428_BREAST","HCC1428","luminal","Metastasis"
"ACH-001390","MMP13 (4322)",0.176322772640463,4322,"MMP13","SUM149PT_BREAST","SUM-149PT","basal_B","Primary"
"ACH-001388","MMP13 (4322)",0.01435529297707,4322,"MMP13","SUM102PT_BREAST","SUM-102PT","basal","Primary"
"ACH-001395","MMP13 (4322)",0.0565835283663675,4322,"MMP13","SUM44PE_BREAST","SUM-44PE","luminal","Metastasis"
"ACH-000536","MMP13 (4322)",0.389566811762726,4322,"MMP13","BT20_BREAST","BT-20","basal_A","Primary"
"ACH-001819","MMP13 (4322)",0.22650852980868,4322,"MMP13","MFM223_BREAST","MFM-223","luminal","Metastasis"
"ACH-000212","MMP13 (4322)",0.01435529297707,4322,"MMP13","CAL120_BREAST","CAL-120","basal_B","Metastasis"
"ACH-000849","MMP13 (4322)",0.298658315564515,4322,"MMP13","MDAMB468_BREAST","MDA-MB-468","basal_A","Metastasis"
"ACH-000097","MMP13 (4322)",0.454175893185802,4322,"MMP13","ZR751_BREAST","ZR-75-1","luminal","Metastasis"
"ACH-000288","MMP13 (4322)",0.238786859587116,4322,"MMP13","BT549_BREAST","BT-549","basal_B","Primary"
"ACH-001820","MMP13 (4322)",0,4322,"MMP13","COLO824_BREAST","COLO-824",NA,"Metastasis"
"ACH-001391","MMP13 (4322)",0.0426443374084937,4322,"MMP13","SUM159PT_BREAST","SUM-159PT","basal_B","Primary"
"ACH-000934","MMP13 (4322)",0.831877241191673,4322,"MMP13","MDAMB361_BREAST","MDA-MB-361","HER2_amp","Metastasis"
"ACH-000828","ERBB2 (2064)",11.4466180991125,2064,"ERBB2","ZR7530_BREAST","ZR-75-30","HER2_amp","Metastasis"
"ACH-000117","ERBB2 (2064)",11.4395711962765,2064,"ERBB2","EFM192A_BREAST","EFM-192A","HER2_amp","Metastasis"
"ACH-000017","ERBB2 (2064)",10.8442349877588,2064,"ERBB2","SKBR3_BREAST","SK-BR-3","HER2_amp","Metastasis"
"ACH-000554","ERBB2 (2064)",11.6441717448023,2064,"ERBB2","UACC893_BREAST","UACC-893","HER2_amp","Primary"
"ACH-000276","ERBB2 (2064)",7.12711734972685,2064,"ERBB2","HCC38_BREAST","HCC38","basal_A","Primary"
"ACH-000818","ERBB2 (2064)",8.14062529994519,2064,"ERBB2","BT483_BREAST","BT-483","luminal","Primary"
"ACH-000856","ERBB2 (2064)",6.3327079336406,2064,"ERBB2","CAL51_BREAST","CAL-51","basal_B","Metastasis"
"ACH-000223","ERBB2 (2064)",5.64529816394863,2064,"ERBB2","HCC1937_BREAST","HCC1937","basal_A","Primary"
"ACH-000019","ERBB2 (2064)",5.50652577904312,2064,"ERBB2","MCF7_BREAST","MCF7","luminal","Metastasis"
"ACH-000330","ERBB2 (2064)",7.25048792204964,2064,"ERBB2","EFM19_BREAST","EFM-19","luminal","Metastasis"
"ACH-000725","ERBB2 (2064)",11.0441208557833,2064,"ERBB2","HCC202_BREAST","HCC202","HER2_amp","Primary"
"ACH-000643","ERBB2 (2064)",5.46923479366766,2064,"ERBB2","HDQP1_BREAST","HDQ-P1","basal_A","Primary"
"ACH-000711","ERBB2 (2064)",8.45668296304239,2064,"ERBB2","JIMT1_BREAST","JIMT-1","basal_A","Metastasis"
"ACH-000248","ERBB2 (2064)",11.6120391238615,2064,"ERBB2","AU565_BREAST","AU565","HER2_amp","Metastasis"
"ACH-000857","ERBB2 (2064)",5.22032995487956,2064,"ERBB2","CAL851_BREAST","CAL-85-1","basal_A","Primary"
"ACH-000196","ERBB2 (2064)",5.43229133824778,2064,"ERBB2","HCC1599_BREAST","HCC1599","basal_A","Primary"
"ACH-000258","ERBB2 (2064)",3.32481060342048,2064,"ERBB2","DU4475_BREAST","Du4475","luminal_HER2_amp","Metastasis"
"ACH-000691","ERBB2 (2064)",6.52857131887076,2064,"ERBB2","HCC2157_BREAST","HCC2157","basal_A","Primary"
"ACH-000374","ERBB2 (2064)",5.08788710093312,2064,"ERBB2","HCC1143_BREAST","HCC1143","basal_A","Primary"
"ACH-000148","ERBB2 (2064)",4.72955277045397,2064,"ERBB2","HS578T_BREAST","Hs 578T","basal_B","Primary"
"ACH-001392","ERBB2 (2064)",4.76659516172927,2064,"ERBB2","SUM185PE_BREAST","SUM-185PE","luminal","Metastasis"
"ACH-000876","ERBB2 (2064)",5.85673675611911,2064,"ERBB2","MDAMB415_BREAST","MDA-MB-415","HER2_amp","Metastasis"
"ACH-000668","ERBB2 (2064)",5.40769264866568,2064,"ERBB2","HCC70_BREAST","HCC70","basal_A","Primary"
"ACH-001396","ERBB2 (2064)",5.34411833452143,2064,"ERBB2","SUM52PE_BREAST","SUM-52PE, SUM52","luminal","Metastasis"
"ACH-001419","ERBB2 (2064)",6.36509758975147,2064,"ERBB2","VP229_BREAST","VP229",NA,"Primary"
"ACH-001389","ERBB2 (2064)",3.88362081628567,2064,"ERBB2","SUM1315MO2_BREAST","SUM-1315MO2","basal","Metastasis"
"ACH-000568","ERBB2 (2064)",10.9175958514248,2064,"ERBB2","UACC812_BREAST","UACC-812","luminal","Primary"
"ACH-000111","ERBB2 (2064)",6.76128527336162,2064,"ERBB2","HCC1187_BREAST","HCC1187","basal_A","Primary"
"ACH-000621","ERBB2 (2064)",4.52544250601812,2064,"ERBB2","MDAMB157_BREAST","MDA-MB-157","basal_B","Metastasis"
"ACH-000755","ERBB2 (2064)",10.86062144542,2064,"ERBB2","HCC2218_BREAST","HCC2218","HER2_amp","Primary"
"ACH-000028","ERBB2 (2064)",5.63749432520631,2064,"ERBB2","KPL1_BREAST","KPL-1","luminal","Metastasis"
"ACH-000277","ERBB2 (2064)",11.6090863731469,2064,"ERBB2","HCC1419_BREAST","HCC1419","HER2_amp","Primary"
"ACH-001394","ERBB2 (2064)",4.42693561964834,2064,"ERBB2","SUM229PE_BREAST","SUM-229PE","basal","Metastasis"
"ACH-000721","ERBB2 (2064)",3.71369581484336,2064,"ERBB2","HMC18_BREAST","HMC-1-8","basal_B","Metastasis"
"ACH-000902","ERBB2 (2064)",7.66013854990472,2064,"ERBB2","CAL148_BREAST","CAL-148","luminal_HER2_amp","Metastasis"
"ACH-000859","ERBB2 (2064)",11.8986391735786,2064,"ERBB2","HCC1954_BREAST","HCC1954","basal_A","Primary"
"ACH-000927","ERBB2 (2064)",10.5221891747006,2064,"ERBB2","BT474_BREAST","BT-474","HER2_amp","Primary"
"ACH-000768","ERBB2 (2064)",4.65821148275179,2064,"ERBB2","MDAMB231_BREAST","MDA-MB-231","basal_B","Metastasis"
"ACH-000349","ERBB2 (2064)",5.40258575823259,2064,"ERBB2","HCC1500_BREAST","HCC1500","luminal","Primary"
"ACH-001393","ERBB2 (2064)",11.4116698663825,2064,"ERBB2","SUM190PT_BREAST","SUM-190PT","basal_A","Primary"
"ACH-000573","ERBB2 (2064)",3.95977015521147,2064,"ERBB2","MDAMB436_BREAST","MDA-MB-436","basal_B","Metastasis"
"ACH-000783","ERBB2 (2064)",6.18189764310839,2064,"ERBB2","CAMA1_BREAST","CAMA-1","luminal","Metastasis"
"ACH-000759","ERBB2 (2064)",7.51672433976274,2064,"ERBB2","MDAMB175VII_BREAST","MDA-MB-175-VII","HER2_amp","Metastasis"
"ACH-000910","ERBB2 (2064)",8.05376300930399,2064,"ERBB2","MDAMB453_BREAST","MDA-MB-453","HER2_amp","Metastasis"
"ACH-000147","ERBB2 (2064)",6.33002051583608,2064,"ERBB2","T47D_BREAST","T-47D","luminal","Metastasis"
"ACH-000930","ERBB2 (2064)",11.1111356702347,2064,"ERBB2","HCC1569_BREAST","HCC1569","basal_A","Primary"
"ACH-000624","ERBB2 (2064)",5.00045077177086,2064,"ERBB2","HCC1806_BREAST","HCC1806","basal_A","Primary"
"ACH-000699","ERBB2 (2064)",4.17712050284652,2064,"ERBB2","HCC1395_BREAST","HCC1395","basal_B","Primary"
"ACH-000044","ERBB2 (2064)",4.5341861390901,2064,"ERBB2","MDAMB134VI_BREAST","MDA-MB-134-VI","luminal","Metastasis"
"ACH-000352","ERBB2 (2064)",5.38301301548867,2064,"ERBB2","HCC1428_BREAST","HCC1428","luminal","Metastasis"
"ACH-001390","ERBB2 (2064)",2.76765479823735,2064,"ERBB2","SUM149PT_BREAST","SUM-149PT","basal_B","Primary"
"ACH-001388","ERBB2 (2064)",1.799087306074,2064,"ERBB2","SUM102PT_BREAST","SUM-102PT","basal","Primary"
"ACH-001395","ERBB2 (2064)",4.16108148227718,2064,"ERBB2","SUM44PE_BREAST","SUM-44PE","luminal","Metastasis"
"ACH-000536","ERBB2 (2064)",6.10685079645022,2064,"ERBB2","BT20_BREAST","BT-20","basal_A","Primary"
"ACH-001819","ERBB2 (2064)",5.50589092972996,2064,"ERBB2","MFM223_BREAST","MFM-223","luminal","Metastasis"
"ACH-000212","ERBB2 (2064)",4.58074849176377,2064,"ERBB2","CAL120_BREAST","CAL-120","basal_B","Metastasis"
"ACH-000849","ERBB2 (2064)",4.55213110825378,2064,"ERBB2","MDAMB468_BREAST","MDA-MB-468","basal_A","Metastasis"
"ACH-000097","ERBB2 (2064)",6.75261480413566,2064,"ERBB2","ZR751_BREAST","ZR-75-1","luminal","Metastasis"
"ACH-000288","ERBB2 (2064)",4.13257684267001,2064,"ERBB2","BT549_BREAST","BT-549","basal_B","Primary"
"ACH-001820","ERBB2 (2064)",6.73443866613717,2064,"ERBB2","COLO824_BREAST","COLO-824",NA,"Metastasis"
"ACH-001391","ERBB2 (2064)",4.20006486151431,2064,"ERBB2","SUM159PT_BREAST","SUM-159PT","basal_B","Primary"
"ACH-000934","ERBB2 (2064)",9.65942512142569,2064,"ERBB2","MDAMB361_BREAST","MDA-MB-361","HER2_amp","Metastasis"
"ACH-000828","PARP1 (142)",7.43654498764143,142,"PARP1","ZR7530_BREAST","ZR-75-30","HER2_amp","Metastasis"
"ACH-000117","PARP1 (142)",6.95035176203436,142,"PARP1","EFM192A_BREAST","EFM-192A","HER2_amp","Metastasis"
"ACH-000017","PARP1 (142)",7.01156272689108,142,"PARP1","SKBR3_BREAST","SK-BR-3","HER2_amp","Metastasis"
"ACH-000554","PARP1 (142)",6.92184093707449,142,"PARP1","UACC893_BREAST","UACC-893","HER2_amp","Primary"
"ACH-000276","PARP1 (142)",6.86703157591929,142,"PARP1","HCC38_BREAST","HCC38","basal_A","Primary"
"ACH-000818","PARP1 (142)",7.53449743373817,142,"PARP1","BT483_BREAST","BT-483","luminal","Primary"
"ACH-000856","PARP1 (142)",7.29682445864937,142,"PARP1","CAL51_BREAST","CAL-51","basal_B","Metastasis"
"ACH-000223","PARP1 (142)",7.06791831519062,142,"PARP1","HCC1937_BREAST","HCC1937","basal_A","Primary"
"ACH-000019","PARP1 (142)",6.08427691053149,142,"PARP1","MCF7_BREAST","MCF7","luminal","Metastasis"
"ACH-000330","PARP1 (142)",7.17162717852808,142,"PARP1","EFM19_BREAST","EFM-19","luminal","Metastasis"
"ACH-000725","PARP1 (142)",7.63008507000212,142,"PARP1","HCC202_BREAST","HCC202","HER2_amp","Primary"
"ACH-000643","PARP1 (142)",5.41717741190639,142,"PARP1","HDQP1_BREAST","HDQ-P1","basal_A","Primary"
"ACH-000711","PARP1 (142)",7.04941295311848,142,"PARP1","JIMT1_BREAST","JIMT-1","basal_A","Metastasis"
"ACH-000248","PARP1 (142)",7.36806987653208,142,"PARP1","AU565_BREAST","AU565","HER2_amp","Metastasis"
"ACH-000857","PARP1 (142)",6.57046293102604,142,"PARP1","CAL851_BREAST","CAL-85-1","basal_A","Primary"
"ACH-000196","PARP1 (142)",6.3264294871223,142,"PARP1","HCC1599_BREAST","HCC1599","basal_A","Primary"
"ACH-000258","PARP1 (142)",8.45984141697577,142,"PARP1","DU4475_BREAST","Du4475","luminal_HER2_amp","Metastasis"
"ACH-000691","PARP1 (142)",7.16922352084042,142,"PARP1","HCC2157_BREAST","HCC2157","basal_A","Primary"
"ACH-000374","PARP1 (142)",6.61249994573944,142,"PARP1","HCC1143_BREAST","HCC1143","basal_A","Primary"
"ACH-000148","PARP1 (142)",5.25964912064916,142,"PARP1","HS578T_BREAST","Hs 578T","basal_B","Primary"
"ACH-001392","PARP1 (142)",4.47248777146274,142,"PARP1","SUM185PE_BREAST","SUM-185PE","luminal","Metastasis"
"ACH-000876","PARP1 (142)",5.67779010121666,142,"PARP1","MDAMB415_BREAST","MDA-MB-415","HER2_amp","Metastasis"
"ACH-000668","PARP1 (142)",7.07991139580328,142,"PARP1","HCC70_BREAST","HCC70","basal_A","Primary"
"ACH-001396","PARP1 (142)",5.90496571868403,142,"PARP1","SUM52PE_BREAST","SUM-52PE, SUM52","luminal","Metastasis"
"ACH-001419","PARP1 (142)",5.48091134604775,142,"PARP1","VP229_BREAST","VP229",NA,"Primary"
"ACH-001389","PARP1 (142)",6.55673594791453,142,"PARP1","SUM1315MO2_BREAST","SUM-1315MO2","basal","Metastasis"
"ACH-000568","PARP1 (142)",5.80477637795583,142,"PARP1","UACC812_BREAST","UACC-812","luminal","Primary"
"ACH-000111","PARP1 (142)",7.1405741777099,142,"PARP1","HCC1187_BREAST","HCC1187","basal_A","Primary"
"ACH-000621","PARP1 (142)",7.02735313393009,142,"PARP1","MDAMB157_BREAST","MDA-MB-157","basal_B","Metastasis"
"ACH-000755","PARP1 (142)",7.94860084749336,142,"PARP1","HCC2218_BREAST","HCC2218","HER2_amp","Primary"
"ACH-000028","PARP1 (142)",6.85934841976571,142,"PARP1","KPL1_BREAST","KPL-1","luminal","Metastasis"
"ACH-000277","PARP1 (142)",6.54843662469604,142,"PARP1","HCC1419_BREAST","HCC1419","HER2_amp","Primary"
"ACH-001394","PARP1 (142)",5.91384682426304,142,"PARP1","SUM229PE_BREAST","SUM-229PE","basal","Metastasis"
"ACH-000721","PARP1 (142)",6.67891698667984,142,"PARP1","HMC18_BREAST","HMC-1-8","basal_B","Metastasis"
"ACH-000902","PARP1 (142)",8.56689124351493,142,"PARP1","CAL148_BREAST","CAL-148","luminal_HER2_amp","Metastasis"
"ACH-000859","PARP1 (142)",6.98925256516599,142,"PARP1","HCC1954_BREAST","HCC1954","basal_A","Primary"
"ACH-000927","PARP1 (142)",7.87657833653718,142,"PARP1","BT474_BREAST","BT-474","HER2_amp","Primary"
"ACH-000768","PARP1 (142)",6.53558643635484,142,"PARP1","MDAMB231_BREAST","MDA-MB-231","basal_B","Metastasis"
"ACH-000349","PARP1 (142)",6.47751543618424,142,"PARP1","HCC1500_BREAST","HCC1500","luminal","Primary"
"ACH-001393","PARP1 (142)",5.93380866199012,142,"PARP1","SUM190PT_BREAST","SUM-190PT","basal_A","Primary"
"ACH-000573","PARP1 (142)",7.32382039058095,142,"PARP1","MDAMB436_BREAST","MDA-MB-436","basal_B","Metastasis"
"ACH-000783","PARP1 (142)",7.04930403348226,142,"PARP1","CAMA1_BREAST","CAMA-1","luminal","Metastasis"
"ACH-000759","PARP1 (142)",6.89154070253711,142,"PARP1","MDAMB175VII_BREAST","MDA-MB-175-VII","HER2_amp","Metastasis"
"ACH-000910","PARP1 (142)",8.1355040882175,142,"PARP1","MDAMB453_BREAST","MDA-MB-453","HER2_amp","Metastasis"
"ACH-000147","PARP1 (142)",6.98447542490412,142,"PARP1","T47D_BREAST","T-47D","luminal","Metastasis"
"ACH-000930","PARP1 (142)",7.43087066354815,142,"PARP1","HCC1569_BREAST","HCC1569","basal_A","Primary"
"ACH-000624","PARP1 (142)",5.87578006306849,142,"PARP1","HCC1806_BREAST","HCC1806","basal_A","Primary"
"ACH-000699","PARP1 (142)",7.48856320938572,142,"PARP1","HCC1395_BREAST","HCC1395","basal_B","Primary"
"ACH-000044","PARP1 (142)",6.27835652801072,142,"PARP1","MDAMB134VI_BREAST","MDA-MB-134-VI","luminal","Metastasis"
"ACH-000352","PARP1 (142)",6.79766152585376,142,"PARP1","HCC1428_BREAST","HCC1428","luminal","Metastasis"
"ACH-001390","PARP1 (142)",6.94661390541276,142,"PARP1","SUM149PT_BREAST","SUM-149PT","basal_B","Primary"
"ACH-001388","PARP1 (142)",2.22958792274065,142,"PARP1","SUM102PT_BREAST","SUM-102PT","basal","Primary"
"ACH-001395","PARP1 (142)",5.70431867776083,142,"PARP1","SUM44PE_BREAST","SUM-44PE","luminal","Metastasis"
"ACH-000536","PARP1 (142)",6.74537180526597,142,"PARP1","BT20_BREAST","BT-20","basal_A","Primary"
"ACH-001819","PARP1 (142)",6.35049724708413,142,"PARP1","MFM223_BREAST","MFM-223","luminal","Metastasis"
"ACH-000212","PARP1 (142)",6.80167602925359,142,"PARP1","CAL120_BREAST","CAL-120","basal_B","Metastasis"
"ACH-000849","PARP1 (142)",6.60747827488413,142,"PARP1","MDAMB468_BREAST","MDA-MB-468","basal_A","Metastasis"
"ACH-000097","PARP1 (142)",6.34216358328935,142,"PARP1","ZR751_BREAST","ZR-75-1","luminal","Metastasis"
"ACH-000288","PARP1 (142)",6.93168305705981,142,"PARP1","BT549_BREAST","BT-549","basal_B","Primary"
"ACH-001820","PARP1 (142)",7.52989901233001,142,"PARP1","COLO824_BREAST","COLO-824",NA,"Metastasis"
"ACH-001391","PARP1 (142)",6.48896481700485,142,"PARP1","SUM159PT_BREAST","SUM-159PT","basal_B","Primary"
"ACH-000934","PARP1 (142)",7.3534115159017,142,"PARP1","MDAMB361_BREAST","MDA-MB-361","HER2_amp","Metastasis"
"ACH-000828","MAL2 (114569)",8.64724254570919,114569,"MAL2","ZR7530_BREAST","ZR-75-30","HER2_amp","Metastasis"
"ACH-000117","MAL2 (114569)",7.82005128463813,114569,"MAL2","EFM192A_BREAST","EFM-192A","HER2_amp","Metastasis"
"ACH-000017","MAL2 (114569)",9.38152132141163,114569,"MAL2","SKBR3_BREAST","SK-BR-3","HER2_amp","Metastasis"
"ACH-000554","MAL2 (114569)",8.51857447895194,114569,"MAL2","UACC893_BREAST","UACC-893","HER2_amp","Primary"
"ACH-000276","MAL2 (114569)",6.89832929772746,114569,"MAL2","HCC38_BREAST","HCC38","basal_A","Primary"
"ACH-000818","MAL2 (114569)",6.91659606789219,114569,"MAL2","BT483_BREAST","BT-483","luminal","Primary"
"ACH-000856","MAL2 (114569)",5.18863829456139,114569,"MAL2","CAL51_BREAST","CAL-51","basal_B","Metastasis"
"ACH-000223","MAL2 (114569)",8.76821741373327,114569,"MAL2","HCC1937_BREAST","HCC1937","basal_A","Primary"
"ACH-000019","MAL2 (114569)",7.63582693043563,114569,"MAL2","MCF7_BREAST","MCF7","luminal","Metastasis"
"ACH-000330","MAL2 (114569)",7.38577613826941,114569,"MAL2","EFM19_BREAST","EFM-19","luminal","Metastasis"
"ACH-000725","MAL2 (114569)",7.83314309635834,114569,"MAL2","HCC202_BREAST","HCC202","HER2_amp","Primary"
"ACH-000643","MAL2 (114569)",8.48546708037656,114569,"MAL2","HDQP1_BREAST","HDQ-P1","basal_A","Primary"
"ACH-000711","MAL2 (114569)",7.33797862945699,114569,"MAL2","JIMT1_BREAST","JIMT-1","basal_A","Metastasis"
"ACH-000248","MAL2 (114569)",9.931165943523,114569,"MAL2","AU565_BREAST","AU565","HER2_amp","Metastasis"
"ACH-000857","MAL2 (114569)",7.14781546030508,114569,"MAL2","CAL851_BREAST","CAL-85-1","basal_A","Primary"
"ACH-000196","MAL2 (114569)",7.04908616953728,114569,"MAL2","HCC1599_BREAST","HCC1599","basal_A","Primary"
"ACH-000258","MAL2 (114569)",6.71328340023074,114569,"MAL2","DU4475_BREAST","Du4475","luminal_HER2_amp","Metastasis"
"ACH-000691","MAL2 (114569)",5.98913900736823,114569,"MAL2","HCC2157_BREAST","HCC2157","basal_A","Primary"
"ACH-000374","MAL2 (114569)",7.65535182861255,114569,"MAL2","HCC1143_BREAST","HCC1143","basal_A","Primary"
"ACH-000148","MAL2 (114569)",0.367371065648529,114569,"MAL2","HS578T_BREAST","Hs 578T","basal_B","Primary"
"ACH-001392","MAL2 (114569)",7.16611285740143,114569,"MAL2","SUM185PE_BREAST","SUM-185PE","luminal","Metastasis"
"ACH-000876","MAL2 (114569)",6.02989454966334,114569,"MAL2","MDAMB415_BREAST","MDA-MB-415","HER2_amp","Metastasis"
"ACH-000668","MAL2 (114569)",8.75074047846627,114569,"MAL2","HCC70_BREAST","HCC70","basal_A","Primary"
"ACH-001396","MAL2 (114569)",7.67898738780421,114569,"MAL2","SUM52PE_BREAST","SUM-52PE, SUM52","luminal","Metastasis"
"ACH-001419","MAL2 (114569)",6.25323293853803,114569,"MAL2","VP229_BREAST","VP229",NA,"Primary"
"ACH-001389","MAL2 (114569)",0.0565835283663675,114569,"MAL2","SUM1315MO2_BREAST","SUM-1315MO2","basal","Metastasis"
"ACH-000568","MAL2 (114569)",6.73998307907973,114569,"MAL2","UACC812_BREAST","UACC-812","luminal","Primary"
"ACH-000111","MAL2 (114569)",6.58466190794147,114569,"MAL2","HCC1187_BREAST","HCC1187","basal_A","Primary"
"ACH-000621","MAL2 (114569)",0.31034012061215,114569,"MAL2","MDAMB157_BREAST","MDA-MB-157","basal_B","Metastasis"
"ACH-000755","MAL2 (114569)",7.80309784950483,114569,"MAL2","HCC2218_BREAST","HCC2218","HER2_amp","Primary"
"ACH-000028","MAL2 (114569)",7.01156272689108,114569,"MAL2","KPL1_BREAST","KPL-1","luminal","Metastasis"
"ACH-000277","MAL2 (114569)",7.31261072298977,114569,"MAL2","HCC1419_BREAST","HCC1419","HER2_amp","Primary"
"ACH-001394","MAL2 (114569)",7.52794609890826,114569,"MAL2","SUM229PE_BREAST","SUM-229PE","basal","Metastasis"
"ACH-000721","MAL2 (114569)",0.27500704749987,114569,"MAL2","HMC18_BREAST","HMC-1-8","basal_B","Metastasis"
"ACH-000902","MAL2 (114569)",4.71314590249026,114569,"MAL2","CAL148_BREAST","CAL-148","luminal_HER2_amp","Metastasis"
"ACH-000859","MAL2 (114569)",7.80251636512122,114569,"MAL2","HCC1954_BREAST","HCC1954","basal_A","Primary"
"ACH-000927","MAL2 (114569)",7.51119918513449,114569,"MAL2","BT474_BREAST","BT-474","HER2_amp","Primary"
"ACH-000768","MAL2 (114569)",3.51475349843975,114569,"MAL2","MDAMB231_BREAST","MDA-MB-231","basal_B","Metastasis"
"ACH-000349","MAL2 (114569)",7.33199177823206,114569,"MAL2","HCC1500_BREAST","HCC1500","luminal","Primary"
"ACH-001393","MAL2 (114569)",7.83459745803134,114569,"MAL2","SUM190PT_BREAST","SUM-190PT","basal_A","Primary"
"ACH-000573","MAL2 (114569)",1.22650852980868,114569,"MAL2","MDAMB436_BREAST","MDA-MB-436","basal_B","Metastasis"
"ACH-000783","MAL2 (114569)",7.10192316061998,114569,"MAL2","CAMA1_BREAST","CAMA-1","luminal","Metastasis"
"ACH-000759","MAL2 (114569)",8.51135734069712,114569,"MAL2","MDAMB175VII_BREAST","MDA-MB-175-VII","HER2_amp","Metastasis"
"ACH-000910","MAL2 (114569)",8.04346481194724,114569,"MAL2","MDAMB453_BREAST","MDA-MB-453","HER2_amp","Metastasis"
"ACH-000147","MAL2 (114569)",6.29278174922785,114569,"MAL2","T47D_BREAST","T-47D","luminal","Metastasis"
"ACH-000930","MAL2 (114569)",0.286881147788161,114569,"MAL2","HCC1569_BREAST","HCC1569","basal_A","Primary"
"ACH-000624","MAL2 (114569)",6.54442356218942,114569,"MAL2","HCC1806_BREAST","HCC1806","basal_A","Primary"
"ACH-000699","MAL2 (114569)",1.32768736417605,114569,"MAL2","HCC1395_BREAST","HCC1395","basal_B","Primary"
"ACH-000044","MAL2 (114569)",5.10097764772482,114569,"MAL2","MDAMB134VI_BREAST","MDA-MB-134-VI","luminal","Metastasis"
"ACH-000352","MAL2 (114569)",8.20491343805616,114569,"MAL2","HCC1428_BREAST","HCC1428","luminal","Metastasis"
"ACH-001390","MAL2 (114569)",6.82540404623068,114569,"MAL2","SUM149PT_BREAST","SUM-149PT","basal_B","Primary"
"ACH-001388","MAL2 (114569)",3.56315813040281,114569,"MAL2","SUM102PT_BREAST","SUM-102PT","basal","Primary"
"ACH-001395","MAL2 (114569)",5.8171115727957,114569,"MAL2","SUM44PE_BREAST","SUM-44PE","luminal","Metastasis"
"ACH-000536","MAL2 (114569)",6.24925569993658,114569,"MAL2","BT20_BREAST","BT-20","basal_A","Primary"
"ACH-001819","MAL2 (114569)",6.86170728658586,114569,"MAL2","MFM223_BREAST","MFM-223","luminal","Metastasis"
"ACH-000212","MAL2 (114569)",1.18269229751619,114569,"MAL2","CAL120_BREAST","CAL-120","basal_B","Metastasis"
"ACH-000849","MAL2 (114569)",6.63778411029132,114569,"MAL2","MDAMB468_BREAST","MDA-MB-468","basal_A","Metastasis"
"ACH-000097","MAL2 (114569)",6.98538657677202,114569,"MAL2","ZR751_BREAST","ZR-75-1","luminal","Metastasis"
"ACH-000288","MAL2 (114569)",0.815575428862573,114569,"MAL2","BT549_BREAST","BT-549","basal_B","Primary"
"ACH-001820","MAL2 (114569)",7.80509894811724,114569,"MAL2","COLO824_BREAST","COLO-824",NA,"Metastasis"
"ACH-001391","MAL2 (114569)",0.189033824390017,114569,"MAL2","SUM159PT_BREAST","SUM-159PT","basal_B","Primary"
"ACH-000934","MAL2 (114569)",7.44559429134118,114569,"MAL2","MDAMB361_BREAST","MDA-MB-361","HER2_amp","Metastasis"
"ACH-000828","SHCBP1 (79801)",4.16349873228288,79801,"SHCBP1","ZR7530_BREAST","ZR-75-30","HER2_amp","Metastasis"
"ACH-000117","SHCBP1 (79801)",4.96254902292306,79801,"SHCBP1","EFM192A_BREAST","EFM-192A","HER2_amp","Metastasis"
"ACH-000017","SHCBP1 (79801)",4.2585189247113,79801,"SHCBP1","SKBR3_BREAST","SK-BR-3","HER2_amp","Metastasis"
"ACH-000554","SHCBP1 (79801)",4.674686619928,79801,"SHCBP1","UACC893_BREAST","UACC-893","HER2_amp","Primary"
"ACH-000276","SHCBP1 (79801)",5.40394936423287,79801,"SHCBP1","HCC38_BREAST","HCC38","basal_A","Primary"
"ACH-000818","SHCBP1 (79801)",3.18269229751619,79801,"SHCBP1","BT483_BREAST","BT-483","luminal","Primary"
"ACH-000856","SHCBP1 (79801)",4.70487196445635,79801,"SHCBP1","CAL51_BREAST","CAL-51","basal_B","Metastasis"
"ACH-000223","SHCBP1 (79801)",5.74846123300404,79801,"SHCBP1","HCC1937_BREAST","HCC1937","basal_A","Primary"
"ACH-000019","SHCBP1 (79801)",3.44757919654888,79801,"SHCBP1","MCF7_BREAST","MCF7","luminal","Metastasis"
"ACH-000330","SHCBP1 (79801)",3.41006969175638,79801,"SHCBP1","EFM19_BREAST","EFM-19","luminal","Metastasis"
"ACH-000725","SHCBP1 (79801)",3.7771566660045,79801,"SHCBP1","HCC202_BREAST","HCC202","HER2_amp","Primary"
"ACH-000643","SHCBP1 (79801)",3.01792190799726,79801,"SHCBP1","HDQP1_BREAST","HDQ-P1","basal_A","Primary"
"ACH-000711","SHCBP1 (79801)",3.97819562968165,79801,"SHCBP1","JIMT1_BREAST","JIMT-1","basal_A","Metastasis"
"ACH-000248","SHCBP1 (79801)",4.87135084063403,79801,"SHCBP1","AU565_BREAST","AU565","HER2_amp","Metastasis"
"ACH-000857","SHCBP1 (79801)",3.26453643099903,79801,"SHCBP1","CAL851_BREAST","CAL-85-1","basal_A","Primary"
"ACH-000196","SHCBP1 (79801)",3.65306001710456,79801,"SHCBP1","HCC1599_BREAST","HCC1599","basal_A","Primary"
"ACH-000258","SHCBP1 (79801)",2.30158764660319,79801,"SHCBP1","DU4475_BREAST","Du4475","luminal_HER2_amp","Metastasis"
"ACH-000691","SHCBP1 (79801)",3.43295940727611,79801,"SHCBP1","HCC2157_BREAST","HCC2157","basal_A","Primary"
"ACH-000374","SHCBP1 (79801)",4.63517394667492,79801,"SHCBP1","HCC1143_BREAST","HCC1143","basal_A","Primary"
"ACH-000148","SHCBP1 (79801)",4.78868571061353,79801,"SHCBP1","HS578T_BREAST","Hs 578T","basal_B","Primary"
"ACH-001392","SHCBP1 (79801)",1.22650852980868,79801,"SHCBP1","SUM185PE_BREAST","SUM-185PE","luminal","Metastasis"
"ACH-000876","SHCBP1 (79801)",3.51222688651396,79801,"SHCBP1","MDAMB415_BREAST","MDA-MB-415","HER2_amp","Metastasis"
"ACH-000668","SHCBP1 (79801)",5.47281266619239,79801,"SHCBP1","HCC70_BREAST","HCC70","basal_A","Primary"
"ACH-001396","SHCBP1 (79801)",1.68706068833989,79801,"SHCBP1","SUM52PE_BREAST","SUM-52PE, SUM52","luminal","Metastasis"
"ACH-001419","SHCBP1 (79801)",3.18428029441938,79801,"SHCBP1","VP229_BREAST","VP229",NA,"Primary"
"ACH-001389","SHCBP1 (79801)",5.06910063192283,79801,"SHCBP1","SUM1315MO2_BREAST","SUM-1315MO2","basal","Metastasis"
"ACH-000568","SHCBP1 (79801)",2.72900887033786,79801,"SHCBP1","UACC812_BREAST","UACC-812","luminal","Primary"
"ACH-000111","SHCBP1 (79801)",3.59454854955035,79801,"SHCBP1","HCC1187_BREAST","HCC1187","basal_A","Primary"
"ACH-000621","SHCBP1 (79801)",3.63343121035563,79801,"SHCBP1","MDAMB157_BREAST","MDA-MB-157","basal_B","Metastasis"
"ACH-000755","SHCBP1 (79801)",2.26603689399532,79801,"SHCBP1","HCC2218_BREAST","HCC2218","HER2_amp","Primary"
"ACH-000028","SHCBP1 (79801)",3.66789212523023,79801,"SHCBP1","KPL1_BREAST","KPL-1","luminal","Metastasis"
"ACH-000277","SHCBP1 (79801)",4.08406426478847,79801,"SHCBP1","HCC1419_BREAST","HCC1419","HER2_amp","Primary"
"ACH-001394","SHCBP1 (79801)",3.4276061727819,79801,"SHCBP1","SUM229PE_BREAST","SUM-229PE","basal","Metastasis"
"ACH-000721","SHCBP1 (79801)",4.2149019101607,79801,"SHCBP1","HMC18_BREAST","HMC-1-8","basal_B","Metastasis"
"ACH-000902","SHCBP1 (79801)",2.39231742277876,79801,"SHCBP1","CAL148_BREAST","CAL-148","luminal_HER2_amp","Metastasis"
"ACH-000859","SHCBP1 (79801)",5.6724253419715,79801,"SHCBP1","HCC1954_BREAST","HCC1954","basal_A","Primary"
"ACH-000927","SHCBP1 (79801)",3.51096191927738,79801,"SHCBP1","BT474_BREAST","BT-474","HER2_amp","Primary"
"ACH-000768","SHCBP1 (79801)",4.98959318493877,79801,"SHCBP1","MDAMB231_BREAST","MDA-MB-231","basal_B","Metastasis"
"ACH-000349","SHCBP1 (79801)",4.02502879449152,79801,"SHCBP1","HCC1500_BREAST","HCC1500","luminal","Primary"
"ACH-001393","SHCBP1 (79801)",2.03913839390696,79801,"SHCBP1","SUM190PT_BREAST","SUM-190PT","basal_A","Primary"
"ACH-000573","SHCBP1 (79801)",4.84046323386954,79801,"SHCBP1","MDAMB436_BREAST","MDA-MB-436","basal_B","Metastasis"
"ACH-000783","SHCBP1 (79801)",4.61823865559545,79801,"SHCBP1","CAMA1_BREAST","CAMA-1","luminal","Metastasis"
"ACH-000759","SHCBP1 (79801)",2.99276843076892,79801,"SHCBP1","MDAMB175VII_BREAST","MDA-MB-175-VII","HER2_amp","Metastasis"
"ACH-000910","SHCBP1 (79801)",4.83390207666916,79801,"SHCBP1","MDAMB453_BREAST","MDA-MB-453","HER2_amp","Metastasis"
"ACH-000147","SHCBP1 (79801)",4.0496307677246,79801,"SHCBP1","T47D_BREAST","T-47D","luminal","Metastasis"
"ACH-000930","SHCBP1 (79801)",4.32912359629157,79801,"SHCBP1","HCC1569_BREAST","HCC1569","basal_A","Primary"
"ACH-000624","SHCBP1 (79801)",3.27947129564447,79801,"SHCBP1","HCC1806_BREAST","HCC1806","basal_A","Primary"
"ACH-000699","SHCBP1 (79801)",5.41040894985104,79801,"SHCBP1","HCC1395_BREAST","HCC1395","basal_B","Primary"
"ACH-000044","SHCBP1 (79801)",2.32481060342048,79801,"SHCBP1","MDAMB134VI_BREAST","MDA-MB-134-VI","luminal","Metastasis"
"ACH-000352","SHCBP1 (79801)",5.00135189299996,79801,"SHCBP1","HCC1428_BREAST","HCC1428","luminal","Metastasis"
"ACH-001390","SHCBP1 (79801)",1.68257329734758,79801,"SHCBP1","SUM149PT_BREAST","SUM-149PT","basal_B","Primary"
"ACH-001388","SHCBP1 (79801)",0.0285691521967709,79801,"SHCBP1","SUM102PT_BREAST","SUM-102PT","basal","Primary"
"ACH-001395","SHCBP1 (79801)",0.933572638261024,79801,"SHCBP1","SUM44PE_BREAST","SUM-44PE","luminal","Metastasis"
"ACH-000536","SHCBP1 (79801)",5.58195375084882,79801,"SHCBP1","BT20_BREAST","BT-20","basal_A","Primary"
"ACH-001819","SHCBP1 (79801)",4.01613970265525,79801,"SHCBP1","MFM223_BREAST","MFM-223","luminal","Metastasis"
"ACH-000212","SHCBP1 (79801)",4.20789285164133,79801,"SHCBP1","CAL120_BREAST","CAL-120","basal_B","Metastasis"
"ACH-000849","SHCBP1 (79801)",5.06479664591181,79801,"SHCBP1","MDAMB468_BREAST","MDA-MB-468","basal_A","Metastasis"
"ACH-000097","SHCBP1 (79801)",4.46466826700344,79801,"SHCBP1","ZR751_BREAST","ZR-75-1","luminal","Metastasis"
"ACH-000288","SHCBP1 (79801)",5.43329332581501,79801,"SHCBP1","BT549_BREAST","BT-549","basal_B","Primary"
"ACH-001820","SHCBP1 (79801)",3.27649666564036,79801,"SHCBP1","COLO824_BREAST","COLO-824",NA,"Metastasis"
"ACH-001391","SHCBP1 (79801)",3.53729606709084,79801,"SHCBP1","SUM159PT_BREAST","SUM-159PT","basal_B","Primary"
"ACH-000934","SHCBP1 (79801)",4.11519974938544,79801,"SHCBP1","MDAMB361_BREAST","MDA-MB-361","HER2_amp","Metastasis"
"ACH-000828","KPNA2 (3838)",7.90683048206277,3838,"KPNA2","ZR7530_BREAST","ZR-75-30","HER2_amp","Metastasis"
"ACH-000117","KPNA2 (3838)",7.18715409117179,3838,"KPNA2","EFM192A_BREAST","EFM-192A","HER2_amp","Metastasis"
"ACH-000017","KPNA2 (3838)",8.90968311287187,3838,"KPNA2","SKBR3_BREAST","SK-BR-3","HER2_amp","Metastasis"
"ACH-000554","KPNA2 (3838)",6.45811948117451,3838,"KPNA2","UACC893_BREAST","UACC-893","HER2_amp","Primary"
"ACH-000276","KPNA2 (3838)",8.47256900200475,3838,"KPNA2","HCC38_BREAST","HCC38","basal_A","Primary"
"ACH-000818","KPNA2 (3838)",7.37903173202854,3838,"KPNA2","BT483_BREAST","BT-483","luminal","Primary"
"ACH-000856","KPNA2 (3838)",8.78106458662729,3838,"KPNA2","CAL51_BREAST","CAL-51","basal_B","Metastasis"
"ACH-000223","KPNA2 (3838)",8.60099074240823,3838,"KPNA2","HCC1937_BREAST","HCC1937","basal_A","Primary"
"ACH-000019","KPNA2 (3838)",9.05669189982489,3838,"KPNA2","MCF7_BREAST","MCF7","luminal","Metastasis"
"ACH-000330","KPNA2 (3838)",6.84410942136841,3838,"KPNA2","EFM19_BREAST","EFM-19","luminal","Metastasis"
"ACH-000725","KPNA2 (3838)",8.12907690293063,3838,"KPNA2","HCC202_BREAST","HCC202","HER2_amp","Primary"
"ACH-000643","KPNA2 (3838)",6.96370530657948,3838,"KPNA2","HDQP1_BREAST","HDQ-P1","basal_A","Primary"
"ACH-000711","KPNA2 (3838)",7.59200846130731,3838,"KPNA2","JIMT1_BREAST","JIMT-1","basal_A","Metastasis"
"ACH-000248","KPNA2 (3838)",9.45795538004928,3838,"KPNA2","AU565_BREAST","AU565","HER2_amp","Metastasis"
"ACH-000857","KPNA2 (3838)",7.39882918244463,3838,"KPNA2","CAL851_BREAST","CAL-85-1","basal_A","Primary"
"ACH-000196","KPNA2 (3838)",7.62139256959758,3838,"KPNA2","HCC1599_BREAST","HCC1599","basal_A","Primary"
"ACH-000258","KPNA2 (3838)",8.65971053515448,3838,"KPNA2","DU4475_BREAST","Du4475","luminal_HER2_amp","Metastasis"
"ACH-000691","KPNA2 (3838)",8.40709777543331,3838,"KPNA2","HCC2157_BREAST","HCC2157","basal_A","Primary"
"ACH-000374","KPNA2 (3838)",8.43954003061041,3838,"KPNA2","HCC1143_BREAST","HCC1143","basal_A","Primary"
"ACH-000148","KPNA2 (3838)",7.674686619928,3838,"KPNA2","HS578T_BREAST","Hs 578T","basal_B","Primary"
"ACH-001392","KPNA2 (3838)",5.5573488175248,3838,"KPNA2","SUM185PE_BREAST","SUM-185PE","luminal","Metastasis"
"ACH-000876","KPNA2 (3838)",6.80271021929134,3838,"KPNA2","MDAMB415_BREAST","MDA-MB-415","HER2_amp","Metastasis"
"ACH-000668","KPNA2 (3838)",7.84899843040002,3838,"KPNA2","HCC70_BREAST","HCC70","basal_A","Primary"
"ACH-001396","KPNA2 (3838)",5.16027483140859,3838,"KPNA2","SUM52PE_BREAST","SUM-52PE, SUM52","luminal","Metastasis"
"ACH-001419","KPNA2 (3838)",6.99356115148326,3838,"KPNA2","VP229_BREAST","VP229",NA,"Primary"
"ACH-001389","KPNA2 (3838)",8.88907801270248,3838,"KPNA2","SUM1315MO2_BREAST","SUM-1315MO2","basal","Metastasis"
"ACH-000568","KPNA2 (3838)",7.18040648531063,3838,"KPNA2","UACC812_BREAST","UACC-812","luminal","Primary"
"ACH-000111","KPNA2 (3838)",8.04050891729474,3838,"KPNA2","HCC1187_BREAST","HCC1187","basal_A","Primary"
"ACH-000621","KPNA2 (3838)",8.84307308143444,3838,"KPNA2","MDAMB157_BREAST","MDA-MB-157","basal_B","Metastasis"
"ACH-000755","KPNA2 (3838)",7.75007048586569,3838,"KPNA2","HCC2218_BREAST","HCC2218","HER2_amp","Primary"
"ACH-000028","KPNA2 (3838)",8.85380856359435,3838,"KPNA2","KPL1_BREAST","KPL-1","luminal","Metastasis"
"ACH-000277","KPNA2 (3838)",9.50678360679968,3838,"KPNA2","HCC1419_BREAST","HCC1419","HER2_amp","Primary"
"ACH-001394","KPNA2 (3838)",6.27146302790437,3838,"KPNA2","SUM229PE_BREAST","SUM-229PE","basal","Metastasis"
"ACH-000721","KPNA2 (3838)",8.0604797814076,3838,"KPNA2","HMC18_BREAST","HMC-1-8","basal_B","Metastasis"
"ACH-000902","KPNA2 (3838)",7.30067286942404,3838,"KPNA2","CAL148_BREAST","CAL-148","luminal_HER2_amp","Metastasis"
"ACH-000859","KPNA2 (3838)",9.30581096234321,3838,"KPNA2","HCC1954_BREAST","HCC1954","basal_A","Primary"
"ACH-000927","KPNA2 (3838)",7.99633224882505,3838,"KPNA2","BT474_BREAST","BT-474","HER2_amp","Primary"
"ACH-000768","KPNA2 (3838)",8.21310421964191,3838,"KPNA2","MDAMB231_BREAST","MDA-MB-231","basal_B","Metastasis"
"ACH-000349","KPNA2 (3838)",7.64875303298957,3838,"KPNA2","HCC1500_BREAST","HCC1500","luminal","Primary"
"ACH-001393","KPNA2 (3838)",5.64299031296116,3838,"KPNA2","SUM190PT_BREAST","SUM-190PT","basal_A","Primary"
"ACH-000573","KPNA2 (3838)",7.19012097261408,3838,"KPNA2","MDAMB436_BREAST","MDA-MB-436","basal_B","Metastasis"
"ACH-000783","KPNA2 (3838)",7.85268555234858,3838,"KPNA2","CAMA1_BREAST","CAMA-1","luminal","Metastasis"
"ACH-000759","KPNA2 (3838)",7.06684264034144,3838,"KPNA2","MDAMB175VII_BREAST","MDA-MB-175-VII","HER2_amp","Metastasis"
"ACH-000910","KPNA2 (3838)",9.50481898763284,3838,"KPNA2","MDAMB453_BREAST","MDA-MB-453","HER2_amp","Metastasis"
"ACH-000147","KPNA2 (3838)",8.58665216912537,3838,"KPNA2","T47D_BREAST","T-47D","luminal","Metastasis"
"ACH-000930","KPNA2 (3838)",7.91133206157122,3838,"KPNA2","HCC1569_BREAST","HCC1569","basal_A","Primary"
"ACH-000624","KPNA2 (3838)",6.94051915736668,3838,"KPNA2","HCC1806_BREAST","HCC1806","basal_A","Primary"
"ACH-000699","KPNA2 (3838)",9.1348113297969,3838,"KPNA2","HCC1395_BREAST","HCC1395","basal_B","Primary"
"ACH-000044","KPNA2 (3838)",6.54720302475693,3838,"KPNA2","MDAMB134VI_BREAST","MDA-MB-134-VI","luminal","Metastasis"
"ACH-000352","KPNA2 (3838)",8.93141713610533,3838,"KPNA2","HCC1428_BREAST","HCC1428","luminal","Metastasis"
"ACH-001390","KPNA2 (3838)",5.7636771418966,3838,"KPNA2","SUM149PT_BREAST","SUM-149PT","basal_B","Primary"
"ACH-001388","KPNA2 (3838)",2.01435529297707,3838,"KPNA2","SUM102PT_BREAST","SUM-102PT","basal","Primary"
"ACH-001395","KPNA2 (3838)",4.24564777363675,3838,"KPNA2","SUM44PE_BREAST","SUM-44PE","luminal","Metastasis"
"ACH-000536","KPNA2 (3838)",8.31065822015785,3838,"KPNA2","BT20_BREAST","BT-20","basal_A","Primary"
"ACH-001819","KPNA2 (3838)",7.46082445832268,3838,"KPNA2","MFM223_BREAST","MFM-223","luminal","Metastasis"
"ACH-000212","KPNA2 (3838)",7.43128865429159,3838,"KPNA2","CAL120_BREAST","CAL-120","basal_B","Metastasis"
"ACH-000849","KPNA2 (3838)",7.89287670006069,3838,"KPNA2","MDAMB468_BREAST","MDA-MB-468","basal_A","Metastasis"
"ACH-000097","KPNA2 (3838)",7.50493813164961,3838,"KPNA2","ZR751_BREAST","ZR-75-1","luminal","Metastasis"
"ACH-000288","KPNA2 (3838)",8.13960251089035,3838,"KPNA2","BT549_BREAST","BT-549","basal_B","Primary"
"ACH-001820","KPNA2 (3838)",8.525364198691,3838,"KPNA2","COLO824_BREAST","COLO-824",NA,"Metastasis"
"ACH-001391","KPNA2 (3838)",6.93557761023262,3838,"KPNA2","SUM159PT_BREAST","SUM-159PT","basal_B","Primary"
"ACH-000934","KPNA2 (3838)",8.57565269152543,3838,"KPNA2","MDAMB361_BREAST","MDA-MB-361","HER2_amp","Metastasis"
