"symbol","HR","HR_lower","HR_upper","pvalue","padj"
"MMP13",1.00017152905178,1.00010599625685,1.00023706614079,2.89147534161614e-07,0.00014515206214913
"ULBP2",1.00386661985652,1.00191354167367,1.00582350526847,0.000102768394553962,0.0257948670330446
"SHCBP1",1.00113745521177,1.00053405998349,1.0017412143315,0.000219283716369315,0.0282608188628823
"MAL2",1.00002529179484,1.00001185399634,1.00003872977391,0.000225185807672369,0.0282608188628823
"MMP1",1.00008459479045,1.00003682584779,1.0001323660149,0.000518532268952334,0.0520606398028144
"PSME2",0.999774204786358,0.999644155875793,0.999904270615662,0.000668093403405522,0.0558971480849287
"MMP9",1.00000302426129,1.00000125055796,1.00000479796778,0.000832226245452508,0.0596825107453085
"SDC1",1.00003247525722,1.00001219724695,1.00005275367869,0.0016958113213791,0.106412160416539
"CDK5R1",1.001296340458,1.0004509395438,1.00214245575277,0.00264628520694152,0.145533341882334
"SLC35A2",1.00045581774158,1.00015582332305,1.00075590214274,0.00289907055542498,0.145533341882334
"KIAA0319",1.00209268144518,1.00069124225618,1.00349608330929,0.00341476470010728,0.14992329024406
"MFAP2",1.00015654948603,1.00005120219375,1.0002619078758,0.00358382367117275,0.14992329024406
"RACGAP1",1.00028882461518,1.0000917813969,1.00048590665593,0.00406550657997532,0.156991100242124
"TNFSF4",1.00145976080678,1.00044280973565,1.00247774560965,0.00489274998192267,0.175440035066084
"PLAU",1.00008103940973,1.0000241212272,1.00013796083185,0.00526094180623971,0.176066185782156
"BCL3",0.999642157833161,0.999383826951605,0.999900555490708,0.00664515984900214,0.208491890262442
"TBX20",1.00472368971218,1.00126318848138,1.00819615090406,0.00742627544239771,0.210809909708536
"OLFML2B",1.00008714161633,1.00002281826805,1.00015146910201,0.00792430492148696,0.210809909708536
"EIF4EBP1",1.00010599630587,1.00002693868527,1.00018506017641,0.00859258469450104,0.210809909708536
"CXCL9",0.999923643825914,0.99986662110209,0.999980669801763,0.00868244246948364,0.210809909708536
"WT1",1.00053038059244,1.0001334369553,1.00092748177281,0.00881874124278737,0.210809909708536
"HLA-DQB1",0.999896229384224,0.999816902128914,0.9999755629335,0.0103575185137353,0.236339740631597
"CTHRC1",1.00012764257121,1.00002874280742,1.0002265521159,0.0114187379238234,0.249226366859103
"RAD54B",1.00116242385229,1.00024996470907,1.00207571536913,0.0125178103731705,0.261830866972151
"BOP1",1.00030587270857,1.00006326535733,1.0005485389144,0.0134680401924393,0.270438247064181
"CXCR3",0.998037396235593,0.996431833480857,0.999645546053159,0.0167779667896581,0.303948911860753
"TUBA1C",1.00007269276046,1.00001307212043,1.00013231695507,0.0168616164287517,0.303948911860753
"MTHFD2",1.00013254167029,1.00002374325304,1.00024135192435,0.0169533257611575,0.303948911860753
"CHPF",1.00008881695585,1.00001523198873,1.00016240733764,0.0179964141482319,0.311524134565945
"IL12B",0.973469967540213,0.951606561631051,0.995835690832654,0.0203394214978568,0.327342240623868
"TDRKH",1.00045386709247,1.00006935340804,1.00083852861742,0.020692081361646,0.327342240623868
"GRIN2D",1.00107910850013,1.00015770402603,1.00200136182657,0.0216984880190463,0.327342240623868
"RAD51",1.00112328406085,1.00015706194652,1.00209043961374,0.0226825144063026,0.327342240623868
"PDCD1",0.996213510932989,0.992917574100785,0.999520388451394,0.0248524859380688,0.327342240623868
"ERCC6L",1.00127066218465,1.00015444202199,1.00238812810236,0.0256599389326552,0.327342240623868
"PRAME",1.00008496746416,1.00000991871063,1.00016002184995,0.0264859889993013,0.327342240623868
"NKX2-5",1.00187454233105,1.00021551126455,1.00353632518859,0.0267734140051305,0.327342240623868
"GK",0.998000392552618,0.996233720140913,0.999770197895227,0.0268148254389071,0.327342240623868
"TAP1",0.999939529504168,0.999885394496399,0.999993667442871,0.0285811750355811,0.327342240623868
"CCNB1",1.0002266909473,1.00002338643149,1.00043003679486,0.0288560723543319,0.327342240623868
"PLK1",1.00026055663947,1.00002580650045,1.0004953618847,0.0295960831140074,0.327342240623868
"HOTAIR",1.00077719909654,1.00007661247748,1.00147827649961,0.0296767107787879,0.327342240623868
"CST1",0.999671816937453,0.999375864269661,0.999967857247928,0.0298003949292846,0.327342240623868
"LEF1",0.999626864238525,0.999290006637333,0.999963835393383,0.0299861641136357,0.327342240623868
"FKBP10",1.00006131464661,1.00000559392942,1.00011703846858,0.0310262983727855,0.327342240623868
"TIGIT",0.998498136684566,0.99713380453359,0.999864335588237,0.031205412049697,0.327342240623868
"FN1",1.00000164116339,1.00000014369795,1.00000313863107,0.0317102751802335,0.327342240623868
"KMO",1.00037741141558,1.0000324293891,1.0007225124508,0.0320135420661139,0.327342240623868
"INHBA",1.00039520005046,1.00003381064328,1.00075672005552,0.0320834565517477,0.327342240623868
"FUT7",0.991869900956961,0.984471203708699,0.999324202392289,0.0326038088270785,0.327342240623868
"PASK",0.998841796283887,0.997773567459651,0.999911168767223,0.0337805865708261,0.327823278941217
"P4HA3",1.00086043113587,1.00006514169679,1.00165635301905,0.0339577898504847,0.327823278941217
"TIMELESS",1.00024731317627,1.00001713999014,1.00047753934119,0.0352102617674261,0.331631270866498
"IL21R",0.998492435561941,0.997081713060803,0.999905154025845,0.0364876293282117,0.331631270866498
"SEMA7A",1.00092357987357,1.00005515470299,1.00179275916483,0.0371146126096012,0.331631270866498
"LAMP3",0.999585917038564,0.999195258653852,0.999976728160164,0.0378337962692241,0.331631270866498
"SH2D2A",0.997989144941116,0.996094855708048,0.999887036573773,0.0378473011003165,0.331631270866498
"HOXC13",1.00060166451068,1.00002945098235,1.00117420545769,0.0393153705662412,0.331631270866498
"IL4I1",0.999262617581831,0.998558631435691,0.999967100039833,0.0402219471767235,0.331631270866498
"MAD2L1",1.0003741249947,1.0000165856268,1.00073179219489,0.040276657229519,0.331631270866498
"CHEK1",1.00073494962526,1.00003250162408,1.00143789104359,0.0402978237507099,0.331631270866498
"TFRC",1.00003930757317,1.0000014884345,1.00007712814212,0.0416397101291906,0.337147330400866
"LAG3",0.998804332973219,0.997642753292077,0.999967265109789,0.0438940463897706,0.344746915593105
"ITGA11",1.00008328477607,1.0000022158881,1.00016436023619,0.0440579890700853,0.344746915593105
"ETV7",0.998725734049205,0.99748058995711,0.999972432441029,0.0451476746465361,0.344746915593105
"CD24",1.00000250980672,1.0000000522356,1.00000496738387,0.0453252916915238,0.344746915593105
"GAL3ST2",1.0027740234055,1.00004262920229,1.00551287780498,0.0465253435510415,0.348568502297386
"S100A11",1.00001611716804,1.0000001980928,1.0000320364967,0.0472164505104029,0.348568502297386
"ADAMDEC1",0.999370657126552,0.998732494263847,1.00000922775795,0.0534027011636163,0.388523999770078
"ESCO2",1.00089145772411,0.999969891331406,1.001813873427,0.0579731240719145,0.406849815736044
"FAM72D",1.00107092021451,0.999956704888028,1.00218637707054,0.0595967957057242,0.406849815736044
"GBP5",0.999802829175598,0.999597416079533,1.0000082844832,0.059979942664787,0.406849815736044
"COL12A1",1.00001175212278,0.999999474419271,1.00002402997703,0.0606467854734353,0.406849815736044
"CENPI",1.00181595511165,0.999914034696474,1.00372149313908,0.0613042386745978,0.406849815736044
"COL11A1",1.00002136267832,0.999998950577687,1.00004377528125,0.0617356178477356,0.406849815736044
"NKX3-2",1.00165748431948,0.999911312235411,1.00340670579093,0.0628381034649649,0.406849815736044
"LTA",0.993960226276351,0.987635702739899,1.00032525016921,0.0628694905901648,0.406849815736044
"UBE2T",1.00029769549551,0.999983609966811,1.00061187967555,0.0632157084211383,0.406849815736044
"TNFRSF9",0.994335661441995,0.988333034755473,1.00037474499667,0.0659613054085452,0.418045689850628
"NXPH4",1.00033963994667,0.99997672107564,1.00070269053088,0.0666208270678292,0.418045689850628
"PKMYT1",1.00034199088658,0.999973863865901,1.00071025342831,0.0686391716990676,0.425393385097925
"LIMD2",0.999654980747876,0.999274919647063,1.00003518639994,0.0753038827594565,0.458290087914154
"PYCARD",0.999812097124284,0.999604252392597,1.00001998507251,0.0764671645538385,0.458290087914154
"SQLE",1.00006325574486,0.999993221135878,1.00013329525872,0.0766859908063525,0.458290087914154
"KLRG2",1.00089632702526,0.999893466615329,1.00190019327135,0.0798314897997521,0.465970452916036
"SRD5A2",0.988601832342804,0.975993144353638,1.00137340980894,0.0800493742346658,0.465970452916036
"ATP6AP1",1.00004409276118,0.999994548439109,1.00009363953791,0.0811073990153949,0.465970452916036
"IRF7",0.999754476881478,0.999476280884398,1.00003275031212,0.083751491406408,0.465970452916036
"UBE2L6",0.999913661792493,0.999815393229154,1.00001194001433,0.0850958994138223,0.465970452916036
"GINS1",1.00044219971954,0.999935146962559,1.0009495095957,0.0874092163102629,0.465970452916036
"MMP14",1.00001818705528,0.999997311246706,1.00003906329965,0.0877248676295381,0.465970452916036
"CENPO",1.00132730241689,0.999803021978894,1.00285390674349,0.087912073069446,0.465970452916036
"ISG20",0.99955102191704,0.999035598948304,1.00006671080306,0.0879196645870556,0.465970452916036
"RECQL4",1.00022661893982,0.999965994809328,1.00048731099757,0.0883424642014737,0.465970452916036
"HOXC10",1.00016073912964,0.999975832983029,1.00034567946737,0.0884224951599746,0.465970452916036
"ADAMTS20",1.00921877170272,0.99859840310696,1.01995209083871,0.0891098874102379,0.465970452916036
"KCNK1",1.00020880678851,0.999964213855293,1.00045345954956,0.0942931065639376,0.483886750478843
"HSD17B6",1.00144366721517,0.999751880927956,1.00313831635355,0.0944639473046347,0.483886750478843
"BRCA2",1.00075123453006,0.999857805351657,1.00164546203767,0.0993718134499197,0.503885357089492
"BRCA1",1.00036552161004,0.99992609196482,1.00080514436795,0.103047449560944,0.51366600704503
"ANLN",1.00010396186779,0.99997590426681,1.0002320358679,0.111575453344591,0.51366600704503
"SLC12A8",1.00051874287704,0.999879199012431,1.00115869580741,0.111911940593154,0.51366600704503
"HOXC12",1.00687943655386,0.998385855556357,1.01544527510366,0.11269242355821,0.51366600704503
"GPR141",1.00324779890462,0.99922616925637,1.00728561458315,0.113599123696991,0.51366600704503
"SIX2",1.00028104178206,0.999932867985431,1.00062933681182,0.113648038750587,0.51366600704503
"PMAIP1",0.999634454647879,0.999180174165652,1.00008894167019,0.114916295150125,0.51366600704503
"RELL2",1.00169775342706,0.999587190656307,1.00381277251262,0.114960086463052,0.51366600704503
"BUB1B",1.00033276009639,0.9999185724212,1.00074711933699,0.115353632830364,0.51366600704503
"MMP11",1.00001188131706,0.99999705322301,1.00002670963099,0.116308279992263,0.51366600704503
"FANCD2",1.00025439590158,0.999936863291267,1.00057202934522,0.116367593093804,0.51366600704503
"SLAMF8",0.999685520870442,0.999291110442164,1.00008008696866,0.118240109670237,0.51366600704503
"ULBP1",1.00151094441851,0.999610752762061,1.00341474820931,0.119193109237233,0.51366600704503
"ARHGAP11A",1.00027630052721,0.999928650073408,1.00062407185048,0.11931485136837,0.51366600704503
"TMEM92",1.00183762042433,0.999519819031861,1.00416079660097,0.120293342282483,0.51366600704503
"MICALL2",0.999550004599911,0.998982558517816,1.00011777300501,0.120304360211367,0.51366600704503
"COL10A1",1.00003334492628,0.999991273407658,1.00007541821492,0.120323787189148,0.51366600704503
"CTSD",0.999994598779711,0.999987783962366,1.0000014136435,0.12032776706623,0.51366600704503
"SEMA3F",0.999885367591353,0.999740540129729,1.00003021603341,0.120870495185835,0.51366600704503
"DPP3",1.00008649428961,0.999976928668692,1.00019607191543,0.121806647490125,0.51366600704503
"MAGED1",1.00003403453,0.99999080792796,1.0000772630006,0.122788686943035,0.51366600704503
"KIF4A",1.00023600311442,0.999934209214359,1.00053788810003,0.125363774746715,0.51698501408693
"ICOS",0.998042375355038,0.995542687358412,1.00054833976769,0.125641776331883,0.51698501408693
"DIAPH3",1.0004303036223,0.999877953598794,1.00098295877359,0.126810696148015,0.517521768479728
"SEPHS2",1.00006061263927,0.999982594878213,1.0001386364872,0.127834062333638,0.517521768479728
"HYAL3",0.998161073159631,0.995789761581476,1.00053803163115,0.129335295999916,0.519410548735663
"RCC2",0.999933409893589,0.999847065660638,1.00001976158301,0.130676082566671,0.520630106733879
"CCNE2",1.00027538349638,0.99991696928688,1.0006339261773,0.132104759881038,0.522177869765992
"MICB",0.999221375429884,0.998198046297251,1.00024575365545,0.136239613019502,0.523081858361541
"HMGB3",1.00006217010474,0.999978978492773,1.0001453686377,0.143005634776113,0.523081858361541
"F12",1.00049892722868,0.999829166487701,1.00116913662575,0.144312564418954,0.523081858361541
"NUAK2",0.999147311319506,0.99800327078667,1.00029266329969,0.144465372945516,0.523081858361541
"CBX2",1.00016419593759,0.999943505078695,1.00038493550368,0.144788391444264,0.523081858361541
"NACC1",1.00013893309228,0.999952187862044,1.00032571319797,0.14480689047576,0.523081858361541
"ADAMTS14",1.00089109210358,0.999691576281336,1.00209204720793,0.145451606618829,0.523081858361541
"P2RY6",1.00059500709858,0.999793053855356,1.00139760360393,0.145935310603935,0.523081858361541
"ABCC5",1.00008112258839,0.999971667455448,1.00019058970211,0.146333391506247,0.523081858361541
"CHRNA6",0.991744036360177,0.980696487511829,1.00291603587916,0.146918640411453,0.523081858361541
"RRM2",1.00009013996504,0.999967926095746,1.00021236877104,0.148298882357207,0.523081858361541
"CKAP2L",1.00056792534248,0.999795742133488,1.00134070494021,0.149480974079308,0.523081858361541
"RGS4",1.00027234006264,0.999901875152646,1.00064294223035,0.149652876711774,0.523081858361541
"UBE2S",1.00024403796175,0.999910353445659,1.00057783383317,0.151760000195734,0.523081858361541
"SRMS",1.00265511296654,0.999009795660701,1.00631373178186,0.153620839602896,0.523081858361541
"ADAMTS7",1.00034941266291,0.99986551919878,1.00083354031143,0.157019461215701,0.523081858361541
"VCAN",1.00001224726763,0.999995256894114,1.00002923792982,0.157711996492193,0.523081858361541
"ERBB2",1.00000263774409,0.999998968896627,1.00000630660501,0.158796914941219,0.523081858361541
"STAT1",0.999982997864648,0.999959330569332,1.00000666572013,0.159139283698944,0.523081858361541
"STARD3",1.00003533854923,0.999986139005609,1.00008454051348,0.159198209778152,0.523081858361541
"LRRC15",1.00003079030624,0.999987728090052,1.00007385437681,0.161093581382807,0.523081858361541
"CENPL",1.00073747047111,0.999705811604082,1.00177019397136,0.161257877130624,0.523081858361541
"SPC25",1.00109833313879,0.999551298363781,1.00264776230476,0.164169547196708,0.523081858361541
"PSMD3",1.0000118616872,0.99999510874157,1.0000286149135,0.165221866259638,0.523081858361541
"MUC1",0.999989448628064,0.999974539001093,1.00000435847734,0.16543372335411,0.523081858361541
"CDCA5",1.00018478359417,0.999920576733656,1.00044906026549,0.17046086541816,0.523081858361541
"CXCL10",0.999930864864622,0.999831991746934,1.00002974775985,0.17057699239688,0.523081858361541
"THBS2",1.00001455403334,0.999993729486191,1.00003537901415,0.170751935250134,0.523081858361541
"SLC39A11",1.00008494107234,0.999963333560492,1.00020656337311,0.171005169672247,0.523081858361541
"ZIC2",1.00098918485235,0.999568321948031,1.00241206747993,0.172503058619815,0.523081858361541
"GABRD",1.00130899869186,0.999428248693442,1.0031932879344,0.172648918016166,0.523081858361541
"CILP2",1.00022997322885,0.999898511937758,1.00056154439769,0.173897700800205,0.523081858361541
"PAQR4",0.999877637334226,0.999701195714728,1.00005411009467,0.17413505186177,0.523081858361541
"SLC39A4",1.00017275592331,0.999923496330189,1.00042207765153,0.17435180203427,0.523081858361541
"KPNA2",1.00003214329871,0.999985563800401,1.00007872496669,0.176212113387264,0.523081858361541
"FBXO43",0.994915150321996,0.98758455498097,1.00230015885507,0.176676222617248,0.523081858361541
"CHST11",0.999161171738561,0.997944328130575,1.00037949910503,0.177109935293906,0.523081858361541
"LMNB2",1.00010514781455,0.999952306417284,1.00025801257343,0.177551480653739,0.523081858361541
"BMP8B",1.00073349170366,0.999667207700288,1.0018009130471,0.177650151744234,0.523081858361541
"FOXP3",0.998844069414506,0.997154878658836,1.00053612167692,0.180468394303215,0.523081858361541
"ZNF367",1.00048284788328,0.999774606157288,1.00119159132869,0.181527644818491,0.523081858361541
"COL5A2",1.00001043474445,0.999995124401676,1.00002574532163,0.181612142274554,0.523081858361541
"COL1A2",1.00000087525958,0.99999959048713,1.00000216003368,0.18179848787017,0.523081858361541
"B4GALNT4",0.999739452738832,0.999356668139807,1.00012238395623,0.182320061680195,0.523081858361541
"AEBP1",1.00000796885423,0.99999623713301,1.00001970071309,0.183084782726338,0.523081858361541
"CKAP2",1.00018660711051,0.999911619016893,1.00046167082926,0.183526791268552,0.523081858361541
"CENPE",1.00025989278735,0.999876558981971,1.00064337355568,0.183935395702265,0.523081858361541
"LINGO1",1.00014028292892,0.999932887697944,1.00034772117557,0.184944832223641,0.523081858361541
"CDKN2A",0.999807407407551,0.999522552461826,1.00009234353438,0.185227489849998,0.523081858361541
"ARTN",1.0007585219918,0.999635946526544,1.00188235809167,0.185468943754439,0.523081858361541
"COL3A1",1.00000105685124,0.999999492456324,1.00000262124861,0.185475240614252,0.523081858361541
"TYMP",0.999928950193306,0.999823353803476,1.0000345577357,0.187292222268108,0.525255282561957
"FOXD3",0.993055168064371,0.982760491969998,1.00345768361378,0.189939987015451,0.527973704772423
"RAB31",1.00002215499253,0.999988895855372,1.00005541523588,0.191692539761834,0.527973704772423
"CREB3L1",1.00005711075701,0.999971279720847,1.00014294916035,0.192194860835101,0.527973704772423
"FNDC1",1.00004964702043,0.999974894137503,1.00012440549149,0.193022057660734,0.527973704772423
"PBK",1.00031274089652,0.999841355336226,1.00078434869642,0.193520242386705,0.527973704772423
"SULF2",0.999975171490346,0.999937559250943,1.00001278514452,0.195745994710391,0.530721962696875
"SYNGR2",0.999961748245953,0.999903686184403,1.00001981367903,0.196642002114778,0.530721962696875
"SLC16A3",1.00008998172902,0.999952674875962,1.00022730743613,0.199002407491415,0.534220366634707
"ADAMTSL2",1.00061897175593,0.999670555692407,1.00156828760891,0.200919936701352,0.536498979915313
"GAS2L3",1.00121932714375,0.999341586606921,1.00310059591315,0.203266297963267,0.539892495119364
"SLC2A6",0.99930685607467,0.998222794472441,1.00039209495873,0.210541527418017,0.556272877704444
"ESM1",1.00037532216758,0.999775521429991,1.00097548274687,0.220085974840724,0.57454665671519
"POSTN",1.00000427305024,0.999997441480229,1.00001110466693,0.220225721148739,0.57454665671519
"HPX",0.999875006057932,0.999674914915854,1.00007513724949,0.220891443717195,0.57454665671519
"HMX3",1.01523816020486,0.99077961068962,1.0403004975231,0.224185991275221,0.580110142371964
"ZBP1",0.999026060942828,0.997451739982083,1.00060286672202,0.225907773217199,0.581567703359147
"COL22A1",0.999755152932669,0.999356065616541,1.00015439962211,0.229330572983534,0.583748082451663
"GPR84",0.997763452062652,0.994126936041256,1.00141327045852,0.229409209613619,0.583748082451663
"RNASEH2A",1.00024201212476,0.999846675075467,1.00063750548941,0.230243267580536,0.583748082451663
"BST2",0.999972145816577,0.999926403888094,1.00001788983754,0.232689051364894,0.586984441131541
"SIM2",1.00029134631816,0.999806817784529,1.00077610966506,0.238633303212017,0.598969591062162
"FAM111B",1.00015879960711,0.999893992220508,1.00042367712411,0.239879407967792,0.599101804974287
"IFITM1",0.999984138616365,0.999957471311015,1.00001080663289,0.243720567260504,0.605649659071672
"S100P",1.00002227565362,0.999984728814551,1.00005982390247,0.244914105162449,0.605649659071672
"COL1A1",1.00000063694251,0.99999955946141,1.00000171442478,0.246613778917104,0.606863318707777
"KIF24",0.999152462293385,0.997712987438195,1.00059401398619,0.249044895926925,0.609468405242535
"LPCAT1",1.00005534664953,0.9999610289,1.00014967329524,0.250100580637375,0.609468405242535
"CENPM",1.00061860903905,0.999558594632289,1.00167974757254,0.252808593581103,0.613091371873013
"UHRF1",1.00023389330054,0.999831695473135,1.00063625291827,0.254412338685249,0.613776032787715
"APOBEC3H",0.99226544582399,0.979072836805004,1.00563581989394,0.255536236758232,0.613776032787715
"PACSIN1",1.00077110565375,0.99943856479653,1.0021054231736,0.256853187278692,0.614001428637636
"ATAD2",1.00005160382663,0.999961576144326,1.00014163961422,0.261255388884117,0.621564953648467
"TMEM132A",1.00003761056569,0.999971249439723,1.00010397609559,0.266652138213828,0.628032889905235
"TPRN",0.999835020719615,0.999543928279373,1.00012619793333,0.266751747169515,0.628032889905235
"ESPL1",1.00027478551137,0.999788899819489,1.00076090733801,0.267727168206614,0.628032889905235
"CCNA2",1.00015149455311,0.999879921167954,1.00042314169922,0.274270412023486,0.639941684153821
"FCGR1A",0.999157319095112,0.99764498630508,1.0006719444346,0.275353393978537,0.639941684153821
"NME1",0.999947317146289,0.999852158200862,1.00004248514828,0.277915106555699,0.642918817930695
"MND1",1.00106895794616,0.999133385605471,1.00300827997668,0.279270433912729,0.643090632221054
"POC1A",1.00053606947334,0.999562020039597,1.00151106809512,0.280840693130363,0.64375355228969
"TFR2",0.999012999833611,0.997211608811775,1.00081764493872,0.28354681380699,0.647002275141405
"LAGE3",1.00017556060785,0.999852989608787,1.00049823567427,0.28613436673493,0.649952271949931
"CCDC78",0.999505160383483,0.998589050648512,1.00042211056132,0.290085654795652,0.655959453637015
"ONECUT2",1.00035745755079,0.999684399742668,1.00103096850874,0.297985757906704,0.670095349520597
"CCNF",1.00021674017149,0.99980717160898,1.00062647651277,0.299691056210509,0.670095349520597
"CTXN1",0.999794808510631,0.999406618773967,1.00018314902804,0.300341541119789,0.670095349520597
"FAM83D",1.0001715518587,0.999843772390644,1.00049943878292,0.305024671810575,0.677532678092516
"CDH11",1.00003579467215,0.999966560390248,1.00010503374759,0.310916905464358,0.681297511743629
"IER5L",0.999799811792092,0.999410973460684,1.00018880140786,0.313087834715745,0.681297511743629
"CENPK",1.00103428032306,0.999018977851709,1.00305364822674,0.314710789054815,0.681297511743629
"ACOT7",1.00019443871217,0.99981438166267,1.00057464023185,0.316038266638639,0.681297511743629
"CRABP2",1.00000506018551,0.999995139513683,1.00001498095577,0.317452704773796,0.681297511743629
"SDSL",0.999565981323403,0.998715376797005,1.00041731030852,0.317589423492278,0.681297511743629
"RAD51AP1",1.00025472201273,0.999752161904169,1.00075753475056,0.320572357659887,0.681297511743629
"COL5A1",1.00000887667967,0.999991348528713,1.00002640513787,0.320920095754834,0.681297511743629
"PYCR1",1.00005003433619,0.999951000700127,1.00014907778039,0.322076432166704,0.681297511743629
"IQGAP3",1.00009964294255,0.999902174451638,1.00029715043109,0.322686212647262,0.681297511743629
"PAX1",0.998574772049725,0.99575027699746,1.00140727892231,0.323698593198127,0.681297511743629
"CACNA1E",1.00394803278384,0.996109451973827,1.01184829692493,0.324502044481991,0.681297511743629
"TMEM97",1.00011144552967,0.999888928344786,1.00033401223394,0.326309738361076,0.681297511743629
"ASPHD2",0.99854570528298,0.995644992056675,1.00145486945042,0.326838817215133,0.681297511743629
"PCDH17",1.00050351409866,0.999496776566326,1.00151126566173,0.327077092291264,0.681297511743629
"CEACAM6",1.00000440216226,0.999995533384887,1.00001327101828,0.330623926917606,0.685839716167926
"EME1",0.999337667775619,0.997993805509393,1.00068333963804,0.334538300163729,0.691103813506964
"SLC7A5",1.00001679665761,0.999982505042835,1.00005108944832,0.337046323619223,0.693280540541374
"ADAM8",0.999771283950806,0.999303236640125,1.00023955048252,0.338354048670591,0.693280540541374
"OIP5",1.00109580451815,0.998832693718461,1.00336404297387,0.342892230313335,0.697542428406591
"PAFAH1B3",0.999901791054525,0.999698742148657,1.00010488120168,0.34321310720404,0.697542428406591
"ZIC1",0.999396445081435,0.998143739635569,1.00065072271663,0.345457891777628,0.699273635775682
"SPC24",1.00286630249847,0.996883261895984,1.00888525179379,0.348501935979976,0.702602296634329
"IER3",0.999971231276174,0.999910713105458,1.00003175310967,0.351505547383927,0.70422412444954
"SPOCD1",0.999304283665116,0.997834000795553,1.00077673295887,0.354227032360945,0.70422412444954
"CDC25C",1.00076282664713,0.999142096120823,1.00238618619633,0.356477770253123,0.70422412444954
"AIM2",0.998850708254276,0.996409883544195,1.00129751205526,0.356938316670935,0.70422412444954
"KIF11",1.00011654904589,0.99986729271815,1.0003658675106,0.359460761082138,0.70422412444954
"BUB1",1.00011450735734,0.999868925418357,1.00036014961471,0.360815928914696,0.70422412444954
"PITX1",1.00008447990671,0.999902929321805,1.00026606345544,0.361782041870852,0.70422412444954
"FANCI",1.00008512758171,0.999901792406393,1.00026849637212,0.3628116023215,0.70422412444954
"TTYH3",1.00004450694117,0.999948643742608,1.00014037932996,0.362854137271943,0.70422412444954
"MXRA5",1.00001097020941,0.999987261204711,1.00003467977624,0.364473465813502,0.70422412444954
"RCC1",1.00011039500069,0.999869888106153,1.00035095974632,0.368341686138989,0.70422412444954
"STX1A",1.00036431811107,0.999558844402989,1.0011704408934,0.375454870121008,0.70422412444954
"CDC20",1.00007760166617,0.999905950041272,1.00024928275811,0.375598758211338,0.70422412444954
"TYRP1",0.998843658780428,0.996289215468163,1.00140465157705,0.375840773322719,0.70422412444954
"DEPDC1B",1.00053871912816,0.999345958166874,1.00173290369926,0.376187678850905,0.70422412444954
"NCAPH",1.00023296773929,0.999716507599891,1.00074969468541,0.376703642075111,0.70422412444954
"EVPL",0.999892368517998,0.999653568164086,1.00013122591728,0.377108286921343,0.70422412444954
"SAMD1",0.999521841046817,0.998458405719264,1.00058640901514,0.378539163380695,0.70422412444954
"LPAR2",0.999676375431257,0.998954738929544,1.00039853323711,0.379669990079742,0.70422412444954
"SBK1",0.999873468416686,0.999590289429647,1.00015672762693,0.381257094884793,0.70422412444954
"GPRIN1",1.00032793478783,0.999593792878699,1.00106261588033,0.38139927179954,0.70422412444954
"GALNT5",0.999864228041946,0.99955922565002,1.00016932350135,0.383052053149571,0.70422412444954
"HAGHL",1.00019683933123,0.99975434656755,1.00063952794287,0.383335470966347,0.70422412444954
"WDR76",1.00036107895018,0.999548182993908,1.00117463600498,0.38408371542663,0.70422412444954
"CCL11",0.997681043467389,0.992475668370332,1.00291371991879,0.38437731095453,0.70422412444954
"MCM2",1.00006836072588,0.999912154726559,1.00022459112765,0.391055346392276,0.711396183594557
"KCNJ6",1.00225538225965,0.997100335391586,1.00743708091718,0.391854202617663,0.711396183594557
"IL9R",0.991246109641481,0.971467490040942,1.01142741260231,0.392543312461539,0.711396183594557
"HMMR",1.00020294480346,0.999732298066933,1.00067381310765,0.398093315739246,0.71885915288166
"PRC1",1.00005871415148,0.999920841472702,1.00019660584063,0.40392445728577,0.725265649895665
"CLSPN",1.00040691309477,0.999447116958392,1.00136763094937,0.406136130563834,0.725265649895665
"CXCL11",0.999866690247757,0.999551949431465,1.00018153017023,0.406558730508094,0.725265649895665
"DTL",1.00011526451793,0.999842588237781,1.00038801516213,0.407420145957326,0.725265649895665
"LRWD1",0.99958935556835,0.998613558581405,1.00056610605703,0.409803620387654,0.726930803655839
"PDIA4",0.999975783170601,0.999917908935136,1.00003366075577,0.41216398053699,0.728543374047778
"UNC5B",1.00005967480648,0.999914976062309,1.00020439449016,0.418935783956003,0.73699373395731
"MATN3",1.00009593828561,0.999862841106467,1.00032908980649,0.419880892254563,0.73699373395731
"MSLN",0.999977769450796,0.99992338310355,1.00003215875614,0.423068393388518,0.74000116195483
"GPC4",1.00005155840862,0.999924636956804,1.0001784959707,0.425943471081655,0.741957155272219
"BAX",1.00017782128157,0.999738982434769,1.00061685275818,0.427142665086994,0.741957155272219
"CALCA",0.99824597816708,0.993903510748349,1.0026074182759,0.42996130847391,0.744277851220355
"RASGRP1",0.999868285944372,0.999536890946327,1.00019979081595,0.436089363417835,0.750077837299571
"SYCP2",1.00006595843264,0.999899487666727,1.00023245691386,0.437435718757765,0.750077837299571
"TUBB3",1.00002724013995,0.999958433593819,1.00009605142061,0.437794434917877,0.750077837299571
"AURKA",1.0001156845813,0.999816857945591,1.00041460053072,0.448037880445624,0.764379722675528
"KIF23",1.00012685744038,0.999798341861028,1.00045548096399,0.449187287229643,0.764379722675528
"SDS",1.00028062828422,0.999543844951842,1.00101795471402,0.455457950190623,0.772432064174638
"SPAG5",1.00008110683049,0.999866218186449,1.00029604165784,0.459474413570539,0.773105546498114
"PTK6",1.00015644178915,0.999741210803989,1.00057184523572,0.460309399771076,0.773105546498114
"ANKRD22",0.999729906140139,0.999013013653894,1.00044731306897,0.460475215942104,0.773105546498114
"RND1",0.999879460784684,0.999556651483609,1.00020237433782,0.46435060118801,0.774543725414126
"ZBED2",0.998490037226022,0.994443303285653,1.00255323872722,0.465824604340475,0.774543725414126
"CBLN2",1.00003306580829,0.999944176901982,1.00012196261628,0.465960567878618,0.774543725414126
"E2F1",1.0001415615659,0.999755365738448,1.00052790657706,0.472544923825832,0.782896210430916
"AURKB",1.00019715342137,0.999653199973426,1.00074140285731,0.477544944510444,0.785913481781515
"EDN2",1.0001782071722,0.999686273759641,1.0006703826592,0.477764487118899,0.785913481781515
"PLK4",1.00032155448709,0.999424486740118,1.001219427428,0.482462086633268,0.785913481781515
"EGLN3",1.00003413586843,0.999938773234824,1.00012950759662,0.482950887801104,0.785913481781515
"IBSP",0.999415669570328,0.997777375392348,1.00105665373495,0.485000122128221,0.785913481781515
"LRP8",1.00015529546762,0.999718795574098,1.00059198594689,0.485673336623645,0.785913481781515
"C1QTNF6",1.00007899567837,0.999856788266413,1.00030125247353,0.485974519581958,0.785913481781515
"SYT1",0.999960915150957,0.999850429618196,1.0000714128926,0.488123872664163,0.785913481781515
"CST2",0.999421257058518,0.997785700039229,1.00105949506107,0.488456187880144,0.785913481781515
"IGFBPL1",0.996986154009305,0.988240949904069,1.00580874672594,0.501915999642711,0.804989878021218
"BRIP1",0.999676117392612,0.998723575114631,1.00062956816701,0.505411204874351,0.808014091869186
"METRN",0.999943576541193,0.999776682943109,1.00011049799897,0.507617861238449,0.808818089159567
"CCNB2",1.00011091449218,0.999781665295986,1.00044027211709,0.509136486403233,0.808818089159567
"GPC2",1.00047921080734,0.999036592177175,1.00192391259294,0.515208158823636,0.813689865114254
"ASPM",1.00007360618915,0.999851554111365,1.00029570758138,0.515922286554649,0.813689865114254
"NCAPG",1.00012593208478,0.999745008416194,1.00050700089323,0.51706587046105,0.813689865114254
"RSAD2",1.00003412480099,0.999929290754056,1.00013896983888,0.523492964637496,0.821229588275072
"SERPINB7",0.999746436277,0.998956223069731,1.00053727457364,0.529620638864306,0.828254083208353
"CDC45",1.00026347729452,0.999431515992243,1.00109613115011,0.534907114028617,0.832480881858613
"PTTG1",1.00009853470404,0.999785745788714,1.00041142147724,0.53699642006626,0.832480881858613
"MCM10",1.00013828854291,0.999698998123863,1.00057777199614,0.537298417773288,0.832480881858613
"SPP1",1.00000651766305,0.999985619163696,1.00002741659916,0.541031386152691,0.833391783675484
"SLC5A8",1.00005488228385,0.999878838659957,1.00023095690286,0.541206616490454,0.833391783675484
"E2F7",1.00035543945162,0.999209614551481,1.00150257830498,0.543354389593889,0.833460624521487
"TK1",1.0000335860046,0.999924948652742,1.00014223515943,0.544571882157465,0.833460624521487
"PIF1",0.999209603504812,0.996613926171198,1.00181204127057,0.551303820721431,0.839165083258255
"EXO1",1.00015727955968,0.999639546867634,1.00067528039551,0.551642385408813,0.839165083258255
"OAS2",0.999984144728185,0.999931383155457,1.00003690908489,0.555885059457254,0.843064349992573
"RUFY4",1.00077290952487,0.998187627865032,1.00336488700128,0.558258519465952,0.844113785457553
"NFE2L3",0.999934439041283,0.999713225031353,1.00015570200089,0.561382583381096,0.846288459030962
"FAM72A",1.00080515053368,0.998054768689979,1.00356311172124,0.56650632285346,0.849309222857486
"EPYC",1.00019694309842,0.999518362483912,1.00087598440647,0.569560124258046,0.849309222857486
"KIFC2",0.999936197067809,0.999715471675729,1.00015697119345,0.571076337885546,0.849309222857486
"MKI67",1.00002153475613,0.999946743310926,1.00009633179539,0.572537153613061,0.849309222857486
"EZH2",0.999881908221079,0.999471796139958,1.000292188583,0.572602658315649,0.849309222857486
"SAMD14",1.00081331694656,0.997947588210163,1.00368727497404,0.578427819270442,0.849309222857486
"BGN",1.00000346142412,0.999991238708451,1.00001568428918,0.57885942268934,0.849309222857486
"CIT",0.99986970172935,0.999408762728086,1.00033085332107,0.579661686835796,0.849309222857486
"DONSON",1.00018489580339,0.999528128234859,1.00084209491919,0.581190487317474,0.849309222857486
"SIX4",0.999878517056918,0.999446498386929,1.0003107224704,0.581643189414379,0.849309222857486
"CNGA3",0.999025629936183,0.995550942161702,1.00251244512135,0.583425305748424,0.849309222857486
"CHST6",1.00040177205125,0.99896555940718,1.00184004953803,0.583688609334328,0.849309222857486
"INSM1",1.00003189482661,0.999917220149715,1.00014658265487,0.585678999462179,0.849742363381543
"ZWINT",1.00005603561392,0.999849686047433,1.00026242776695,0.594586505033151,0.8578947648546
"TUFT1",1.00004887869591,0.999868819347335,1.00022897047011,0.594715892767731,0.8578947648546
"PRR11",1.00005375756238,0.999853784453297,1.00025377066656,0.598300012967293,0.860591995729458
"DBF4",0.999784701427909,0.99896782557737,1.00060224525407,0.605639234338389,0.86865970182249
"SULF1",1.00000459596832,0.999986812047087,1.00002238020583,0.612493184215842,0.87561033456846
"NUP210",0.999976837019512,0.999886838602918,1.00006684353674,0.613973780414538,0.87561033456846
"MXD3",1.00025639699197,0.999251001735239,1.001262803826,0.617325104628101,0.877895757856393
"CADPS",0.998978391158605,0.994936352385226,1.00303685116075,0.621223238542289,0.880570706888453
"KIF20A",1.00006988550748,0.99978999568903,1.0003498536807,0.62460755401027,0.880570706888453
"E2F2",1.00010757006628,0.999676570617216,1.00053875533597,0.624774960045293,0.880570706888453
"TROAP",1.0001477351777,0.999553359434424,1.00074246436135,0.626222594340991,0.880570706888453
"PPP1R14B",1.00002972421962,0.999908087801509,1.00015137543451,0.631986130248561,0.886192841856921
"SLC20A1",0.999941199489356,0.999698079171824,1.00018437893223,0.635527907534161,0.888551422036292
"CDC6",0.999973410238767,0.999862745470941,1.00008408725496,0.637716287170708,0.888551422036292
"TLCD1",0.999835968299179,0.999150953153841,1.00052145308902,0.638978213854783,0.888551422036292
"CDK1",0.99996672419997,0.99982619015332,1.00010727799987,0.64261764735603,0.888618681754135
"SCUBE3",1.00006066454871,0.99980226464823,1.00031913123291,0.645447830799033,0.888618681754135
"NEK2",1.00007894436519,0.999738389710434,1.00041961502777,0.649625821206634,0.888618681754135
"C21orf58",0.999667279346607,0.998231442416564,1.00110518155691,0.649992415372715,0.888618681754135
"RDM1",0.997950668626037,0.98908227241683,1.00689858142705,0.65239633584333,0.888618681754135
"LYPD1",0.999753626343648,0.998678880995152,1.00082952829772,0.653429122795864,0.888618681754135
"MYBL2",1.00002172067509,0.999926465781363,1.00011698464299,0.65494147538649,0.888618681754135
"SLC27A4",1.00006985637222,0.999763023627773,1.00037678328532,0.655474016817265,0.888618681754135
"CBS",1.00005603343509,0.99980796809689,1.00030416032151,0.657998943668434,0.888618681754135
"RPLP0P2",1.00055207074893,0.998098986067815,1.00301118451586,0.659449190426611,0.888618681754135
"ADORA2A",0.99993532208397,0.999645414769799,1.0002253134742,0.661975234728527,0.888618681754135
"ACAN",0.999936060314914,0.999645316777315,1.00022688841431,0.666501409065312,0.888618681754135
"SKA3",1.00016071221602,0.999427316920115,1.00089464568879,0.667651982132277,0.888618681754135
"PLXNA3",1.00004941967973,0.999822833635461,1.00027605707433,0.66905800002996,0.888618681754135
"ISG15",0.999992970813049,0.999960695090193,1.00002524757767,0.669493320262871,0.888618681754135
"NDC80",0.999896918056934,0.999420850378572,1.00037321250707,0.671373280041213,0.888618681754135
"CCDC87",1.00075152790667,0.997276296622136,1.00423886940832,0.672098309005896,0.888618681754135
"PARP1",1.00001354495933,0.99995041110779,1.00007668279694,0.674129604153237,0.888618681754135
"CST6",1.00013406915601,0.999508761911059,1.00075976760229,0.674395348821289,0.888618681754135
"LRRC59",0.999990731052283,0.999947111198268,1.00003435280909,0.677066741289027,0.888618681754135
"ARSI",0.99957719226205,0.997583700433038,1.00157466772639,0.6779997296059,0.888618681754135
"ADAM19",1.00008253906117,0.999692424811565,1.00047280554673,0.678420973104254,0.888618681754135
"CCR8",1.00141703157833,0.994670841158616,1.00820897691846,0.681372407074112,0.888618681754135
"TRIM59",1.00015370711675,0.999416455278497,1.00089150281264,0.682901521782072,0.888618681754135
"CELSR3",1.00008192871393,0.999687327118099,1.00047668606889,0.684102219568612,0.888618681754135
"FANCB",1.00108603199504,0.995844418113338,1.00635523504186,0.685294519640277,0.888618681754135
"SOX11",1.00003919170474,0.999848219745751,1.00023020013956,0.687538467117836,0.888618681754135
"OASL",0.999954095391789,0.999727854081875,1.00018038790077,0.690906842446359,0.888618681754135
"CDC7",0.999873922155264,0.999247300512648,1.00050093674834,0.693432477661957,0.888618681754135
"HOXC11",1.00019573260409,0.999220764434072,1.00117165207833,0.694079443715484,0.888618681754135
"KIFC1",1.00004944036497,0.999802252027641,1.00029668981645,0.695076372158895,0.888618681754135
"BMP8A",0.999854716665651,0.999127089760058,1.00058287347472,0.695671597468875,0.888618681754135
"SYNGR3",0.999637433708848,0.997805456762837,1.00147277417578,0.698408010276295,0.889849799895177
"TTK",1.00008483430336,0.999651060313305,1.00051879651896,0.701535627275867,0.891571860487305
"TRIP13",1.00006025303619,0.999745572574473,1.0003750325469,0.707486566911049,0.895304612888952
"NUDT1",1.00014620401081,0.999373729307837,1.0009192758049,0.710756379487125,0.895304612888952
"TACC3",1.00004675628916,0.999799107053408,1.00029446686737,0.711378818745452,0.895304612888952
"NUF2",1.00006931372549,0.99970190105817,1.00043686142514,0.711606654467513,0.895304612888952
"SALL4",1.00079357660865,0.996488467359511,1.0051172851354,0.718359058370152,0.90154061825454
"TUBG1",1.00005042981161,0.999764004632366,1.00033693704961,0.730062180504055,0.913521675412709
"ENTPD7",1.00009946079896,0.999523348937571,1.0006759047235,0.735144344595669,0.913521675412709
"GPR68",1.00016019226885,0.999232396299532,1.00108884970478,0.735155651974057,0.913521675412709
"RUSC1",1.00004062486106,0.999805240894469,1.00027606424406,0.735184774634929,0.913521675412709
"CDK5",0.999859292845938,0.9990250359155,1.00069424644022,0.741090495635566,0.915256909745127
"MYBL1",1.00003999023291,0.999801311597526,1.00027872584711,0.742642293412309,0.915256909745127
"CMPK2",1.00005139424586,0.99974122620833,1.0003616585125,0.745392820627825,0.915256909745127
"OAS3",0.999991340497571,0.999939048475453,1.00004363525431,0.745515596838097,0.915256909745127
"PARP10",1.00001934141024,0.999900768517106,1.0001379283643,0.749203223541978,0.915256909745127
"INTS7",1.00006176829559,0.999681622415987,1.00044205873211,0.750169739213626,0.915256909745127
"SCIN",1.00002997563259,0.999844356054116,1.00021562967106,0.751631237006333,0.915256909745127
"SKA1",1.00013979166475,0.999269884820026,1.0010104558003,0.752878664692651,0.915256909745127
"RTKN2",0.999856962667168,0.998965359091521,1.0007493620231,0.75331708279116,0.915256909745127
"TCF19",0.999961402668062,0.999714909405401,1.00020795670698,0.75895094357103,0.915256909745127
"LMNB1",1.000026147647,0.99985758789714,1.0001947358133,0.761115989764275,0.915256909745127
"FOXM1",1.00001588323841,0.999913081789108,1.00011869525677,0.762035288909987,0.915256909745127
"SLC25A39",1.00001602665106,0.999910866544797,1.00012119781696,0.765176683549325,0.915256909745127
"GUCY1B2",1.00102086736554,0.994292078198705,1.00779519305495,0.76684118375789,0.915256909745127
"HJURP",1.00007653809325,0.999567474275334,1.00058586116927,0.768285562537047,0.915256909745127
"SLC24A2",1.00083541007214,0.995240336124101,1.00646193858583,0.770325866846124,0.915256909745127
"FLVCR1",1.00014547494162,0.999165181040245,1.00112673062205,0.771253321572977,0.915256909745127
"DQX1",1.0003405580649,0.998030688482827,1.00265577367244,0.77282263353342,0.915256909745127
"FLAD1",0.999968829534688,0.999756532790602,1.00018117135966,0.773548340308005,0.915256909745127
"COMP",1.00000684421613,0.99995995514404,1.0000537354869,0.7748148436981,0.915256909745127
"OTX1",1.00037540286737,0.99779453526222,1.00296294607291,0.775817145435213,0.915256909745127
"KIF15",0.999899568048618,0.999205836141697,1.000593781602,0.776692118628335,0.915256909745127
"IGFL3",0.998499149747492,0.987976523020312,1.00913384965724,0.781114643891527,0.91831276635491
"HAPLN1",0.999955762212661,0.999634860099171,1.00027676734193,0.787052208979225,0.919979264836138
"KIF14",1.00007234927389,0.999541501747878,1.00060347872827,0.789421049117038,0.919979264836138
"NCAPG2",1.00003324061565,0.999783338748939,1.00028320494684,0.794342583878159,0.919979264836138
"ST6GAL2",1.00008638871396,0.999435830073873,1.0007373708195,0.794714669138818,0.919979264836138
"NEIL3",1.00030414808343,0.997996248640326,1.00261738462058,0.796378875644394,0.919979264836138
"CHTF18",0.999934006970178,0.999429567340612,1.00043870120432,0.79768982531731,0.919979264836138
"RNFT2",0.99979493025748,0.998226757697046,1.00136556635154,0.797891426496783,0.919979264836138
"KIF2C",0.999970616456338,0.99974547885402,1.0001958047585,0.798128737107768,0.919979264836138
"TG",0.998911042561915,0.99056345078803,1.00732898044878,0.799130845286387,0.919979264836138
"SMC4",1.00001576318153,0.999893284287547,1.00013825707819,0.800858443692016,0.919979264836138
"USP35",0.99993431622696,0.999396537087724,1.00047238474723,0.810860806949263,0.926694072715647
"STMN1",0.999995335413507,0.999956984551,1.00003368774687,0.811583419780865,0.926694072715647
"CCNE1",1.00004553490895,0.999669876280571,1.00042133470333,0.812241816722877,0.926694072715647
"TOP2A",0.999996300597603,0.999964859376505,1.00002774280729,0.817620069908907,0.930462802792726
"SLC38A5",1.00010087467167,0.999232976209544,1.00096952695974,0.819866563255053,0.930462802792726
"E2F8",1.0001209575989,0.999069476450188,1.00117354538997,0.821698908425588,0.930462802792726
"STIL",1.00005016951938,0.999608932661463,1.00049160114342,0.82368472752906,0.930462802792726
"TPX2",1.00001173498822,0.999907835628644,1.00011564514386,0.824812643909886,0.930462802792726
"CENPF",1.00000744842197,0.999940652988547,1.00007424831728,0.826999863235467,0.930838411085661
"TMEM171",1.00057074641932,0.995132110928828,1.00603910535625,0.837428833270068,0.934795412275857
"MICAL2",1.00001183123142,0.999898303462191,1.00012537189051,0.838161158802031,0.934795412275857
"DLGAP5",1.00005045605225,0.999561555156146,1.00053959607728,0.83973702297918,0.934795412275857
"NOD2",1.00006689915699,0.999411074854547,1.00072315381839,0.841580200339196,0.934795412275857
"CDCA2",1.00005203398515,0.999539732022536,1.00056459852191,0.842242628230825,0.934795412275857
"HELLS",1.00011664707877,0.998964153747758,1.00127047002793,0.842833284152434,0.934795412275857
"CDCA8",1.00002968541281,0.999734912583946,1.00032454515573,0.843550441754907,0.934795412275857
"KIF18B",1.00005746258261,0.99943681223665,1.00067849835249,0.856044890033122,0.943794904812167
"DEPDC1",0.999962660895927,0.999558225852291,1.00036725957956,0.856436688360865,0.943794904812167
"BCL9",0.999978845557591,0.999745634420619,1.00021211109584,0.858907892488291,0.943794904812167
"GTSE1",0.999934881323398,0.999215726988411,1.00065455324727,0.859191775894742,0.943794904812167
"CDCA3",0.999952129151978,0.999406237748624,1.0004983187298,0.86357584551088,0.943944400512259
"KIF26B",0.999958543168725,0.99948088876496,1.00043642584472,0.864958181804736,0.943944400512259
"CKS2",1.00001946197634,0.999795172998985,1.00024380126954,0.864968972580954,0.943944400512259
"FER1L6",1.00027623764129,0.996925005934688,1.00363873474287,0.871850228159967,0.948497868661117
"CD80",1.00038542966341,0.995672756629955,1.00512040850666,0.872920349245889,0.948497868661117
"PLAUR",1.00002135027575,0.999744407527891,1.0002983697405,0.879912856209925,0.953593369760736
"RUNX2",1.00004024379477,0.999511651541921,1.0005691155939,0.881409011093588,0.953593369760736
"MNX1",0.999720410380575,0.995973164772897,1.00348175461073,0.883966975432701,0.954304132617669
"TNFRSF4",0.999848741012995,0.997722914743807,1.00197909673346,0.889214243654666,0.957908906254598
"KNTC1",1.00002641992044,0.999639207314787,1.00041378251381,0.893634852014937,0.960609626791217
"ASPN",1.0000029759579,0.999956425309064,1.0000495287738,0.900288655370091,0.963171793527258
"POLQ",1.00006250860468,0.99907518010229,1.00105081282701,0.9012918429644,0.963171793527258
"ZNF668",1.00006281134773,0.999036797137118,1.00108987927845,0.904539528070202,0.963171793527258
"CDC25A",1.00005125192529,0.999209356376857,1.00089385682267,0.905062080912043,0.963171793527258
"GJB2",1.00000551666135,0.999911015080731,1.00010002717331,0.908912362422976,0.963171793527258
"CLEC5A",1.00005107725002,0.99917190899143,1.00093101908603,0.909379416330078,0.963171793527258
"TYMS",0.999987071072112,0.999764293712613,1.00020989807306,0.909449064007809,0.963171793527258
"MELK",0.999980403452034,0.999621255013899,1.00033968092664,0.914850009475912,0.966852010014543
"NPTX2",0.999990332748778,0.999803168923691,1.00017753161106,0.919372100728163,0.967806758992079
"BIRC5",1.00001513794591,0.999721202829717,1.00030915948404,0.91960921123351,0.967806758992079
"PGP",0.999972261113987,0.999391413990589,1.00055344582622,0.925449637997318,0.970224109238548
"PLEK2",0.999977972203079,0.999514679074598,1.0004414800763,0.925771610209691,0.970224109238548
"FANCA",0.999975139804144,0.99943107540907,1.00051950037379,0.928659045540233,0.971222585127494
"HMGA1",1.00000352660413,0.999917762485328,1.00008929807903,0.935767995666276,0.976324749562137
"RMI1",1.00002340148401,0.999425534777718,1.00062162584036,0.938866843082679,0.976324749562137
"CATSPER1",0.998930412945248,0.971759317484677,1.02686123194563,0.939372219200223,0.976324749562137
"OSCAR",0.999932623988515,0.998103655495896,1.00176494396244,0.942495925105367,0.976391707092285
"UBE2C",0.99999373767018,0.999814713136158,1.00017279425993,0.945344831598936,0.976391707092285
"DLX5",0.999960332872955,0.998811728607606,1.0011102579996,0.946066428100068,0.976391707092285
"FOXS1",0.999904689045471,0.997020887625407,1.00279683162542,0.948427859055488,0.976391707092285
"ZNF469",0.999989407610067,0.999663853211404,1.00031506803004,0.949161659484133,0.976391707092285
"CEP55",1.00000930577188,0.999706778956772,1.0003119241363,0.951932664462598,0.97723966781232
"XRCC2",1.00005435149088,0.998057109184161,1.00205559053967,0.957504675672989,0.979804206418949
"KDELR3",0.999994575565025,0.999783024262009,1.00020617163171,0.959922825746815,0.979804206418949
"FEN1",1.000005766939,0.999778798994546,1.00023278640929,0.96028619433889,0.979804206418949
"BLM",0.999983821755829,0.999229928589293,1.00073828371528,0.966463748009447,0.984107102435583
"FCGR3A",0.999998412646109,0.999890251943029,1.00010658504921,0.977053909548906,0.992876644926216
"ZNF695",1.00001666059187,0.998695842993304,1.00133922502772,0.9802890206644,0.993913576174028
"WDHD1",1.00000866766304,0.99922446124399,1.00079348953911,0.982723435808069,0.993913576174028
"LOXL1",1.0000017293155,0.999823908029254,1.00017958222773,0.984794030758583,0.993913576174028
"IGFL2",1.00002601233593,0.997125968431315,1.00293449073621,0.985993946084992,0.993913576174028
"CENPA",1.00000622384906,0.99915911958889,1.00085404629876,0.988515484387581,0.994458463251635
"ERMN",0.999992256664843,0.997105648095778,1.00288722193016,0.995811128309032,0.99848719144135
"CDKN3",0.999998598510554,0.998913112447351,1.0010852641358,0.997982018653117,0.99848719144135
"ASF1B",0.999999611028435,0.999597603320633,1.00040178041149,0.99848719144135,0.99848719144135
