"symbol","mean_log2FC","min_padj","tcga_log2FC","top_subtype","top_mean_expr","HR","cox_padj","mean_tpm","score_fc","score_tcga","score_subtype","score_survival","score_ccle","score_druggable","score_stromal","total_score"
"SHCBP1",3.087,7.53e-26,2.639,"HER2-enriched",419.375448275862,1.00113745521177,0.0282608188628823,3.80804954224749,2,1,2,3,1,2,0,11
"S100P",4.66,1.36e-22,4.821,"HER2-enriched",1856.37790862069,1.00002227565362,0.605649659071672,6.28207027323814,3,3,2,0,2,0,0,10
"MYBL2",3.754,2.68e-23,3.854,"Basal-like",2733.08448041237,1.00002172067509,0.888618681754135,6.04216735284479,2,2,2,0,2,2,0,10
"FOXM1",3.097,3.34e-33,3.575,"Basal-like",3100.40925257732,1.00001588323841,0.915256909745127,5.65217538432884,2,2,2,0,2,2,0,10
"PLK1",3.286,6.67e-34,3.564,"Basal-like",1330.7916443299,1.00026055663947,0.327342240623868,5.63201407512759,2,2,2,0,2,2,0,10
"KIF2C",3.036,7.07e-31,3.479,"Basal-like",1371.73717216495,0.999970616456338,0.919979264836138,5.15562382000541,2,2,2,0,2,2,0,10
"KIF20A",3.382,4.62e-31,3.47,"Basal-like",1259.34523092784,1.00006988550748,0.880570706888453,5.18336819890459,2,2,2,0,2,2,0,10
"TOP2A",3.667,8.68e-30,3.466,"HER2-enriched",6187.46278103448,0.999996300597603,0.930462802792726,6.56452284090183,2,2,2,0,2,2,0,10
"RRM2",3.272,1.3e-20,3.347,"HER2-enriched",2297.12896896552,1.00009013996504,0.523081858361541,6.41352184970554,2,2,2,0,2,2,0,10
"CDK1",3.019,6.46e-38,3.164,"Basal-like",1654.97038350515,0.99996672419997,0.888618681754135,6.24199443539801,2,2,2,0,2,2,0,10
"PRAME",5.355,1.24e-07,5.238,"Basal-like",1349.53670927835,1.00008496746416,0.327342240623868,2.73200757194983,3,3,2,0,1,0,0,9
"CEACAM6",4.985,2.57e-24,4.236,"HER2-enriched",11315.9937758621,1.00000440216226,0.685839716167926,2.41269761027145,3,3,2,0,1,0,0,9
"NEK2",3.743,3.28e-54,4.229,"Basal-like",853.829125773196,1.00007894436519,0.888618681754135,5.07974031192933,2,3,2,0,2,0,0,9
"PKMYT1",3.225,2.36e-32,4.178,"Basal-like",563.349480412371,1.00034199088658,0.425393385097925,5.69963842365129,2,3,2,0,2,0,0,9
"BIRC5",2.251,1.26e-13,3.555,"Basal-like",985.551472164948,1.00001513794591,0.967806758992079,5.72459492774172,1,2,2,0,2,2,0,9
"AURKB",2.952,5.32e-24,3.502,"Basal-like",568.07166185567,1.00019715342137,0.785913481781515,5.90211342879684,1,2,2,0,2,2,0,9
"BUB1",3.355,1.21e-29,3.434,"Basal-like",1257.91988556701,1.00011450735734,0.70422412444954,4.79187094024826,2,2,2,0,1,2,0,9
"CCNB1",2.062,7.23e-38,2.506,"Basal-like",1605.41199072165,1.0002266909473,0.327342240623868,7.11590880729526,1,1,2,0,3,2,0,9
"KPNA2",2.163,1.68e-29,2.1,"HER2-enriched",5677.90402931034,1.00003214329871,0.523081858361541,7.64957004500285,1,1,2,0,3,2,0,9
"IBSP",8.011,1.56e-43,6.689,"HER2-enriched",90.8612310344828,0.999415669570328,0.785913481781515,0.118825312234226,3,3,2,0,0,0,0,8
"MMP13",5.539,7.32e-46,6.179,"HER2-enriched",1012.58214482759,1.00017152905178,0.00014515206214913,0.460292902553551,3,3,2,3,0,0,-3,8
"EPYC",6.445,4.59e-45,5.44,"HER2-enriched",121.679170689655,1.00019694309842,0.849309222857486,0.0163505956199738,3,3,2,0,0,0,0,8
"HAPLN1",5.723,9.95e-22,5.071,"Basal-like",244.720969072165,0.999955762212661,0.919979264836138,0.24390352982245,3,3,2,0,0,0,0,8
"GJB2",5.242,1.26e-42,4.271,"Basal-like",1066.27819381443,1.00000551666135,0.963171793527258,1.37215111571519,3,3,2,0,0,0,0,8
"UBE2C",3.643,1.45e-39,4.183,"Normal-like",1681.1272,0.99999373767018,0.976391707092285,7.51049200333398,2,3,0,0,3,0,0,8
"KIF4A",3.815,6.2e-47,4.03,"Basal-like",1102.6996814433,1.00023600311442,0.51698501408693,4.42211852310603,2,3,2,0,1,0,0,8
"TPX2",3.274,1.96e-40,3.543,"Basal-like",3703.16715773196,1.00001173498822,0.930462802792726,6.21616179174538,2,2,2,0,2,0,0,8
"CDC20",3.184,1.29e-27,3.53,"Basal-like",2012.28952371134,1.00007760166617,0.70422412444954,6.42445662379692,2,2,2,0,2,0,0,8
"FAM83D",3.041,3.31e-29,3.417,"Basal-like",850.884884536082,1.0001715518587,0.677532678092516,5.01306430181573,2,2,2,0,2,0,0,8
"ANLN",3.58,1.52e-33,3.381,"Basal-like",2110.87344020619,1.00010396186779,0.51366600704503,5.64928344565547,2,2,2,0,2,0,0,8
"UBE2T",3.042,1.22e-36,3.275,"Basal-like",813.321912371134,1.00029769549551,0.406849815736044,6.53214758488124,2,2,2,0,2,0,0,8
"PTTG1",2.722,8.73e-34,3.227,"Basal-like",896.857074226804,1.00009853470404,0.832480881858613,7.25999416857791,1,2,2,0,3,0,0,8
"CENPF",3.162,1.43e-36,3.167,"Basal-like",5173.46873298969,1.00000744842197,0.930838411085661,6.17148098809633,2,2,2,0,2,0,0,8
"CDC6",4.242,1.12e-25,2.977,"HER2-enriched",1689.61731896552,0.999973410238767,0.888551422036292,5.41715468014305,3,1,2,0,2,0,0,8
"WT1",5.339,1.01e-19,4.4,"Luminal B",181.265133858268,1.00053038059244,0.210809909708536,1.14243401293132,3,3,1,0,0,0,0,7
"SLC5A8",4.127,0.013842764,3.942,"Basal-like",127.425871134021,1.00005488228385,0.833391783675484,0.497338387526091,3,2,2,0,0,0,0,7
"MSLN",4.407,5.45e-06,3.918,"Basal-like",2679.53825463918,0.999977769450796,0.74000116195483,1.48577031504829,3,2,2,0,0,0,0,7
"PITX1",3.841,2.15e-16,3.9,"HER2-enriched",926.92340862069,1.00008447990671,0.70422412444954,4.48124786588472,2,2,2,0,1,0,0,7
"NUF2",3.481,2.3e-47,3.887,"Basal-like",750.668253608247,1.00006931372549,0.895304612888952,4.95095174588072,2,2,2,0,1,0,0,7
"IQGAP3",3.315,5.3e-39,3.823,"Basal-like",1537.91197628866,1.00009964294255,0.681297511743629,4.46089438273432,2,2,2,0,1,0,0,7
"CCL11",4.192,1.8e-30,3.81,"HER2-enriched",75.080574137931,0.997681043467389,0.70422412444954,0.00800747002103466,3,2,2,0,0,0,0,7
"TROAP",2.982,3.73e-33,3.768,"Basal-like",458.916671134021,1.0001477351777,0.880570706888453,5.4312387406029,1,2,2,0,2,0,0,7
"MELK",3.599,3.87e-33,3.766,"Basal-like",973.236002061856,0.999980403452034,0.966852010014543,4.99323427444817,2,2,2,0,1,0,0,7
"CXCL11",4.472,1.36e-34,3.662,"Basal-like",786.929404123711,0.999866690247757,0.725265649895665,0.403383944252575,3,2,2,0,0,0,0,7
"KIF14",3.263,2.82e-28,3.579,"Basal-like",555.605771134021,1.00007234927389,0.919979264836138,3.03082033363853,2,2,2,0,1,0,0,7
"EXO1",3.536,4.6e-28,3.536,"Basal-like",651.6846,1.00015727955968,0.839165083258255,4.01217291997787,2,2,2,0,1,0,0,7
"HJURP",3.161,2.41e-32,3.51,"Basal-like",666.275908247423,1.00007653809325,0.915256909745127,4.67372040892658,2,2,2,0,1,0,0,7
"ASPM",3.408,2.57e-27,3.507,"Basal-like",1499.39861340206,1.00007360618915,0.813689865114254,4.14129621122272,2,2,2,0,1,0,0,7
"HOXC11",3.97,3.34e-17,3.428,"HER2-enriched",244.023529310345,1.00019573260409,0.888618681754135,2.51113157925412,2,2,2,0,1,0,0,7
"CEP55",3.294,1.16e-34,3.413,"Basal-like",1077.47323814433,1.00000930577188,0.97723966781232,4.67251016990044,2,2,2,0,1,0,0,7
"DLGAP5",3.232,1.19e-28,3.403,"Basal-like",759.019906185567,1.00005045605225,0.934795412275857,4.70403037421074,2,2,2,0,1,0,0,7
"CCNB2",2.497,1.44e-27,3.276,"Basal-like",1085.48165670103,1.00011091449218,0.808818089159567,5.77865153918189,1,2,2,0,2,0,0,7
"IGFL2",4.146,2.54e-16,3.273,"HER2-enriched",42.8551103448276,1.00002601233593,0.993913576174028,0.141088978939301,3,2,2,0,0,0,0,7
"CKAP2L",3.65,1.68e-33,3.242,"Basal-like",369.368679381443,1.00056792534248,0.523081858361541,3.53102851320255,2,2,2,0,1,0,0,7
"DEPDC1",3.147,3.75e-24,3.217,"Basal-like",705.660824742268,0.999962660895927,0.943794904812167,3.72987488294603,2,2,2,0,1,0,0,7
"TUBB3",3.568,1.16e-12,3.178,"Basal-like",2315.2539072165,1.00002724013995,0.750077837299571,4.90400729005112,2,2,2,0,1,0,0,7
"KIFC1",2.658,9.45e-33,3.14,"Basal-like",1437.1240814433,1.00004944036497,0.888618681754135,5.60703199546801,1,2,2,0,2,0,0,7
"CDCA3",2.35,3.19e-28,3.135,"Basal-like",602.386484536082,0.999952129151978,0.943944400512259,5.46437561644248,1,2,2,0,2,0,0,7
"GAL3ST2",5.729,5.99e-23,3.125,"HER2-enriched",76.7783551724138,1.0027740234055,0.348568502297386,0.505503269422863,3,2,2,0,0,0,0,7
"AURKA",2.803,1.18e-31,3.117,"Basal-like",921.555488659794,1.0001156845813,0.764379722675528,6.26697554898568,1,2,2,0,2,0,0,7
"CLSPN",3.222,6.5e-25,3.065,"Basal-like",308.738883505155,1.00040691309477,0.725265649895665,2.93303229109651,2,2,2,0,1,0,0,7
"CDCA5",2.832,8.16e-36,3.062,"Basal-like",1143.13311443299,1.00018478359417,0.523081858361541,5.29028802653324,1,2,2,0,2,0,0,7
"BUB1B",2.609,3.61e-24,3.036,"Basal-like",800.852039175258,1.00033276009639,0.51366600704503,5.04294497331882,1,2,2,0,2,0,0,7
"ASF1B",3.015,4.03e-38,2.995,"Basal-like",866.642773195876,0.999999611028435,0.99848719144135,5.33285086791135,2,1,2,0,2,0,0,7
"MKI67",3.042,1.01e-18,2.992,"Basal-like",4448.0116556701,1.00002153475613,0.849309222857486,5.12307565167017,2,1,2,0,2,0,0,7
"MND1",4.507,2.31e-06,2.867,"Basal-like",151.284453608247,1.00106895794616,0.643090632221054,3.74938233293732,3,1,2,0,1,0,0,7
"SPAG5",3.155,3.13e-33,2.851,"HER2-enriched",1481.79380862069,1.00008110683049,0.773105546498114,5.94627148229123,2,1,2,0,2,0,0,7
"CCNA2",2.377,5.39e-23,2.813,"Basal-like",1128.77873505155,1.00015149455311,0.639941684153821,4.97056789765279,1,1,2,0,1,2,0,7
"CENPE",2.008,1.63e-25,2.735,"Basal-like",827.847620618557,1.00025989278735,0.523081858361541,3.09630586236623,1,1,2,0,1,2,0,7
"E2F1",2.487,8.33e-26,2.691,"Basal-like",766.553140206186,1.0001415615659,0.782896210430916,4.76306831467661,1,1,2,0,1,2,0,7
"KIF11",2.248,2.4e-30,2.5,"Basal-like",1491.12130721649,1.00011654904589,0.70422412444954,4.23681890323608,1,1,2,0,1,2,0,7
"MAD2L1",1.766,3.13e-26,2.18,"Basal-like",796.774702061856,1.0003741249947,0.331631270866498,5.41771889976119,0,1,2,0,2,2,0,7
"TYMS",1.392,2.48e-11,2.153,"Basal-like",1530.03991958763,0.999987071072112,0.963171793527258,6.29084125908608,0,1,2,0,2,2,0,7
"ERBB2",2.569,1.66e-13,1.856,"HER2-enriched",84267.953912069,1.00000263774409,0.523081858361541,6.72762869020129,1,0,2,0,2,2,0,7
"ULBP2",2.226,2.01e-08,1.848,"Basal-like",64.770487628866,1.00386661985652,0.0257948670330446,2.2845025071505,1,0,2,3,1,0,0,7
"STMN1",1.549,1.49e-19,1.755,"Basal-like",9699.83680721649,0.999995335413507,0.926694072715647,8.07942389649289,0,0,2,0,3,2,0,7
"MAL2",1.595,3.66e-11,1.599,"HER2-enriched",10653.8798913793,1.00002529179484,0.0282608188628823,6.07900422421518,0,0,2,3,2,0,0,7
"TUBA1C",1.786,1.87e-20,1.584,"Basal-like",6672.28546185567,1.00007269276046,0.303948911860753,8.79866297749827,0,0,2,0,3,2,0,7
"CST1",7.461,3.08e-32,6.644,"Luminal A",692.037212121212,0.999671816937453,0.327342240623868,0.74900996150945,3,3,0,0,0,0,0,6
"MMP1",6.874,4.61e-31,6.602,"HER2-enriched",2001.45475862069,1.00008459479045,0.0520606398028144,0.92786949662447,3,3,2,1,0,0,-3,6
"CBLN2",5.001,2.54e-09,5.913,"Luminal A",583.129752380952,1.00003306580829,0.774543725414126,0.320652396852536,3,3,0,0,0,0,0,6
"INSM1",3.122,1.32e-09,4.951,"Luminal B",450.295820472441,1.00003189482661,0.849742363381543,0.415825522945009,2,3,1,0,0,0,0,6
"CST2",4.182,4.67e-22,4.746,"Luminal A",96.2862489177489,0.999421257058518,0.785913481781515,0.294252035168822,3,3,0,0,0,0,0,6
"COMP",5.068,6.92e-37,4.614,"Luminal A",3635.13244935065,1.00000684421613,0.915256909745127,0.267825633580719,3,3,0,0,0,0,0,6
"ACAN",2.974,5.68e-10,4.384,"Basal-like",386.24621443299,0.999936060314914,0.888618681754135,0.24770969423238,1,3,2,0,0,0,0,6
"KIF18B",2.968,3.3e-23,3.57,"Basal-like",508.245637113402,1.00005746258261,0.943794904812167,3.95819718148888,1,2,2,0,1,0,0,6
"SERPINB7",3.666,0.000360823,3.525,"Basal-like",164.544796907216,0.999746436277,0.828254083208353,1.11380373857045,2,2,2,0,0,0,0,6
"CXCL10",3.883,4.84e-35,3.513,"Basal-like",3095.03781237113,0.999930864864622,0.523081858361541,0.64725799748867,2,2,2,0,0,0,0,6
"PBK",2.802,2.38e-27,3.446,"Basal-like",518.527497938144,1.00031274089652,0.527973704772423,4.95697768272977,1,2,2,0,1,0,0,6
"UHRF1",3.477,2.61e-29,3.419,"Luminal B",717.253327559055,1.00023389330054,0.613776032787715,4.79490477735681,2,2,1,0,1,0,0,6
"NEIL3",2.819,1.75e-23,3.405,"Basal-like",128.38623814433,1.00030414808343,0.919979264836138,2.82567787449688,1,2,2,0,1,0,0,6
"NDC80",2.284,2.31e-30,3.336,"Basal-like",774.983949484536,0.999896918056934,0.888618681754135,4.56247910448027,1,2,2,0,1,0,0,6
"SKA1",2.43,1.98e-34,3.33,"Basal-like",409.156246391753,1.00013979166475,0.915256909745127,3.27302004792321,1,2,2,0,1,0,0,6
"CENPA",2.797,7.11e-27,3.314,"Basal-like",397.08920927835,1.00000622384906,0.994458463251635,4.54424947071343,1,2,2,0,1,0,0,6
"INHBA",3.848,1.97e-36,3.309,"HER2-enriched",524.2155,1.00039520005046,0.327342240623868,1.63015594518217,2,2,2,0,0,0,0,6
"MCM10",2.641,1.1e-21,3.247,"Basal-like",712.738124742268,1.00013828854291,0.832480881858613,3.71915363220905,1,2,2,0,1,0,0,6
"CDC45",2.832,1.19e-20,3.209,"Basal-like",430.203815463918,1.00026347729452,0.832480881858613,4.83695471228977,1,2,2,0,1,0,0,6
"SPC24",2.925,1.31e-37,3.196,"Basal-like",45.4847051546392,1.00286630249847,0.702602296634329,4.14111276528696,1,2,2,0,1,0,0,6
"CLEC5A",3.912,2.2e-19,3.171,"Basal-like",208.129891752577,1.00005107725002,0.963171793527258,0.0172650908451968,2,2,2,0,0,0,0,6
"HMMR",2.591,2.3e-23,3.137,"Basal-like",538.851167010309,1.00020294480346,0.71885915288166,4.57797565834386,1,2,2,0,1,0,0,6
"SPC25",2.059,3.16e-43,3.135,"Basal-like",224.841258762887,1.00109833313879,0.523081858361541,4.35942014596453,1,2,2,0,1,0,0,6
"ONECUT2",3.585,1.36e-18,3.116,"HER2-enriched",207.59590862069,1.00035745755079,0.670095349520597,0.881091596922281,2,2,2,0,0,0,0,6
"CXCL9",3.802,5.34e-13,3.103,"HER2-enriched",4374.96448448276,0.999923643825914,0.210809909708536,0.0279606844517347,2,2,2,0,0,0,0,6
"TK1",2.714,6.7e-24,3.089,"Luminal B",2048.1138488189,1.0000335860046,0.833460624521487,6.64668973211761,1,2,1,0,2,0,0,6
"SKA3",2.811,4.26e-32,3.087,"Basal-like",447.802180412371,1.00016071221602,0.888618681754135,3.70635009209457,1,2,2,0,1,0,0,6
"GTSE1",2.618,1.67e-26,3.079,"Basal-like",523.679908247423,0.999934881323398,0.943794904812167,4.49473518493097,1,2,2,0,1,0,0,6
"SCUBE3",3.025,2.97e-16,3.048,"Basal-like",495.778160824742,1.00006066454871,0.888618681754135,0.855562648562906,2,2,2,0,0,0,0,6
"DEPDC1B",2.658,1.5e-19,3.02,"Basal-like",243.13322371134,1.00053871912816,0.70422412444954,3.65860958853633,1,2,2,0,1,0,0,6
"ZNF695",2.71,6.69e-19,3.017,"Basal-like",197.520174226804,1.00001666059187,0.993913576174028,2.93315286346408,1,2,2,0,1,0,0,6
"HSD17B6",3.51,6.01e-37,3.016,"HER2-enriched",128.920663793103,1.00144366721517,0.483886750478843,1.5240640487723,2,2,2,0,0,0,0,6
"DTL",3.375,1.08e-37,3.012,"Luminal B",935.390070866142,1.00011526451793,0.725265649895665,4.20464505894371,2,2,1,0,1,0,0,6
"CDKN3",2.483,8.08e-31,2.997,"HER2-enriched",326.151837931034,0.999998598510554,0.99848719144135,6.19946870653708,1,1,2,0,2,0,0,6
"HOXC13",3.435,2.41e-17,2.855,"HER2-enriched",270.607812068966,1.00060166451068,0.331631270866498,3.34387506307033,2,1,2,0,1,0,0,6
"MNX1",4.43,2.09e-16,2.844,"HER2-enriched",54.9963965517241,0.999720410380575,0.954304132617669,1.81802031808041,3,1,2,0,0,0,0,6
"E2F7",3.324,6.79e-25,2.839,"Basal-like",202.416789690722,1.00035543945162,0.833460624521487,2.46445054835465,2,1,2,0,1,0,0,6
"NCAPH",3.027,9.74e-27,2.832,"Basal-like",670.009621649485,1.00023296773929,0.70422412444954,4.85104254887488,2,1,2,0,1,0,0,6
"KIF23",2.379,2.15e-32,2.682,"Basal-like",1063.35695051546,1.00012685744038,0.764379722675528,5.28690692966045,1,1,2,0,2,0,0,6
"IGFL3",6.081,1.36e-19,2.676,"HER2-enriched",6.27735344827586,0.998499149747492,0.91831276635491,0.0431999875160575,3,1,2,0,0,0,0,6
"ZWINT",2.347,2.02e-38,2.556,"HER2-enriched",1351.69568448276,1.00005603561392,0.8578947648546,6.48542790766495,1,1,2,0,2,0,0,6
"SLC7A5",1.862,5.97e-10,2.549,"Basal-like",7511.49758762887,1.00001679665761,0.693280540541374,7.0095161926944,0,1,2,0,3,0,0,6
"EDN2",3.207,4.57e-13,2.536,"Basal-like",280.846758762887,1.0001782071722,0.785913481781515,2.04023592195099,2,1,2,0,1,0,0,6
"MFAP2",2.365,6.23e-37,2.467,"Basal-like",1529.13119896907,1.00015654948603,0.14992329024406,2.78885070956725,1,1,2,1,1,0,0,6
"DLX5",4.022,7.96e-16,2.464,"Basal-like",206.643337113402,0.999960332872955,0.976391707092285,0.856119487799145,3,1,2,0,0,0,0,6
"TACC3",2.024,1.41e-23,2.388,"Basal-like",1468.22810515464,1.00004675628916,0.895304612888952,5.76270554113709,1,1,2,0,2,0,0,6
"LMNB1",2.283,1.75e-27,2.372,"Basal-like",2064.14577835052,1.000026147647,0.915256909745127,5.93450000445588,1,1,2,0,2,0,0,6
"KIAA0319",3.315,9.32e-16,2.371,"HER2-enriched",55.3418655172414,1.00209268144518,0.14992329024406,0.592823156020016,2,1,2,1,0,0,0,6
"HMGB3",2.159,1.76e-35,2.369,"HER2-enriched",2610.31382586207,1.00006217010474,0.523081858361541,6.78746369300169,1,1,2,0,2,0,0,6
"HOXC12",4.976,2.57e-13,2.367,"Basal-like",9.63244432989691,1.00687943655386,0.51366600704503,1.23482003663533,3,1,2,0,0,0,0,6
"PYCR1",2.289,7.53e-16,2.319,"HER2-enriched",3907.84340862069,1.00005003433619,0.681297511743629,6.51704623041212,1,1,2,0,2,0,0,6
"EZH2",2.193,2.34e-28,2.311,"Basal-like",961.436117525773,0.999881908221079,0.849309222857486,5.10549816339747,1,1,2,0,2,0,0,6
"ZBED2",4.036,3.69e-06,2.292,"Basal-like",41.3338742268041,0.998490037226022,0.774543725414126,0.413583406136808,3,1,2,0,0,0,0,6
"SQLE",2.261,3.15e-17,2.249,"HER2-enriched",3416.1849,1.00006325574486,0.458290087914154,6.19043718181439,1,1,2,0,2,0,0,6
"ARHGAP11A",2.194,1.05e-26,2.193,"Basal-like",836.645504123711,1.00027630052721,0.51366600704503,5.00309336331887,1,1,2,0,2,0,0,6
"TMEM132A",2.279,1.22e-22,2.14,"HER2-enriched",3585.27976206897,1.00003761056569,0.628032889905235,6.08239348041752,1,1,2,0,2,0,0,6
"SDC1",2.063,2.26e-12,1.863,"HER2-enriched",14082.1103844828,1.00003247525722,0.106412160416539,6.16856654011204,1,0,2,1,2,0,0,6
"MCM2",1.773,1.93e-14,1.761,"Basal-like",2551.80991546392,1.00006836072588,0.711396183594557,5.46915458265362,0,0,2,0,2,2,0,6
"PARP1",1.266,1.19e-18,1.157,"Basal-like",7569.35868350515,1.00001354495933,0.888618681754135,6.70914772340415,0,0,2,0,2,2,0,6
"STAT1",1.606,7.32e-08,1.15,"Basal-like",10974.3924216495,0.999982997864648,0.523081858361541,5.36436411002858,0,0,2,0,2,2,0,6
"COL11A1",7.002,7.16e-89,6.513,"HER2-enriched",6093.47202413793,1.00002136267832,0.406849815736044,0.150849884512225,3,3,2,0,0,0,-3,5
"MMP11",6.114,5.23e-125,6.282,"HER2-enriched",11455.5066844828,1.00001188131706,0.51366600704503,1.47071978177404,3,3,2,0,0,0,-3,5
"DQX1",3.893,4.08e-23,3.935,"Luminal B",65.6319905511811,1.0003405580649,0.915256909745127,0.900200267742359,2,2,1,0,0,0,0,5
"TYRP1",4.385,1.39e-05,3.888,"Luminal A",93.5850510822511,0.998843658780428,0.70422412444954,0.594973592060807,3,2,0,0,0,0,0,5
"LRRC15",4.731,5.42e-31,3.787,"Luminal A",4174.6235995671,1.00003079030624,0.523081858361541,0.208341480019655,3,2,0,0,0,0,0,5
"SLC24A2",5.203,7.38e-42,3.781,"Luminal A",30.3761506493506,1.00083541007214,0.915256909745127,0.00737531914371464,3,2,0,0,0,0,0,5
"CCDC78",3.172,5.55e-20,3.744,"Normal-like",257.036825,0.999505160383483,0.655959453637015,2.77708358056784,2,2,0,0,1,0,0,5
"CDC25C",2.566,4.51e-30,3.63,"Luminal B",184.216718110236,1.00076282664713,0.70422412444954,3.35052875934458,1,2,1,0,1,0,0,5
"ISG15",3.244,8.92e-19,3.493,"Normal-like",4264.9596125,0.999992970813049,0.888618681754135,4.82265755936024,2,2,0,0,1,0,0,5
"TFR2",2.974,6.39e-16,3.462,"Basal-like",104.270171134021,0.999012999833611,0.647002275141405,1.78407262041123,1,2,2,0,0,0,0,5
"CHRNA6",4.925,1.71e-15,3.394,"Luminal A",17.5002281385281,0.991744036360177,0.523081858361541,0.0125528824790558,3,2,0,0,0,0,0,5
"GABRD",2.817,4.77e-52,3.305,"HER2-enriched",82.8387224137931,1.00130899869186,0.523081858361541,0.916864572056637,1,2,2,0,0,0,0,5
"COL22A1",2.836,4.72e-07,3.286,"Basal-like",570.635730927835,0.999755152932669,0.583748082451663,0.283014144754933,1,2,2,0,0,0,0,5
"CDCA8",2.717,3.69e-32,2.994,"Basal-like",1212.93720515464,1.00002968541281,0.934795412275857,4.92612740310647,1,1,2,0,1,0,0,5
"CDCA2",2.531,4.57e-20,2.982,"Basal-like",600.256441237113,1.00005203398515,0.934795412275857,3.36253658084952,1,1,2,0,1,0,0,5
"NCAPG",2.81,4.69e-23,2.974,"Basal-like",949.144765979381,1.00012593208478,0.813689865114254,4.01568759498145,1,1,2,0,1,0,0,5
"CCNE2",2.85,8.9e-26,2.966,"HER2-enriched",523.163517241379,1.00027538349638,0.522177869765992,3.92546423033174,1,1,2,0,1,0,0,5
"TTK",2.627,1.19e-23,2.962,"Basal-like",833.514146391753,1.00008483430336,0.891571860487305,4.08682109044255,1,1,2,0,1,0,0,5
"CCNE1",2.643,6.82e-16,2.895,"Basal-like",499.253580412371,1.00004553490895,0.926694072715647,3.84790922183048,1,1,2,0,1,0,0,5
"SOX11",3.256,3.33e-10,2.888,"HER2-enriched",1267.82081724138,1.00003919170474,0.888618681754135,0.930399359917991,2,1,2,0,0,0,0,5
"ESM1",3.608,7.83e-31,2.861,"HER2-enriched",330.442086206897,1.00037532216758,0.57454665671519,0.315452808228905,2,1,2,0,0,0,0,5
"KIF15",2.521,3.83e-24,2.845,"Basal-like",480.965912371134,0.999899568048618,0.915256909745127,3.5925029738777,1,1,2,0,1,0,0,5
"CTXN1",2.154,1.16e-25,2.841,"Basal-like",494.600593814433,0.999794808510631,0.670095349520597,3.64520707031265,1,1,2,0,1,0,0,5
"GPRIN1",2.992,3.33e-35,2.808,"Basal-like",338.275421649485,1.00032793478783,0.70422412444954,2.54281405016231,1,1,2,0,1,0,0,5
"FAM72D",2.47,1.25e-14,2.767,"Basal-like",178.687984536082,1.00107092021451,0.406849815736044,2.84031641127402,1,1,2,0,1,0,0,5
"ERCC6L",2.766,1.03e-32,2.715,"HER2-enriched",274.213086206897,1.00127066218465,0.327342240623868,2.60022609007392,1,1,2,0,1,0,0,5
"OIP5",2.015,6.73e-14,2.713,"Basal-like",144.759296907216,1.00109580451815,0.697542428406591,4.05098846213479,1,1,2,0,1,0,0,5
"FAM111B",2.806,3.76e-16,2.708,"HER2-enriched",1080.61403793103,1.00015879960711,0.599101804974287,3.94407014412593,1,1,2,0,1,0,0,5
"ULBP1",3.567,6.4e-12,2.698,"Basal-like",94.938569072165,1.00151094441851,0.51366600704503,1.15246253392138,2,1,2,0,0,0,0,5
"BMP8A",3.292,1.68e-34,2.693,"HER2-enriched",361.795565517241,0.999854716665651,0.888618681754135,0.693083823234583,2,1,2,0,0,0,0,5
"PAQR4",2.354,2.93e-32,2.674,"HER2-enriched",1885.34522241379,0.999877637334226,0.523081858361541,4.99419507449872,1,1,2,0,1,0,0,5
"RAD51",2.612,1.1e-31,2.664,"Basal-like",329.536398969072,1.00112328406085,0.327342240623868,4.31266397533674,1,1,2,0,1,0,0,5
"CBX2",2.586,2.35e-20,2.664,"Basal-like",1152.43027319588,1.00016419593759,0.523081858361541,3.97619274792519,1,1,2,0,1,0,0,5
"HOTAIR",3.008,7.73e-08,2.662,"HER2-enriched",221.002125862069,1.00077719909654,0.327342240623868,NA,2,1,2,0,0,0,0,5
"POLQ",2.51,4.68e-24,2.658,"Basal-like",290.267205154639,1.00006250860468,0.963171793527258,2.60385858468121,1,1,2,0,1,0,0,5
"PRC1",1.824,3.12e-09,2.637,"Basal-like",2248.37024845361,1.00005871415148,0.725265649895665,6.85690690225159,0,1,2,0,2,0,0,5
"EME1",2.807,2.51e-27,2.636,"HER2-enriched",191.732829310345,0.999337667775619,0.691103813506964,3.90040833422145,1,1,2,0,1,0,0,5
"CELSR3",3.204,4.86e-17,2.624,"Luminal B",468.618009448819,1.00008192871393,0.888618681754135,2.82368167406849,2,1,1,0,1,0,0,5
"IL21R",3.409,1.36e-14,2.612,"Basal-like",180.775319587629,0.998492435561941,0.331631270866498,0.166689612788909,2,1,2,0,0,0,0,5
"NKX3-2",3.937,1.17e-17,2.586,"HER2-enriched",38.7527775862069,1.00165748431948,0.406849815736044,0.357208744970215,2,1,2,0,0,0,0,5
"CKS2",2.206,3.73e-44,2.572,"Normal-like",1244.8377375,1.00001946197634,0.943944400512259,8.25169112579978,1,1,0,0,3,0,0,5
"PAX1",3.704,4.12e-13,2.57,"Basal-like",56.4026072164948,0.998574772049725,0.681297511743629,0.0741873767775578,2,1,2,0,0,0,0,5
"UBE2S",1.999,1.26e-27,2.553,"Basal-like",835.283794845361,1.00024403796175,0.523081858361541,6.368534724624,0,1,2,0,2,0,0,5
"CCR8",3.695,1.06e-07,2.551,"HER2-enriched",32.3505172413793,1.00141703157833,0.888618681754135,0.200804233146393,2,1,2,0,0,0,0,5
"TRIP13",2.693,1.84e-26,2.543,"Basal-like",900.244721649485,1.00006025303619,0.895304612888952,4.92211956440831,1,1,2,0,1,0,0,5
"CENPI",2.21,1.02e-25,2.539,"Basal-like",155.165284536082,1.00181595511165,0.406849815736044,3.18918040206381,1,1,2,0,1,0,0,5
"NKX2-5",3.974,0.000624762,2.522,"Basal-like",52.0104649484536,1.00187454233105,0.327342240623868,0.975127535077947,2,1,2,0,0,0,0,5
"E2F2",2.401,3.83e-14,2.517,"Basal-like",491.214667010309,1.00010757006628,0.880570706888453,2.80065259818508,1,1,2,0,1,0,0,5
"GUCY1B2",3.716,3.59e-07,2.483,"HER2-enriched",17.5701793103448,1.00102086736554,0.915256909745127,NA,2,1,2,0,0,0,0,5
"IL4I1",3.079,2.13e-13,2.481,"Basal-like",434.430758762887,0.999262617581831,0.331631270866498,0.622732821689971,2,1,2,0,0,0,0,5
"DIAPH3",2.287,1.06e-19,2.468,"Basal-like",464.528836082474,1.0004303036223,0.517521768479728,3.21342058867345,1,1,2,0,1,0,0,5
"FOXD3",3.333,8.73e-05,2.455,"Basal-like",21.4855381443299,0.993055168064371,0.527973704772423,0.242554246098777,2,1,2,0,0,0,0,5
"HOXC10",2.182,3.41e-14,2.448,"HER2-enriched",1175.97406724138,1.00016073912964,0.465970452916036,4.7563313860856,1,1,2,0,1,0,0,5
"TLCD1",2.749,3.07e-26,2.425,"HER2-enriched",420.926027586207,0.999835968299179,0.888551422036292,4.39033065054583,1,1,2,0,1,0,0,5
"GINS1",2.203,3.86e-38,2.403,"Basal-like",670.275141237113,1.00044219971954,0.465970452916036,4.05744319272968,1,1,2,0,1,0,0,5
"NXPH4",2.429,3.98e-05,2.396,"HER2-enriched",401.591306896552,1.00033963994667,0.418045689850628,2.62498962166437,1,1,2,0,1,0,0,5
"ADAM8",2.658,8e-14,2.382,"Basal-like",504.121207216495,0.999771283950806,0.693280540541374,2.03586771492829,1,1,2,0,1,0,0,5
"SIX2",3.017,7.36e-06,2.355,"HER2-enriched",313.860782758621,1.00028104178206,0.51366600704503,1.86475955399701,2,1,2,0,0,0,0,5
"SLC16A3",2.393,1.72e-10,2.331,"HER2-enriched",1181.34643448276,1.00008998172902,0.534220366634707,4.22885513463791,1,1,2,0,1,0,0,5
"SDS",3.573,4.33e-10,2.279,"HER2-enriched",273.268079310345,1.00028062828422,0.772432064174638,0.234666910112963,2,1,2,0,0,0,0,5
"RAD51AP1",2.113,1.01e-23,2.275,"Basal-like",595.114644329897,1.00025472201273,0.681297511743629,4.69841133867192,1,1,2,0,1,0,0,5
"CREB3L1",2.335,2.33e-20,2.263,"HER2-enriched",2943.42287586207,1.00005711075701,0.527973704772423,2.72374475034806,1,1,2,0,1,0,0,5
"SIM2",3.231,0.000428163,2.086,"Basal-like",339.637401030928,1.00029134631816,0.598969591062162,1.98217523887212,2,1,2,0,0,0,0,5
"CRABP2",2.143,9.44e-17,2.075,"Normal-like",15337.8670125,1.00000506018551,0.681297511743629,7.02166704011423,1,1,0,0,3,0,0,5
"NME1",1.467,8.22e-18,1.886,"HER2-enriched",4469.70574827586,0.999947317146289,0.642918817930695,8.32431754135688,0,0,2,0,3,0,0,5
"CALCA",4.521,0.021607958,1.537,"Basal-like",39.492324742268,0.99824597816708,0.744277851220355,0.460114348859832,3,0,2,0,0,0,0,5
"MTHFD2",1.355,3.42e-19,1.435,"Basal-like",3178.70612164948,1.00013254167029,0.303948911860753,7.21811119211715,0,0,2,0,3,0,0,5
"CD24",1.979,1.19e-05,1.425,"HER2-enriched",64019.9550568965,1.00000250980672,0.344746915593105,8.09781951441985,0,0,2,0,3,0,0,5
"PSMD3",2.167,1.54e-10,1.424,"HER2-enriched",16663.4181155172,1.0000118616872,0.523081858361541,6.79827605302679,1,0,2,0,2,0,0,5
"PLAU",2.207,4.92e-13,1.327,"HER2-enriched",2791.68975,1.00008103940973,0.176066185782156,2.73368923814678,1,0,2,1,1,0,0,5
"SLC35A2",1.168,3.97e-33,1.293,"HER2-enriched",1510.37533448276,1.00045581774158,0.145533341882334,5.06487825367656,0,0,2,1,2,0,0,5
"S100A11",1.401,7.67e-09,1.175,"Basal-like",17147.8432536082,1.00001611716804,0.348568502297386,10.055939943015,0,0,2,0,3,0,0,5
"HAGHL",2.558,4.75e-25,3.915,"Normal-like",237.323075,1.00019683933123,0.70422412444954,4.1033223417649,1,2,0,0,1,0,0,4
"CILP2",3.523,1.41e-40,3.48,"Luminal A",397.072151082251,1.00022997322885,0.523081858361541,0.880766594129537,2,2,0,0,0,0,0,4
"ADAMTS14",3.365,3.01e-25,3.086,"Luminal A",141.258251515152,1.00089109210358,0.523081858361541,0.372404470025094,2,2,0,0,0,0,0,4
"SYNGR3",3.154,1.88e-21,3.03,"Normal-like",120.610775,0.999637433708848,0.889849799895177,1.76899079004732,2,2,0,0,0,0,0,4
"RECQL4",2.598,1.26e-23,2.996,"Normal-like",900.5978375,1.00022661893982,0.465970452916036,5.4038444453322,1,1,0,0,2,0,0,4
"METRN",2.057,5.78e-18,2.907,"Normal-like",1617.38615,0.999943576541193,0.808818089159567,5.01961251979325,1,1,0,0,2,0,0,4
"ESPL1",2.613,1.88e-24,2.868,"Luminal B",611.503997637795,1.00027478551137,0.628032889905235,3.9525126016374,1,1,1,0,1,0,0,4
"FN1",3.639,4.2e-26,2.85,"HER2-enriched",150452.009494828,1.00000164116339,0.327342240623868,5.13339743367144,2,1,2,0,2,0,-3,4
"FAM72A",1.917,5.36e-17,2.834,"Basal-like",85.1297567010309,1.00080515053368,0.849309222857486,3.3771507003606,0,1,2,0,1,0,0,4
"F12",2.209,1.75e-15,2.829,"Luminal B",187.154946456693,1.00049892722868,0.523081858361541,3.57147653898174,1,1,1,0,1,0,0,4
"CDKN2A",1.99,5.26e-08,2.785,"Basal-like",986.69871443299,0.999807407407551,0.523081858361541,4.11323431355702,0,1,2,0,1,0,0,4
"PRR11",2.921,2.69e-20,2.783,"Luminal B",392.693011023622,1.00005375756238,0.860591995729458,4.6556188648158,1,1,1,0,1,0,0,4
"E2F8",2.421,2.94e-23,2.752,"Luminal B",235.811139370079,1.0001209575989,0.930462802792726,2.77940730537071,1,1,1,0,1,0,0,4
"ESCO2",2.43,8.6e-18,2.713,"Luminal B",237.079892125984,1.00089145772411,0.406849815736044,2.80918164410219,1,1,1,0,1,0,0,4
"SALL4",2.746,3.48e-33,2.703,"HER2-enriched",51.793225862069,1.00079357660865,0.90154061825454,0.815744607346429,1,1,2,0,0,0,0,4
"GBP5",2.61,3.16e-24,2.501,"Basal-like",1502.03240721649,0.999802829175598,0.406849815736044,0.340138547350991,1,1,2,0,0,0,0,4
"MUC1",2.447,2.99e-12,2.487,"Luminal A",15382.942191342,0.999989448628064,0.523081858361541,5.71493176918816,1,1,0,0,2,0,0,4
"TNFRSF9",2.623,2.66e-08,2.472,"Basal-like",41.238381443299,0.994335661441995,0.418045689850628,0.273708956400523,1,1,2,0,0,0,0,4
"ZIC1",2.625,0.006155489,2.463,"Basal-like",280.462677319588,0.999396445081435,0.699273635775682,1.86834412264244,1,1,2,0,0,0,0,4
"ERMN",2.126,4.21e-10,2.424,"HER2-enriched",50.0247637931034,0.999992256664843,0.99848719144135,0.0721343800126507,1,1,2,0,0,0,0,4
"CTHRC1",2.679,2.5e-25,2.401,"HER2-enriched",2362.22553448276,1.00012764257121,0.249226366859103,1.86825495226578,1,1,2,0,0,0,0,4
"FOXP3",2.724,1.24e-12,2.37,"HER2-enriched",148.626268965517,0.998844069414506,0.523081858361541,0.520703166528973,1,1,2,0,0,0,0,4
"TMEM92",2.956,2.32e-12,2.362,"HER2-enriched",54.0082172413793,1.00183762042433,0.51366600704503,0.586333687775238,1,1,2,0,0,0,0,4
"PIF1",1.539,8.89e-09,2.34,"Basal-like",99.1833567010309,0.999209603504812,0.839165083258255,3.52601272338225,0,1,2,0,1,0,0,4
"OASL",2.043,2.96e-10,2.333,"Basal-like",653.431890721649,0.999954095391789,0.888618681754135,1.88828507368362,1,1,2,0,0,0,0,4
"RUFY4",2.777,1.77e-06,2.317,"Basal-like",31.1997402061856,1.00077290952487,0.844113785457553,0.19893135674605,1,1,2,0,0,0,0,4
"SBK1",1.717,1.07e-09,2.251,"HER2-enriched",1206.74503965517,0.999873468416686,0.70422412444954,2.30598721386804,0,1,2,0,1,0,0,4
"CDC25A",1.829,3.85e-15,2.222,"Basal-like",419.455456701031,1.00005125192529,0.963171793527258,3.13496768097081,0,1,2,0,1,0,0,4
"OTX1",2.49,2.63e-09,2.191,"Basal-like",125.050159793814,1.00037540286737,0.915256909745127,1.52049471962662,1,1,2,0,0,0,0,4
"FANCA",1.712,1.76e-13,2.167,"Basal-like",692.381298969072,0.999975139804144,0.971222585127494,4.63445909469102,0,1,2,0,1,0,0,4
"MYBL1",1.523,5.82e-06,2.149,"Basal-like",785.975168041237,1.00003999023291,0.915256909745127,3.2172889937481,0,1,2,0,1,0,0,4
"LYPD1",2.681,1.54e-08,2.137,"Basal-like",126.846081443299,0.999753626343648,0.888618681754135,1.05308774167313,1,1,2,0,0,0,0,4
"POC1A",2.031,1.7e-45,2.137,"Luminal B",330.234052755906,1.00053606947334,0.64375355228969,3.94295364459611,1,1,1,0,1,0,0,4
"RNFT2",2.164,1.7e-20,2.134,"Basal-like",196.838019587629,0.99979493025748,0.919979264836138,1.8223814628823,1,1,2,0,0,0,0,4
"IGFBPL1",2.755,2.12e-18,2.117,"Basal-like",16.2354432989691,0.996986154009305,0.804989878021218,0.601520541812903,1,1,2,0,0,0,0,4
"BRIP1",2.025,1.57e-20,2.114,"Luminal B",254.196077165354,0.999676117392612,0.808014091869186,3.11932970347592,1,1,1,0,1,0,0,4
"CD80",2.877,1.72e-09,2.106,"Basal-like",45.7192082474227,1.00038542966341,0.948497868661117,0.0410404813814814,1,1,2,0,0,0,0,4
"LAG3",2.334,1.23e-07,2.094,"Basal-like",252.91721443299,0.998804332973219,0.344746915593105,0.809296479201658,1,1,2,0,0,0,0,4
"STIL",1.879,2.04e-24,2.073,"Basal-like",766.506291752577,1.00005016951938,0.930462802792726,3.64221862958665,0,1,2,0,1,0,0,4
"ETV7",2.211,1e-12,2.068,"Basal-like",269.80232371134,0.998725734049205,0.344746915593105,0.831540592178808,1,1,2,0,0,0,0,4
"CIT",1.587,2.35e-23,2.064,"Basal-like",733.737212371134,0.99986970172935,0.849309222857486,3.81342001095778,0,1,2,0,1,0,0,4
"BLM",1.984,1.72e-14,2.024,"Basal-like",432.895634020619,0.999983821755829,0.984107102435583,2.97886677163635,0,1,2,0,1,0,0,4
"SRD5A2",2.211,1.69e-13,2.002,"Basal-like",22.8692896907217,0.988601832342804,0.465970452916036,0.0696904281897847,1,1,2,0,0,0,0,4
"FANCI",1.833,1.58e-24,1.929,"Basal-like",1618.90418453608,1.00008512758171,0.70422412444954,5.50222083785731,0,0,2,0,2,0,0,4
"LAGE3",1.731,3.51e-22,1.914,"HER2-enriched",800.433932758621,1.00017556060785,0.649952271949931,5.37177055920005,0,0,2,0,2,0,0,4
"ATAD2",1.586,5.99e-17,1.902,"Basal-like",3014.95298041237,1.00005160382663,0.621564953648467,5.3268132847796,0,0,2,0,2,0,0,4
"RACGAP1",1.791,2.35e-40,1.86,"Luminal B",1537.03538031496,1.00028882461518,0.156991100242124,5.82551364810442,0,0,1,1,2,0,0,4
"TRIM59",2.073,9.07e-29,1.854,"Basal-like",486.719258762887,1.00015370711675,0.888618681754135,2.98295299671691,1,0,2,0,1,0,0,4
"RNASEH2A",1.455,0.000371876,1.756,"Basal-like",891.143092783505,1.00024201212476,0.583748082451663,5.90169605992473,0,0,2,0,2,0,0,4
"PLAUR",2.206,2.34e-16,1.716,"Basal-like",1104.59891340206,1.00002135027575,0.953593369760736,3.61041874747114,1,0,2,0,1,0,0,4
"SLC2A6",2.087,1.19e-08,1.611,"Basal-like",254.43573814433,0.99930685607467,0.556272877704444,2.94808056093226,1,0,2,0,1,0,0,4
"KCNJ6",3.412,1.43e-12,1.587,"Basal-like",9.83123298969072,1.00225538225965,0.711396183594557,0.0960764400656777,2,0,2,0,0,0,0,4
"FEN1",1.633,1.87e-27,1.578,"Basal-like",1407.79493814433,1.000005766939,0.979804206418949,5.71502469310682,0,0,2,0,2,0,0,4
"BOP1",1.206,6.02e-08,1.568,"Basal-like",772.135651546392,1.00030587270857,0.270438247064181,5.86009452600622,0,0,2,0,2,0,0,4
"RCC1",1.246,8.53e-13,1.537,"Basal-like",1559.99910309278,1.00011039500069,0.70422412444954,6.13009410998395,0,0,2,0,2,0,0,4
"HMGA1",1.494,8.26e-12,1.53,"Basal-like",4487.1565371134,1.00000352660413,0.976324749562137,6.89060289184381,0,0,2,0,2,0,0,4
"DPP3",1.817,1.47e-21,1.508,"HER2-enriched",2057.56645517241,1.00008649428961,0.51366600704503,5.62183336439571,0,0,2,0,2,0,0,4
"SMC4",1.278,2.67e-14,1.499,"Basal-like",3398.39941443299,1.00001576318153,0.919979264836138,6.12939234121959,0,0,2,0,2,0,0,4
"RND1",2.044,0.000111702,1.466,"HER2-enriched",636.484927586207,0.999879460784684,0.774543725414126,2.00874669848051,1,0,2,0,1,0,0,4
"RUSC1",1.482,6.75e-30,1.435,"HER2-enriched",1717.42664137931,1.00004062486106,0.913521675412709,5.64623360758746,0,0,2,0,2,0,0,4
"CHPF",1.412,3.61e-15,1.409,"HER2-enriched",3035.84757413793,1.00008881695585,0.311524134565945,5.06326398898893,0,0,2,0,2,0,0,4
"NACC1",1.305,3.42e-22,1.397,"HER2-enriched",2696.76019482759,1.00013893309228,0.523081858361541,5.35933553332762,0,0,2,0,2,0,0,4
"LMNB2",1.553,1.22e-15,1.357,"Basal-like",2491.72173195876,1.00010514781455,0.523081858361541,5.69171054810521,0,0,2,0,2,0,0,4
"LRRC59",1.568,3.33e-14,1.259,"HER2-enriched",8416.50606896552,0.999990731052283,0.888618681754135,6.71117492406877,0,0,2,0,2,0,0,4
"STARD3",1.828,1.49e-08,1.254,"HER2-enriched",5525.57020344828,1.00003533854923,0.523081858361541,6.01917941570889,0,0,2,0,2,0,0,4
"PSME2",1.3,2.81e-14,1.227,"Normal-like",3768.3011125,0.999774204786358,0.0558971480849287,7.6938545614183,0,0,0,1,3,0,0,4
"LPCAT1",1.818,1.54e-13,1.224,"HER2-enriched",2555.59598103448,1.00005534664953,0.609468405242535,5.15807393723479,0,0,2,0,2,0,0,4
"FLAD1",1.253,1.27e-26,1.215,"Basal-like",1930.41758041237,0.999968829534688,0.915256909745127,5.56374370981823,0,0,2,0,2,0,0,4
"ATP6AP1",1.22,7.05e-24,1.18,"Luminal B",7454.52090472441,1.00004409276118,0.465970452916036,7.07158327386527,0,0,1,0,3,0,0,4
"BAX",1.129,9.21e-15,1.174,"Basal-like",737.337156701031,1.00017782128157,0.741957155272219,6.65976319935046,0,0,2,0,2,0,0,4
"NCAPG2",1.545,1.23e-14,1.126,"Basal-like",1264.93294226804,1.00003324061565,0.919979264836138,5.01568727248863,0,0,2,0,2,0,0,4
"PDIA4",1.273,2.59e-17,1.116,"Basal-like",7525.84526082474,0.999975783170601,0.728543374047778,6.79616417070381,0,0,2,0,2,0,0,4
"TFRC",1.133,1.29e-05,1.052,"Basal-like",5277.01733505155,1.00003930757317,0.337147330400866,6.83130418176456,0,0,2,0,2,0,0,4
"MAGED1",1.342,7.52e-13,1.044,"HER2-enriched",8743.33861551724,1.00003403453,0.51366600704503,5.72179425267265,0,0,2,0,2,0,0,4
"SAMD1",1.138,5.04e-17,1.041,"Basal-like",427.481482474227,0.999521841046817,0.70422412444954,5.13581618285274,0,0,2,0,2,0,0,4
"RCC2",1.054,7.36e-16,1.014,"Basal-like",7458.2765257732,0.999933409893589,0.520630106733879,6.16456974954437,0,0,2,0,2,0,0,4
"COL10A1",7.229,4.36e-133,7.028,"Luminal A",3979.81734805195,1.00003334492628,0.51366600704503,0.0759414524200088,3,3,0,0,0,0,-3,3
"CADPS",2.035,2.8e-06,3.219,"Normal-like",62.471875,0.998978391158605,0.880570706888453,0.0733096752000433,1,2,0,0,0,0,0,3
"ARTN",2.555,1.58e-14,3.129,"Luminal A",82.4697640692641,1.0007585219918,0.523081858361541,1.84305645460348,1,2,0,0,0,0,0,3
"KIF26B",3.407,1e-31,2.976,"Luminal A",424.941848051948,0.999958543168725,0.943944400512259,0.523275871617982,2,1,0,0,0,0,0,3
"MATN3",3.222,1.55e-19,2.972,"Luminal A",760.174555844156,1.00009593828561,0.73699373395731,1.41300869206996,2,1,0,0,0,0,0,3
"SYT1",3.066,3.24e-10,2.878,"Luminal A",968.078275757576,0.999960915150957,0.785913481781515,1.51769771875529,2,1,0,0,0,0,0,3
"CENPM",2.231,1.09e-19,2.831,"Normal-like",330.109275,1.00061860903905,0.613091371873013,4.8999994579457,1,1,0,0,1,0,0,3
"RDM1",2.421,8.43e-18,2.792,"Luminal B",24.578931496063,0.997950668626037,0.888618681754135,1.93705589277498,1,1,1,0,0,0,0,3
"ZIC2",2.846,2e-10,2.756,"Luminal B",71.2854141732283,1.00098918485235,0.523081858361541,1.55916447603652,1,1,1,0,0,0,0,3
"ADAMDEC1",3.239,6.26e-07,2.748,"Normal-like",598.204675,0.999370657126552,0.388523999770078,0.00275607062469174,2,1,0,0,0,0,0,3
"PACSIN1",2.421,4.5e-21,2.696,"Luminal B",145.187529133858,1.00077110565375,0.614001428637636,1.55654837858174,1,1,1,0,0,0,0,3
"CST6",2.412,1.4e-09,2.598,"Normal-like",238.52605,1.00013406915601,0.888618681754135,2.35935763016792,1,1,0,0,1,0,0,3
"NPTX2",1.54,0.000777038,2.544,"Basal-like",153.806213402062,0.999990332748778,0.967806758992079,0.487276984355989,0,1,2,0,0,0,0,3
"LINGO1",2.587,7.64e-15,2.488,"Luminal B",688.210211023622,1.00014028292892,0.523081858361541,1.53704200957038,1,1,1,0,0,0,0,3
"ADORA2A",2.043,4.03e-05,2.443,"Luminal A",398.654977922078,0.99993532208397,0.888618681754135,2.31241963562118,1,1,0,0,1,0,0,3
"PAFAH1B3",1.8,2.78e-29,2.427,"Normal-like",1997.2793625,0.999901791054525,0.697542428406591,6.03411068289955,0,1,0,0,2,0,0,3
"SRMS",1.961,3.48e-08,2.386,"HER2-enriched",65.610924137931,1.00265511296654,0.523081858361541,1.78974233087894,0,1,2,0,0,0,0,3
"SAMD14",2.439,3.16e-13,2.301,"Luminal B",31.5324,1.00081331694656,0.849309222857486,0.620255090896825,1,1,1,0,0,0,0,3
"C1QTNF6",2.562,4.41e-34,2.255,"Luminal A",1118.7372991342,1.00007899567837,0.785913481781515,2.97864872367799,1,1,0,0,1,0,0,3
"NUAK2",1.736,6.67e-31,2.228,"Luminal B",300.900922834646,0.999147311319506,0.523081858361541,2.01387972171137,0,1,1,0,1,0,0,3
"SPOCD1",2.512,5.11e-14,2.137,"Luminal B",126.886418897638,0.999304283665116,0.70422412444954,1.3940877257584,1,1,1,0,0,0,0,3
"AIM2",1.866,0.000219299,2.077,"Basal-like",89.0121340206186,0.998850708254276,0.70422412444954,0.373791409491052,0,1,2,0,0,0,0,3
"CHST6",1.873,7.66e-10,2.047,"Basal-like",176.810836082474,1.00040177205125,0.849309222857486,0.364729703904161,0,1,2,0,0,0,0,3
"ANKRD22",2.296,8.63e-10,1.999,"HER2-enriched",336.886875862069,0.999729906140139,0.773105546498114,1.1719166686917,1,0,2,0,0,0,0,3
"CBS",1.622,0.000227684,1.997,"Basal-like",1097.53795154639,1.00005603343509,0.888618681754135,4.54872210062097,0,0,2,0,1,0,0,3
"PTK6",1.777,4.38e-08,1.978,"HER2-enriched",520.720451724138,1.00015644178915,0.773105546498114,2.5629888460534,0,0,2,0,1,0,0,3
"RTKN2",1.437,8.06e-13,1.973,"Basal-like",355.79567628866,0.999856962667168,0.915256909745127,2.49121098428973,0,0,2,0,1,0,0,3
"IRF7",1.688,3.72e-15,1.965,"HER2-enriched",897.75595862069,0.999754476881478,0.465970452916036,2.74687198358944,0,0,2,0,1,0,0,3
"GPC2",1.875,3.38e-06,1.961,"Basal-like",125.636619587629,1.00047921080734,0.813689865114254,2.07933071038289,0,0,2,0,1,0,0,3
"HELLS",1.618,1.42e-14,1.956,"Basal-like",305.925832989691,1.00011664707877,0.934795412275857,4.21560572577527,0,0,2,0,1,0,0,3
"TYMP",1.973,1.55e-09,1.925,"HER2-enriched",2212.65098103448,0.999928950193306,0.525255282561957,3.31469776619645,0,0,2,0,1,0,0,3
"HPX",2.405,0.000364159,1.924,"HER2-enriched",509.905993103448,0.999875006057932,0.57454665671519,1.89210033369768,1,0,2,0,0,0,0,3
"LRP8",1.502,3.04e-06,1.867,"Basal-like",514.480574226804,1.00015529546762,0.785913481781515,4.0580849120698,0,0,2,0,1,0,0,3
"NUP210",1.505,4.94e-16,1.865,"Basal-like",3755.72209175258,0.999976837019512,0.87561033456846,4.39792993725491,0,0,2,0,1,0,0,3
"TNFSF4",2.228,6.95e-17,1.862,"Luminal B",187.328677952756,1.00145976080678,0.175440035066084,0.30168578561683,1,0,1,1,0,0,0,3
"KCNK1",1.788,4.39e-08,1.841,"HER2-enriched",939.495998275862,1.00020880678851,0.483886750478843,3.71674537324897,0,0,2,0,1,0,0,3
"CDC7",1.446,5.62e-11,1.803,"Basal-like",530.755458762887,0.999873922155264,0.888618681754135,3.35347056849825,0,0,2,0,1,0,0,3
"ICOS",2.108,9.85e-10,1.785,"Basal-like",89.0638742268041,0.998042375355038,0.51698501408693,0.0627721655288892,1,0,2,0,0,0,0,3
"GPR84",2.988,4.39e-08,1.782,"Basal-like",82.7545381443299,0.997763452062652,0.583748082451663,0.0667096853849371,1,0,2,0,0,0,0,3
"IL9R",2.879,6.5e-08,1.782,"HER2-enriched",10.2561275862069,0.991246109641481,0.711396183594557,0.568148557812151,1,0,2,0,0,0,0,3
"RAD54B",1.812,1.06e-22,1.765,"Basal-like",305.103019587629,1.00116242385229,0.261830866972151,3.46030181400111,0,0,2,0,1,0,0,3
"PLK4",1.577,2.73e-21,1.751,"Basal-like",390.95060927835,1.00032155448709,0.785913481781515,3.78413220455448,0,0,2,0,1,0,0,3
"LTA",2.068,0.00047061,1.691,"Basal-like",36.0437546391753,0.993960226276351,0.406849815736044,0.115728145792615,1,0,2,0,0,0,0,3
"GPR141",2.454,1.38e-10,1.65,"HER2-enriched",20.0903706896552,1.00324779890462,0.51366600704503,0.108305775189987,1,0,2,0,0,0,0,3
"XRCC2",1.812,4.99e-14,1.626,"Basal-like",176.236693814433,1.00005435149088,0.979804206418949,2.7802664353991,0,0,2,0,1,0,0,3
"ADAMTS20",3.622,4.42e-05,1.621,"Luminal B",3.62026535433071,1.00921877170272,0.465970452916036,0.134757951964951,2,0,1,0,0,0,0,3
"TBX20",3.489,7.26e-05,1.608,"Luminal B",6.96804409448819,1.00472368971218,0.210809909708536,0.407846950217436,2,0,1,0,0,0,0,3
"STX1A",1.459,1.81e-10,1.55,"HER2-enriched",215.422018965517,1.00036431811107,0.70422412444954,3.95286543201342,0,0,2,0,1,0,0,3
"PPP1R14B",1.581,1.56e-15,1.543,"Normal-like",3172.5759625,1.00002972421962,0.886192841856921,7.52906107240811,0,0,0,0,3,0,0,3
"EGLN3",1.751,2.75e-08,1.531,"HER2-enriched",2032.50047413793,1.00003413586843,0.785913481781515,3.09344568230779,0,0,2,0,1,0,0,3
"KIF24",1.476,7.04e-28,1.528,"HER2-enriched",264.556939655172,0.999152462293385,0.609468405242535,2.04024681594971,0,0,2,0,1,0,0,3
"CCDC87",2.131,3.8e-13,1.523,"HER2-enriched",58.8043068965517,1.00075152790667,0.888618681754135,0.436961485941127,1,0,2,0,0,0,0,3
"TAP1",1.743,4.01e-10,1.516,"Basal-like",6527.63576185567,0.999939529504168,0.327342240623868,4.47665395324747,0,0,2,0,1,0,0,3
"SLC12A8",1.744,1.81e-10,1.484,"Basal-like",626.593609278351,1.00051874287704,0.51366600704503,2.81488289597698,0,0,2,0,1,0,0,3
"FANCD2",1.223,7.03e-13,1.461,"Basal-like",677.964780412371,1.00025439590158,0.51366600704503,4.60706544423571,0,0,2,0,1,0,0,3
"CENPL",1.219,2.56e-22,1.446,"Basal-like",365.81527628866,1.00073747047111,0.523081858361541,3.83843766772262,0,0,2,0,1,0,0,3
"PLEK2",1.809,5.92e-11,1.442,"HER2-enriched",232.153713793103,0.999977972203079,0.970224109238548,2.80236374601019,0,0,2,0,1,0,0,3
"BRCA2",1.268,7.55e-11,1.442,"Basal-like",317.758983505155,1.00075123453006,0.503885357089492,2.5144188086103,0,0,2,0,1,0,0,3
"CHEK1",1.958,1.63e-19,1.423,"Basal-like",526.054060824742,1.00073494962526,0.331631270866498,4.3440801403212,0,0,2,0,1,0,0,3
"DONSON",1.399,3.35e-16,1.384,"Basal-like",574.771872164948,1.00018489580339,0.849309222857486,4.74916694433774,0,0,2,0,1,0,0,3
"BST2",1.444,1.4e-07,1.366,"Luminal B",5058.20719448819,0.999972145816577,0.586984441131541,5.4847572356629,0,0,1,0,2,0,0,3
"EIF4EBP1",1.393,5.33e-07,1.347,"Normal-like",1626.3342625,1.00010599630587,0.210809909708536,7.00239618817722,0,0,0,0,3,0,0,3
"FNDC1",2.771,4.48e-07,1.342,"Basal-like",2070.31355773196,1.00004964702043,0.527973704772423,0.445232357030358,1,0,2,0,0,0,0,3
"CHST11",1.455,3.41e-09,1.315,"Basal-like",287.267190721649,0.999161171738561,0.523081858361541,2.13460092604936,0,0,2,0,1,0,0,3
"CKAP2",1.261,1.76e-12,1.309,"Basal-like",1229.98557216495,1.00018660711051,0.523081858361541,4.93575444733716,0,0,2,0,1,0,0,3
"PCDH17",2.204,6.14e-10,1.29,"HER2-enriched",275.915260344828,1.00050351409866,0.681297511743629,0.125946948980442,1,0,2,0,0,0,0,3
"TTYH3",1.475,3.79e-09,1.285,"Basal-like",3535.85061546392,1.00004450694117,0.70422412444954,4.51007949622193,0,0,2,0,1,0,0,3
"CENPO",1.194,1.18e-23,1.263,"Basal-like",270.249756701031,1.00132730241689,0.465970452916036,3.96709086720363,0,0,2,0,1,0,0,3
"CTSD",1.329,3.07e-06,1.255,"Normal-like",38395.605,0.999994598779711,0.51366600704503,8.46948106102316,0,0,0,0,3,0,0,3
"CDK5R1",1.28,4.42e-08,1.249,"Basal-like",183.745748453608,1.001296340458,0.145533341882334,1.55073846685265,0,0,2,1,0,0,0,3
"HYAL3",1.114,1.38e-08,1.245,"Basal-like",124.095977319588,0.998161073159631,0.519410548735663,2.13440316741168,0,0,2,0,1,0,0,3
"NFE2L3",1.362,2.55e-07,1.241,"Basal-like",1652.62247525773,0.999934439041283,0.846288459030962,3.19425151728054,0,0,2,0,1,0,0,3
"WDHD1",1.38,5.34e-18,1.235,"Basal-like",501.836420618557,1.00000866766304,0.993913576174028,3.58306801824235,0,0,2,0,1,0,0,3
"INTS7",1.169,3.29e-22,1.221,"HER2-enriched",1097.26652068966,1.00006176829559,0.915256909745127,3.92623800361173,0,0,2,0,1,0,0,3
"GK",1.179,4.29e-13,1.21,"HER2-enriched",230.386977586207,0.998000392552618,0.327342240623868,2.30164886253726,0,0,2,0,1,0,0,3
"LRWD1",1.199,1.37e-14,1.198,"Basal-like",398.309936082474,0.99958935556835,0.726930803655839,4.0951995961414,0,0,2,0,1,0,0,3
"ISG20",1.183,3.82e-06,1.197,"HER2-enriched",549.768620689655,0.99955102191704,0.465970452916036,3.53440889803889,0,0,2,0,1,0,0,3
"TCF19",1.292,4.19e-15,1.19,"Basal-like",1198.7243257732,0.999961402668062,0.915256909745127,4.35762055042823,0,0,2,0,1,0,0,3
"DBF4",1.303,1.76e-16,1.181,"Basal-like",524.449036082474,0.999784701427909,0.86865970182249,4.43823767667284,0,0,2,0,1,0,0,3
"SYNGR2",1.103,1.94e-11,1.157,"Normal-like",7945.324425,0.999961748245953,0.530721962696875,7.20413349739243,0,0,0,0,3,0,0,3
"SEPHS2",1.122,2.93e-19,1.155,"Luminal B",3997.60344409449,1.00006061263927,0.517521768479728,6.00532178998261,0,0,1,0,2,0,0,3
"SLC25A39",1.096,2.48e-13,1.149,"Normal-like",3633.303825,1.00001602665106,0.915256909745127,7.07892443553253,0,0,0,0,3,0,0,3
"FCGR3A",2.198,8.26e-08,1.136,"HER2-enriched",2295.60865344828,0.999998412646109,0.992876644926216,0.0111858235275862,1,0,2,0,0,0,0,3
"TDRKH",1.198,1.07e-20,1.129,"Basal-like",796.143475257732,1.00045386709247,0.327342240623868,3.64701617029367,0,0,2,0,1,0,0,3
"GAS2L3",1.803,5.32e-10,1.117,"Basal-like",118.926697938144,1.00121932714375,0.539892495119364,3.12392186561945,0,0,2,0,1,0,0,3
"HMX3",3.302,2.24e-05,1.115,"Luminal B",3.31490393700787,1.01523816020486,0.580110142371964,0.230105065876609,2,0,1,0,0,0,0,3
"SLC20A1",1.207,1.22e-23,1.109,"Luminal B",1848.25598425197,0.999941199489356,0.888551422036292,5.28106437043269,0,0,1,0,2,0,0,3
"PLXNA3",1.65,1.26e-12,1.101,"HER2-enriched",1428.07911551724,1.00004941967973,0.888618681754135,4.58313217362246,0,0,2,0,1,0,0,3
"KDELR3",1.642,4.02e-06,1.083,"HER2-enriched",1312.03956034483,0.999994575565025,0.979804206418949,4.17829239355933,0,0,2,0,1,0,0,3
"LPAR2",1.073,7.13e-07,1.066,"HER2-enriched",587.518003448276,0.999676375431257,0.70422412444954,4.11431699620143,0,0,2,0,1,0,0,3
"TUBG1",1.331,4.76e-12,1.037,"Luminal B",1416.00534566929,1.00005042981161,0.913521675412709,6.00521888590577,0,0,1,0,2,0,0,3
"MMP9",3.119,2.63e-09,3.415,"Normal-like",6164.0950375,1.00000302426129,0.0596825107453085,0.491172323862255,2,2,0,1,0,0,-3,2
"P4HA3",2.944,5.77e-20,2.624,"Luminal A",243.410287445887,1.00086043113587,0.327823278941217,0.683323122994553,1,1,0,0,0,0,0,2
"RPLP0P2",2.861,4.1e-36,2.32,"Normal-like",87.936675,1.00055207074893,0.888618681754135,NA,1,1,0,0,0,0,0,2
"KIFC2",1.799,9.48e-10,2.076,"Normal-like",1288.8354625,0.999936197067809,0.849309222857486,4.96539680295614,0,1,0,0,1,0,0,2
"TIGIT",2.115,0.000278735,2.067,"Normal-like",193.278275,0.998498136684566,0.327342240623868,0.0164391106474543,1,1,0,0,0,0,0,2
"TPRN",1.816,4.53e-31,2.003,"Luminal A",912.289672294372,0.999835020719615,0.628032889905235,4.05919355937823,0,1,0,0,1,0,0,2
"CENPK",1.675,2.07e-14,1.985,"Luminal B",139.530064566929,1.00103428032306,0.681297511743629,4.26939365233206,0,0,1,0,1,0,0,2
"UNC5B",2.356,4.82e-31,1.947,"Luminal A",1948.48535627706,1.00005967480648,0.73699373395731,2.12058929109026,1,0,0,0,1,0,0,2
"SLC39A4",1.623,6.2e-06,1.939,"Normal-like",1855.822225,1.00017275592331,0.523081858361541,5.6196711397625,0,0,0,0,2,0,0,2
"B4GALNT4",1.75,4.73e-10,1.909,"Luminal B",552.886606299213,0.999739452738832,0.523081858361541,4.30090959598099,0,0,1,0,1,0,0,2
"FUT7",3.109,0.000129794,1.889,"Normal-like",25.9884,0.991869900956961,0.327342240623868,0.090820708152011,2,0,0,0,0,0,0,2
"KLRG2",1.879,1.07e-05,1.885,"HER2-enriched",138.082732758621,1.00089632702526,0.465970452916036,1.99925190495554,0,0,2,0,0,0,0,2
"CHTF18",1.431,2.35e-12,1.876,"Luminal B",417.704204724409,0.999934006970178,0.919979264836138,4.86341091476779,0,0,1,0,1,0,0,2
"ZBP1",1.962,7.5e-07,1.855,"Basal-like",114.803528865979,0.999026060942828,0.581567703359147,0.120362826588829,0,0,2,0,0,0,0,2
"PDCD1",1.502,0.005081975,1.841,"Basal-like",66.3109381443299,0.996213510932989,0.327342240623868,0.11984891767272,0,0,2,0,0,0,0,2
"LAMP3",1.971,4.18e-06,1.836,"Basal-like",941.171586597938,0.999585917038564,0.331631270866498,0.928283952174757,0,0,2,0,0,0,0,2
"SLC38A5",1.635,5.92e-11,1.795,"Basal-like",254.928981443299,1.00010087467167,0.930462802792726,0.609815915489965,0,0,2,0,0,0,0,2
"RELL2",1.495,4.21e-07,1.791,"Luminal B",71.595674015748,1.00169775342706,0.51366600704503,3.38212497747777,0,0,1,0,1,0,0,2
"C21orf58",1.438,2.92e-15,1.758,"Luminal B",181.725651968504,0.999667279346607,0.888618681754135,3.14425050611454,0,0,1,0,1,0,0,2
"SH2D2A",1.916,1e-09,1.752,"Basal-like",170.261587628866,0.997989144941116,0.331631270866498,0.948818434973931,0,0,2,0,0,0,0,2
"CCNF",1.695,6.16e-24,1.73,"Luminal B",842.318917322835,1.00021674017149,0.670095349520597,3.90178423911381,0,0,1,0,1,0,0,2
"PMAIP1",1.66,4.07e-10,1.713,"Luminal B",494.626596850394,0.999634454647879,0.51366600704503,3.07823568585311,0,0,1,0,1,0,0,2
"RGS4",1.93,7.29e-13,1.709,"HER2-enriched",301.660727586207,1.00027234006264,0.523081858361541,0.611837621720459,0,0,2,0,0,0,0,2
"KMO",1.638,0.000120763,1.7,"HER2-enriched",691.448798275862,1.00037741141558,0.327342240623868,1.51181743743637,0,0,2,0,0,0,0,2
"ADAM19",1.82,1.78e-08,1.694,"Basal-like",711.062044329897,1.00008253906117,0.888618681754135,1.66610505792464,0,0,2,0,0,0,0,2
"IL12B",3.133,0.003145519,1.635,"Normal-like",11.1557375,0.973469967540213,0.327342240623868,0.0169996030796026,2,0,0,0,0,0,0,2
"ZNF367",1.774,7.49e-18,1.63,"Luminal B",351.985549606299,1.00048284788328,0.523081858361541,3.14456401630723,0,0,1,0,1,0,0,2
"OAS2",1.87,9.42e-08,1.597,"HER2-enriched",3433.57257241379,0.999984144728185,0.843064349992573,1.49116772602451,0,0,2,0,0,0,0,2
"CACNA1E",1.702,5.93e-05,1.593,"Basal-like",11.4461020618557,1.00394803278384,0.681297511743629,0.019960868228095,0,0,2,0,0,0,0,2
"RSAD2",1.816,7.52e-06,1.585,"Basal-like",1301.52940103093,1.00003412480099,0.821229588275072,0.967065452412216,0,0,2,0,0,0,0,2
"LIMD2",1.814,5.4e-05,1.562,"HER2-enriched",702.134355172414,0.999654980747876,0.458290087914154,1.83364678783511,0,0,2,0,0,0,0,2
"SIX4",1.877,7.72e-27,1.556,"Luminal B",732.91418976378,0.999878517056918,0.849309222857486,2.69415015548667,0,0,1,0,1,0,0,2
"ARSI",1.717,4.64e-09,1.507,"HER2-enriched",107.749136206897,0.99957719226205,0.888618681754135,0.786363004253439,0,0,2,0,0,0,0,2
"TIMELESS",1.581,4.48e-38,1.494,"Luminal B",1611.85794094488,1.00024731317627,0.331631270866498,4.82290637448208,0,0,1,0,1,0,0,2
"OAS3",1.717,1.41e-09,1.488,"Luminal B",4188.46996535433,0.999991340497571,0.915256909745127,3.14151152718072,0,0,1,0,1,0,0,2
"FLVCR1",1.51,8.07e-32,1.456,"Luminal B",346.131798425197,1.00014547494162,0.915256909745127,3.15987334276372,0,0,1,0,1,0,0,2
"TMEM97",1.907,2.1e-11,1.449,"Luminal B",1299.49702755906,1.00011144552967,0.681297511743629,4.75813194694039,0,0,1,0,1,0,0,2
"TUFT1",1.657,5.01e-30,1.433,"Luminal B",1474.54313228346,1.00004887869591,0.8578947648546,4.35569586470949,0,0,1,0,1,0,0,2
"SEMA7A",1.649,4.52e-10,1.416,"Basal-like",267.435943298969,1.00092357987357,0.331631270866498,1.98844496490351,0,0,2,0,0,0,0,2
"ACOT7",1.354,1.98e-12,1.388,"Normal-like",1029.016525,1.00019443871217,0.681297511743629,5.59737548594307,0,0,0,0,2,0,0,2
"SYCP2",1.532,5.9e-07,1.362,"Luminal B",1090.39863228346,1.00006595843264,0.750077837299571,3.68716978695201,0,0,1,0,1,0,0,2
"ZNF469",1.737,8.61e-12,1.329,"Basal-like",832.688689690722,0.999989407610067,0.976391707092285,0.755092748363457,0,0,2,0,0,0,0,2
"MICB",1.511,6.77e-12,1.291,"Luminal B",273.354177165354,0.999221375429884,0.523081858361541,2.873706033394,0,0,1,0,1,0,0,2
"CMPK2",1.486,0.000164567,1.281,"Basal-like",655.969178350515,1.00005139424586,0.915256909745127,1.1739004346634,0,0,2,0,0,0,0,2
"IER3",1.313,8.61e-05,1.277,"Normal-like",4110.51285,0.999971231276174,0.70422412444954,6.82921229605702,0,0,0,0,2,0,0,2
"WDR76",1.301,1.31e-14,1.268,"Luminal B",398.036128346457,1.00036107895018,0.70422412444954,3.59469756090421,0,0,1,0,1,0,0,2
"PGP",1.145,9.08e-08,1.266,"Luminal B",541.783596850394,0.999972261113987,0.970224109238548,3.614089303851,0,0,1,0,1,0,0,2
"TG",1.82,4.15e-06,1.208,"Basal-like",14.4351051546392,0.998911042561915,0.919979264836138,0.257985779517963,0,0,2,0,0,0,0,2
"ENTPD7",1.162,3.94e-15,1.177,"HER2-enriched",695.069768965517,1.00009946079896,0.913521675412709,1.82398440113127,0,0,2,0,0,0,0,2
"PARP10",1.184,1.63e-07,1.15,"Luminal B",2083.51307795276,1.00001934141024,0.915256909745127,3.3304816842644,0,0,1,0,1,0,0,2
"ADAMTS7",1.269,5.8e-07,1.135,"Basal-like",229.647218556701,1.00034941266291,0.523081858361541,0.977239337253463,0,0,2,0,0,0,0,2
"PASK",1.115,1.27e-10,1.131,"Luminal B",378.602686614173,0.998841796283887,0.327823278941217,3.64941461264242,0,0,1,0,1,0,0,2
"FANCB",1.107,5.01e-07,1.129,"Basal-like",66.0922278350515,1.00108603199504,0.888618681754135,1.60174875143868,0,0,2,0,0,0,0,2
"SEMA3F",1.119,1.73e-12,1.123,"Luminal B",2792.03902362205,0.999885367591353,0.51366600704503,4.08693885153544,0,0,1,0,1,0,0,2
"NUDT1",1.23,8.08e-11,1.118,"Normal-like",393.91085,1.00014620401081,0.895304612888952,5.68997031959265,0,0,0,0,2,0,0,2
"IFITM1",1.446,8.45e-08,1.113,"Luminal B",6760.49403070866,0.999984138616365,0.605649659071672,4.26852350098922,0,0,1,0,1,0,0,2
"RMI1",1.192,3.48e-23,1.113,"Luminal B",564.996660629921,1.00002340148401,0.976324749562137,3.35604405700036,0,0,1,0,1,0,0,2
"USP35",1.56,8.43e-05,1.1,"Luminal B",353.036281889764,0.99993431622696,0.926694072715647,2.56717728426843,0,0,1,0,1,0,0,2
"GPC4",1.555,3.73e-08,1.091,"HER2-enriched",1839.22614137931,1.00005155840862,0.741957155272219,1.89700073059181,0,0,2,0,0,0,0,2
"ABCC5",1.152,3.31e-10,1.072,"Luminal B",2347.42314251968,1.00008112258839,0.523081858361541,4.96492558942962,0,0,1,0,1,0,0,2
"KNTC1",1.178,1.68e-17,1.064,"Luminal B",831.746748818898,1.00002641992044,0.960609626791217,4.88260130739591,0,0,1,0,1,0,0,2
"ITGA11",1.728,4.98e-07,1.05,"HER2-enriched",1986.89228965517,1.00008328477607,0.344746915593105,0.404170465542414,0,0,2,0,0,0,0,2
"BRCA1",1.28,3.18e-09,1.046,"Luminal B",641.648892125984,1.00036552161004,0.51366600704503,3.78943374329924,0,0,1,0,1,0,0,2
"UBE2L6",1.267,2.87e-09,1.026,"Luminal B",2912.84201968504,0.999913661792493,0.465970452916036,4.81003399755812,0,0,1,0,1,0,0,2
"SLC27A4",1.138,6.1e-13,1.022,"Luminal B",1297.62595511811,1.00006985637222,0.888618681754135,4.17247116020195,0,0,1,0,1,0,0,2
"BMP8B",1.985,5.15e-06,1.02,"HER2-enriched",141.931715517241,1.00073349170366,0.523081858361541,1.34428787939227,0,0,2,0,0,0,0,2
"GRIN2D",1.69,8.98e-18,2.318,"Normal-like",183.7167625,1.00107910850013,0.327342240623868,0.914405445774563,0,1,0,0,0,0,0,1
"FBXO43",1.579,5.08e-13,2.133,"Normal-like",34.7628,0.994915150321996,0.523081858361541,0.901285764406453,0,1,0,0,0,0,0,1
"CNGA3",2.679,0.000126624,1.99,"Normal-like",70.99965,0.999025629936183,0.849309222857486,0.0331630174586436,1,0,0,0,0,0,0,1
"LEF1",2.325,1.82e-19,1.948,"Luminal A",668.048067099567,0.999626864238525,0.327342240623868,1.33495082352365,1,0,0,0,0,0,0,1
"PYCARD",1.659,3.46e-14,1.895,"Luminal A",1020.88331558442,0.999812097124284,0.458290087914154,3.18411420181218,0,0,0,0,1,0,0,1
"TMEM171",2.956,2.66e-05,1.893,"Normal-like",36.779125,1.00057074641932,0.934795412275857,0.681926058313772,1,0,0,0,0,0,0,1
"IER5L",1.906,6.16e-23,1.882,"Normal-like",787.3819375,0.999799811792092,0.681297511743629,3.45915224711203,0,0,0,0,1,0,0,1
"ASPN",2.265,5.88e-07,1.837,"Luminal A",3479.63386017316,1.0000029759579,0.963171793527258,0.0449940893615258,1,0,0,0,0,0,0,1
"GPR68",2.061,3.65e-19,1.727,"Normal-like",296.7732125,1.00016019226885,0.913521675412709,0.80097092602718,1,0,0,0,0,0,0,1
"FER1L6",2.27,0.000270823,1.694,"Luminal A",8.67555584415584,1.00027623764129,0.948497868661117,0.0975367990657839,1,0,0,0,0,0,0,1
"FCGR1A",2.18,6.45e-08,1.648,"Normal-like",229.0880625,0.999157319095112,0.639941684153821,0.418723058138405,1,0,0,0,0,0,0,1
"EVPL",1.627,4.18e-10,1.619,"Normal-like",1384.960725,0.999892368517998,0.70422412444954,3.72222059813633,0,0,0,0,1,0,0,1
"RASGRP1",1.365,1.77e-06,1.561,"Luminal B",531.405537007874,0.999868285944372,0.750077837299571,0.652890252287717,0,0,1,0,0,0,0,1
"RAB31",1.633,1.85e-11,1.556,"Luminal A",5471.18035757576,1.00002215499253,0.527973704772423,3.33505616372895,0,0,0,0,1,0,0,1
"P2RY6",1.692,7.18e-06,1.53,"Normal-like",240.301,1.00059500709858,0.523081858361541,2.42791562590533,0,0,0,0,1,0,0,1
"SLAMF8",2.159,1.45e-05,1.473,"Normal-like",837.460325,0.999685520870442,0.51366600704503,0.104475623449992,1,0,0,0,0,0,0,1
"MICAL2",1.463,1.63e-17,1.465,"Luminal A",2822.26077359307,1.00001183123142,0.934795412275857,3.60470039838844,0,0,0,0,1,0,0,1
"CATSPER1",2.581,1.01e-07,1.449,"Normal-like",7.2754,0.998930412945248,0.976324749562137,0.634228021606984,1,0,0,0,0,0,0,1
"LOXL1",1.489,4.01e-11,1.431,"Luminal A",1375.72441255411,1.0000017293155,0.993913576174028,2.74330666870822,0,0,0,0,1,0,0,1
"MXD3",1.304,1.82e-09,1.427,"Normal-like",312.7696125,1.00025639699197,0.877895757856393,4.35689789277361,0,0,0,0,1,0,0,1
"SLC39A11",1.478,2.59e-13,1.401,"Normal-like",2530.8284625,1.00008494107234,0.523081858361541,4.47404189153597,0,0,0,0,1,0,0,1
"CDK5",1.445,5.87e-20,1.371,"Normal-like",440.94275,0.999859292845938,0.915256909745127,4.7725877111157,0,0,0,0,1,0,0,1
"OLFML2B",2.576,4.15e-09,1.237,"Luminal A",1774.09727186147,1.00008714161633,0.210809909708536,1.11132773600035,1,0,0,0,0,0,0,1
"FKBP10",1.408,1.12e-09,1.229,"Luminal A",3395.96725887446,1.00006131464661,0.327342240623868,4.84725802775322,0,0,0,0,1,0,0,1
"ZNF668",1.128,5.17e-15,1.223,"Normal-like",331.4961125,1.00006281134773,0.963171793527258,2.83667699904981,0,0,0,0,1,0,0,1
"SDSL",1.202,4.64e-08,1.19,"Luminal A",333.407223376623,0.999565981323403,0.681297511743629,3.62341166708104,0,0,0,0,1,0,0,1
"BCL9",1.348,4.07e-30,1.179,"Luminal A",1611.30378744589,0.999978845557591,0.943794904812167,3.37184462739507,0,0,0,0,1,0,0,1
"ST6GAL2",2.199,4.34e-10,1.115,"Luminal A",321.435835064935,1.00008638871396,0.919979264836138,0.138349724787297,1,0,0,0,0,0,0,1
"MICALL2",1.122,3.37e-05,1.074,"Normal-like",448.19545,0.999550004599911,0.51366600704503,4.34352177918386,0,0,0,0,1,0,0,1
"SCIN",2.192,0.006592564,1.046,"Luminal A",444.016144155844,1.00002997563259,0.915256909745127,1.36712166634485,1,0,0,0,0,0,0,1
"ASPHD2",1.186,5.86e-08,1.041,"Luminal B",104.841787401575,0.99854570528298,0.681297511743629,0.90134979693285,0,0,1,0,0,0,0,1
"BCL3",1.288,5.32e-09,1.028,"Normal-like",1809.8283125,0.999642157833161,0.208491890262442,4.35803957161908,0,0,0,0,1,0,0,1
"BGN",3.283,1.38e-22,2.333,"Luminal A",17654.3489073593,1.00000346142412,0.849309222857486,1.89118525889538,2,1,0,0,0,0,-3,0
"COL1A1",2.91,7.58e-16,2.272,"Luminal A",170063.251607359,1.00000063694251,0.606863318707777,3.85833392341116,1,1,0,0,1,0,-3,0
"SPP1",3.341,1.03e-07,2.25,"Normal-like",9140.326225,1.00000651766305,0.833391783675484,1.29008144009752,2,1,0,0,0,0,-3,0
"SULF1",2.69,2.75e-19,1.849,"HER2-enriched",8137.61378103448,1.00000459596832,0.87561033456846,0.985919146913916,1,0,2,0,0,0,-3,0
"ADAMTSL2",1.613,9.01e-09,1.778,"Luminal A",208.657815151515,1.00061897175593,0.536498979915313,0.144426495780553,0,0,0,0,0,0,0,0
"GALNT5",1.963,1.85e-06,1.729,"Luminal A",437.081743722944,0.999864228041946,0.70422412444954,0.340569395556404,0,0,0,0,0,0,0,0
"CXCR3",1.95,3.64e-07,1.614,"Normal-like",194.082675,0.998037396235593,0.303948911860753,0.0157052554175079,0,0,0,0,0,0,0,0
"CDH11",1.91,5.26e-19,1.479,"Luminal A",3272.19484848485,1.00003579467215,0.681297511743629,0.988531799506668,0,0,0,0,0,0,0,0
"TNFRSF4",1.273,7.41e-06,1.478,"Normal-like",78.6784875,0.999848741012995,0.957908906254598,0.147462308649032,0,0,0,0,0,0,0,0
"NOD2",1.887,5.76e-09,1.448,"Normal-like",313.4702875,1.00006689915699,0.934795412275857,0.997182706390589,0,0,0,0,0,0,0,0
"MMP14",1.852,1.36e-18,1.311,"HER2-enriched",10772.6606103448,1.00001818705528,0.465970452916036,2.82316879726818,0,0,2,0,1,0,-3,0
"OSCAR",1.794,1.81e-05,1.284,"Normal-like",205.5817375,0.999932623988515,0.976391707092285,0.254710334486476,0,0,0,0,0,0,0,0
"RUNX2",1.539,1.22e-09,1.226,"Luminal A",440.241410822511,1.00004024379477,0.953593369760736,1.70188067831221,0,0,0,0,0,0,0,0
"FOXS1",1.756,4.41e-06,1.164,"Normal-like",116.5447875,0.999904689045471,0.976391707092285,0.176872828764109,0,0,0,0,0,0,0,0
"HLA-DQB1",1.613,2.54e-07,1.134,"Normal-like",2957.25045,0.999896229384224,0.236339740631597,1.44165312573112,0,0,0,0,0,0,0,0
"APOBEC3H",1.913,1.91e-05,1.085,"Normal-like",16.94655,0.99226544582399,0.613776032787715,0.203066229969506,0,0,0,0,0,0,0,0
"MXRA5",1.628,4.49e-11,1.067,"Luminal A",10454.0940502165,1.00001097020941,0.70422412444954,1.30695063062418,0,0,0,0,0,0,0,0
"POSTN",2.531,4.41e-18,2.071,"Luminal A",30493.9703800866,1.00000427305024,0.57454665671519,0.761054084736275,1,1,0,0,0,0,-3,-1
"COL5A1",2.695,9.2e-19,1.946,"Luminal A",12249.9160268398,1.00000887667967,0.681297511743629,2.17036147137729,1,0,0,0,1,0,-3,-1
"COL5A2",2.597,1.07e-15,1.759,"Luminal A",13362.5017069264,1.00001043474445,0.523081858361541,2.13352489369954,1,0,0,0,1,0,-3,-1
"COL12A1",2.067,1.25e-11,1.463,"Luminal A",15775.4630497835,1.00001175212278,0.406849815736044,3.64939439625752,1,0,0,0,1,0,-3,-1
"AEBP1",1.418,1.38e-09,1.153,"HER2-enriched",18701.1181431034,1.00000796885423,0.523081858361541,0.76985767267243,0,0,2,0,0,0,-3,-1
"COL1A2",2.383,2.8e-11,1.578,"Luminal A",128619.461729004,1.00000087525958,0.523081858361541,1.51664849196514,1,0,0,0,0,0,-3,-2
"COL3A1",2.144,3.31e-09,1.389,"Luminal A",117563.33614632,1.00000105685124,0.523081858361541,1.08068569931508,1,0,0,0,0,0,-3,-2
"SULF2",1.193,5.84e-11,1.07,"Normal-like",10885.1982125,0.999975171490346,0.530721962696875,3.67981184752546,0,0,0,0,1,0,-3,-2
"VCAN",1.794,3.66e-10,1.536,"Luminal A",11729.0902367965,1.00001224726763,0.523081858361541,1.2583826046167,0,0,0,0,0,0,-3,-3
"THBS2",1.566,3.7e-07,1.111,"Luminal A",9380.14256580087,1.00001455403334,0.523081858361541,0.384692724734735,0,0,0,0,0,0,-3,-3
