symbol,mean_tumor,mean_normal,log2FC_tcga
COL10A1,3056.899,22.431,7.028
IBSP,140.59,0.372,6.689
CST1,478.849,3.798,6.644
MMP1,762.693,6.862,6.602
COL11A1,4426.166,47.459,6.513
MMP11,9334.295,118.934,6.282
MMP13,716.868,8.909,6.179
CBLN2,345.718,4.755,5.913
EPYC,85.405,0.991,5.44
PRAME,629.107,15.693,5.238
HAPLN1,132.173,2.962,5.071
INSM1,159.984,4.203,4.951
S100P,1230.982,42.597,4.821
CST2,69.057,1.611,4.746
COMP,2824.518,114.364,4.614
WT1,110.673,4.288,4.4
ACAN,375.26,17.026,4.384
GJB2,991.731,50.406,4.271
CEACAM6,4806.022,254.122,4.236
NEK2,554.918,28.64,4.229
UBE2C,806.258,43.458,4.183
PKMYT1,439.508,23.341,4.178
KIF4A,596.237,35.547,4.03
SLC5A8,189.346,11.387,3.942
DQX1,40.474,1.712,3.935
MSLN,554.383,35.753,3.918
HAGHL,224.815,13.966,3.915
PITX1,690.224,45.29,3.9
TYRP1,43.855,2.029,3.888
NUF2,370.992,24.139,3.887
MYBL2,1221.287,83.526,3.854
IQGAP3,791.719,55.025,3.823
CCL11,29.761,1.193,3.81
LRRC15,3181.736,229.506,3.787
SLC24A2,20.7,0.579,3.781
TROAP,291.811,20.489,3.768
MELK,433.445,30.933,3.766
CCDC78,136.75,9.284,3.744
CXCL11,320.535,24.4,3.662
CDC25C,119.502,8.735,3.63
KIF14,257.703,20.651,3.579
FOXM1,1221.084,101.551,3.575
KIF18B,244.737,19.687,3.57
PLK1,653.138,54.298,3.564
BIRC5,509.174,42.419,3.555
TPX2,1694.912,144.537,3.543
EXO1,295.366,24.556,3.536
CDC20,835.861,71.433,3.53
SERPINB7,49.695,3.403,3.525
CXCL10,1131.726,98.198,3.513
HJURP,330.62,28.104,3.51
ASPM,701.296,60.782,3.507
AURKB,261.339,22.157,3.502
ISG15,2633.282,233.005,3.493
CILP2,359.434,31.312,3.48
KIF2C,599.692,52.873,3.479
KIF20A,636.993,56.59,3.47
TOP2A,3548.615,320.129,3.466
TFR2,64.132,4.913,3.462
PBK,319.639,28.418,3.446
BUB1,556.726,50.609,3.434
HOXC11,152.89,13.303,3.428
UHRF1,465.792,42.639,3.419
FAM83D,421.282,38.522,3.417
MMP9,4146.979,387.932,3.415
CEP55,489.037,45.011,3.413
NEIL3,69.242,5.632,3.405
DLGAP5,374.504,34.51,3.403
CHRNA6,18.511,0.856,3.394
ANLN,961.596,91.399,3.381
RRM2,1187.341,115.801,3.347
NDC80,336.222,32.385,3.336
SKA1,176.849,16.686,3.33
CENPA,161.203,15.309,3.314
INHBA,406.297,40.104,3.309
GABRD,76.442,6.833,3.305
COL22A1,155.676,15.064,3.286
CCNB2,520.587,52.83,3.276
UBE2T,488.904,49.623,3.275
IGFL2,30.613,2.27,3.273
MCM10,286.948,29.328,3.247
CKAP2L,195.96,19.815,3.242
PTTG1,490.46,51.48,3.227
CADPS,30.827,2.417,3.219
DEPDC1,306.516,32.067,3.217
CDC45,215.857,22.445,3.209
SPC24,27.967,2.16,3.196
TUBB3,1195.419,131.169,3.178
CLEC5A,145.585,15.278,3.171
CENPF,2521.529,279.895,3.167
CDK1,1007.264,111.502,3.164
KIFC1,726.77,81.556,3.14
HMMR,320.988,35.61,3.137
CDCA3,283.35,31.375,3.135
SPC25,148.654,16.036,3.135
ARTN,83.807,8.693,3.129
GAL3ST2,16.303,0.983,3.125
AURKA,555.394,63.138,3.117
ONECUT2,83.988,8.806,3.116
CXCL9,2379.319,276.009,3.103
TK1,1378.171,161.138,3.089
SKA3,219.983,25.015,3.087
ADAMTS14,141.334,15.76,3.086
GTSE1,258.086,29.655,3.079
CLSPN,153.691,17.484,3.065
CDCA5,613.359,72.565,3.062
SCUBE3,237.964,27.886,3.048
BUB1B,450.209,54.011,3.036
SYNGR3,64.693,7.04,3.03
DEPDC1B,134.659,15.722,3.02
ZNF695,70.714,7.858,3.017
HSD17B6,107.617,12.427,3.016
DTL,638.321,78.265,3.012
CDKN3,194.525,23.497,2.997
RECQL4,546.252,67.601,2.996
ASF1B,590.436,73.193,2.995
CDCA8,504.256,62.402,2.994
MKI67,2282.174,286.024,2.992
CDCA2,207.22,25.347,2.982
CDC6,643.157,80.796,2.977
KIF26B,380.412,47.483,2.976
NCAPG,504.112,63.294,2.974
MATN3,570.941,71.89,2.972
CCNE2,323.716,40.559,2.966
TTK,334.77,42.082,2.962
METRN,803.373,106.227,2.907
CCNE1,181.047,23.478,2.895
SOX11,326.071,43.182,2.888
SYT1,741.236,99.932,2.878
ESPL1,376.44,50.701,2.868
MND1,76.478,9.618,2.867
ESM1,227.498,30.443,2.861
HOXC13,252.815,34.089,2.855
SPAG5,845.091,116.247,2.851
FN1,106503.206,14774.925,2.85
KIF15,248.065,33.66,2.845
MNX1,26.66,2.854,2.844
CTXN1,536.282,73.99,2.841
E2F7,115.326,15.258,2.839
FAM72A,41.411,4.949,2.834
NCAPH,348.888,48.143,2.832
CENPM,181.144,24.592,2.831
F12,178.722,24.286,2.829
CCNA2,543.117,76.42,2.813
GPRIN1,224.201,31.153,2.808
RDM1,17.091,1.612,2.792
CDKN2A,375.012,53.561,2.785
PRR11,158.728,22.202,2.783
FAM72D,81.404,11.107,2.767
ZIC2,50.76,6.665,2.756
E2F8,136.402,19.4,2.752
ADAMDEC1,198.566,28.711,2.748
CENPE,425.854,63.098,2.735
ERCC6L,155.42,22.819,2.715
ESCO2,151.468,22.246,2.713
OIP5,89.564,12.814,2.713
FAM111B,545.683,82.638,2.708
SALL4,37.992,4.988,2.703
ULBP1,36.888,4.837,2.698
PACSIN1,97.994,14.275,2.696
BMP8A,301.205,45.748,2.693
E2F1,477.053,73.007,2.691
KIF23,588.994,90.967,2.682
IGFL3,6.129,0.116,2.676
PAQR4,1334.616,208.225,2.674
RAD51,202.419,31.104,2.664
CBX2,528.292,82.524,2.664
HOTAIR,132.184,20.049,2.662
POLQ,167.272,25.653,2.658
SHCBP1,254.903,40.093,2.639
PRC1,1280.057,204.881,2.637
EME1,107.683,16.483,2.636
CELSR3,314.681,50.221,2.624
P4HA3,207.289,32.792,2.624
IL21R,117.196,18.328,2.612
CST6,92.951,14.513,2.598
NKX3-2,24.49,3.247,2.586
CKS2,728.068,121.594,2.572
PAX1,18.059,2.209,2.57
ZWINT,862.835,145.885,2.556
UBE2S,511.097,86.259,2.553
CCR8,15.164,1.759,2.551
SLC7A5,2703.99,461.36,2.549
NPTX2,112.826,18.522,2.544
TRIP13,438.827,74.455,2.543
CENPI,76.849,12.395,2.539
EDN2,154.433,25.802,2.536
NKX2-5,20.489,2.741,2.522
E2F2,225.098,38.503,2.517
CCNB1,1100.625,192.93,2.506
GBP5,621.534,108.951,2.501
KIF11,851.148,149.647,2.5
LINGO1,527.224,93.134,2.488
MUC1,12105.331,2159.208,2.487
GUCY1B2,14.112,1.703,2.483
IL4I1,245.125,43.071,2.481
TNFRSF9,22.8,3.29,2.472
DIAPH3,209.371,37.028,2.468
MFAP2,1161.903,209.289,2.467
DLX5,52.27,8.654,2.464
ZIC1,69.514,11.792,2.463
FOXD3,12.881,1.532,2.455
HOXC10,789.557,143.836,2.448
ADORA2A,393.779,71.601,2.443
PAFAH1B3,1354.083,251.063,2.427
TLCD1,267.269,48.97,2.425
ERMN,41.668,6.952,2.424
GINS1,394.392,73.757,2.403
CTHRC1,2093.863,395.601,2.401
NXPH4,150.284,27.745,2.396
TACC3,956.658,181.957,2.388
SRMS,45.322,7.862,2.386
ADAM8,458.891,87.239,2.382
LMNB1,1338.151,257.725,2.372
KIAA0319,32.614,5.498,2.371
FOXP3,98.488,18.243,2.37
HMGB3,1709.894,330.233,2.369
HOXC12,6.237,0.403,2.367
TMEM92,23.609,3.788,2.362
SIX2,199.091,38.118,2.355
PIF1,53.018,9.669,2.34
BGN,16288.179,3232.967,2.333
OASL,428.055,84.169,2.333
SLC16A3,929.853,184.061,2.331
RPLP0P2,75.847,14.385,2.32
PYCR1,2680.3,536.342,2.319
GRIN2D,90.054,17.266,2.318
RUFY4,22.896,3.795,2.317
EZH2,500.662,100.083,2.311
SAMD14,25.005,4.276,2.301
ZBED2,25.425,4.394,2.292
SDS,242.912,49.272,2.279
RAD51AP1,262.65,53.472,2.275
COL1A1,140942.791,29179.951,2.272
CREB3L1,1567.303,325.838,2.263
C1QTNF6,988.494,206.243,2.255
SBK1,862.206,180.355,2.251
SPP1,5651.03,1187.549,2.25
SQLE,2281.164,479.078,2.249
NUAK2,250.404,52.668,2.228
CDC25A,176.561,37.057,2.222
ARHGAP11A,477.552,103.625,2.193
OTX1,41.467,8.299,2.191
MAD2L1,466.759,102.205,2.18
FANCA,293.191,64.523,2.167
TYMS,766.224,171.475,2.153
MYBL1,396.21,88.541,2.149
TMEM132A,2151.616,487.377,2.14
LYPD1,87.521,19.121,2.137
SPOCD1,115.981,25.598,2.137
POC1A,257.014,57.644,2.137
RNFT2,113.616,25.106,2.134
FBXO43,23.352,4.551,2.133
IGFBPL1,7.801,1.029,2.117
BRIP1,164.949,37.347,2.114
CD80,33.592,7.037,2.106
KPNA2,3471.186,808.842,2.1
LAG3,117.281,26.705,2.094
SIM2,190.392,44.085,2.086
AIM2,45.866,10.106,2.077
KIFC2,816.043,192.788,2.076
CRABP2,11672.91,2769.108,2.075
STIL,371.12,87.465,2.073
POSTN,24334.712,5791.148,2.071
ETV7,134.255,31.249,2.068
TIGIT,103.791,24.001,2.067
CIT,474.73,112.763,2.064
CHST6,67.593,15.594,2.047
BLM,215.064,52.116,2.024
TPRN,819.343,203.705,2.003
SRD5A2,11.622,2.151,2.002
ANKRD22,223.081,55.064,1.999
CBS,463.938,115.485,1.997
CNGA3,20.884,4.509,1.99
CENPK,97.583,23.9,1.985
PTK6,398.651,100.457,1.978
RTKN2,202.72,50.891,1.973
IRF7,866.428,221.153,1.965
GPC2,49.797,12.051,1.961
HELLS,193.735,49.198,1.956
LEF1,527.282,135.965,1.948
UNC5B,1666.577,431.543,1.947
COL5A1,10226.903,2653.211,1.946
SLC39A4,494.505,128.222,1.939
FANCI,1093.563,286.494,1.929
TYMP,2076.473,545.947,1.925
HPX,495.399,129.812,1.924
LAGE3,673.482,177.93,1.914
B4GALNT4,617.326,163.64,1.909
ATAD2,1880.628,502.35,1.902
PYCARD,982.48,263.5,1.895
TMEM171,10.436,2.079,1.893
FUT7,19.584,4.557,1.889
NME1,2394.35,646.873,1.886
KLRG2,70.028,18.234,1.885
IER5L,487.986,131.641,1.882
CHTF18,425.602,115.251,1.876
LRP8,198.702,53.758,1.867
NUP210,2763.604,758.062,1.865
SDC1,8218.89,2259.404,1.863
TNFSF4,168.47,45.623,1.862
RACGAP1,1026.164,281.93,1.86
ERBB2,18126.838,5005.535,1.856
ZBP1,77.569,20.726,1.855
TRIM59,329.186,90.308,1.854
SULF1,6182.06,1715.311,1.849
ULBP2,31.274,7.965,1.848
KCNK1,600.63,166.934,1.841
PDCD1,42.551,11.16,1.841
ASPN,2547.51,712.404,1.837
LAMP3,314.85,87.458,1.836
CDC7,264.574,75.082,1.803
SLC38A5,178.833,50.811,1.795
RELL2,70.092,19.546,1.791
ICOS,47.603,13.1,1.785
GPR84,42.257,11.581,1.782
IL9R,8.464,1.752,1.782
ADAMTSL2,195.819,56.38,1.778
RAD54B,206.536,60.08,1.765
MCM2,1433.695,422.424,1.761
COL5A2,11069.308,3269.403,1.759
C21orf58,148.994,43.35,1.758
RNASEH2A,683.76,201.684,1.756
STMN1,4437.099,1314.072,1.755
SH2D2A,84.729,24.449,1.752
PLK4,239.767,70.513,1.751
CCNF,646.793,194.266,1.73
GALNT5,273.345,81.783,1.729
GPR68,271.032,81.165,1.727
PLAUR,805.257,244.361,1.716
PMAIP1,392.408,118.991,1.713
RGS4,270.028,81.915,1.709
KMO,260.612,79.506,1.7
FER1L6,5.402,0.979,1.694
ADAM19,509.709,156.796,1.694
LTA,21.759,6.048,1.691
GPR141,14.843,4.048,1.65
FCGR1A,147.942,46.538,1.648
IL12B,5.987,1.25,1.635
ZNF367,236.337,75.659,1.63
XRCC2,89.216,28.232,1.626
ADAMTS20,2.376,0.097,1.621
EVPL,1137.919,369.661,1.619
CXCR3,100.075,32.029,1.614
SLC2A6,134.233,43.286,1.611
TBX20,4.199,0.706,1.608
MAL2,7022.688,2316.796,1.599
OAS2,2669.082,881.841,1.597
CACNA1E,7.898,1.949,1.593
KCNJ6,5.67,1.221,1.587
RSAD2,844.838,280.938,1.585
TUBA1C,4440.173,1480.491,1.584
COL1A2,103665.949,34710.298,1.578
FEN1,939.42,314.086,1.578
BOP1,433.888,145.701,1.568
LIMD2,472.093,159.273,1.562
RASGRP1,379.033,127.829,1.561
SIX4,508.719,172.406,1.556
RAB31,4027.731,1368.868,1.556
STX1A,153.744,51.848,1.55
PPP1R14B,1610.506,551.856,1.543
CALCA,5.119,1.109,1.537
RCC1,1013.061,348.468,1.537
VCAN,9410.292,3245.292,1.536
EGLN3,993.291,343.077,1.531
P2RY6,113.454,38.641,1.53
HMGA1,2320.145,802.783,1.53
KIF24,214.858,73.855,1.528
CCDC87,44.989,15,1.523
TAP1,3609.982,1261.541,1.516
DPP3,1441.504,506.351,1.508
ARSI,107.578,37.209,1.507
SMC4,2126.526,751.942,1.499
TIMELESS,1069.877,379.095,1.494
OAS3,3100.693,1105.037,1.488
SLC12A8,466.122,166.046,1.484
CDH11,2610.967,936.33,1.479
TNFRSF4,73.972,25.911,1.478
SLAMF8,462.239,165.907,1.473
RND1,418.724,150.889,1.466
MICAL2,2374.139,859.589,1.465
COL12A1,12450.597,4515.845,1.463
FANCD2,485.549,175.687,1.461
FLVCR1,265.821,96.278,1.456
CATSPER1,5.273,1.297,1.449
TMEM97,888.788,324.888,1.449
NOD2,208.441,75.774,1.448
CENPL,238.016,86.71,1.446
PLEK2,183.005,66.712,1.442
BRCA2,195.273,71.261,1.442
RUSC1,1454.465,537.258,1.435
MTHFD2,2069.413,764.853,1.435
TUFT1,1327.231,490.817,1.433
LOXL1,1206.986,446.901,1.431
MXD3,230.365,85.025,1.427
CD24,29814.207,11101.801,1.425
PSMD3,4993.449,1860.133,1.424
CHEK1,256.486,94.995,1.423
SEMA7A,208.807,77.601,1.416
CHPF,2964.033,1115.263,1.409
SLC39A11,1824.186,689.99,1.401
NACC1,2234.14,847.887,1.397
COL3A1,96471.775,36846.425,1.389
ACOT7,648.475,247.159,1.388
DONSON,336.731,128.427,1.384
CDK5,396.034,152.54,1.371
BST2,4454.284,1728.091,1.366
SYCP2,745.674,289.414,1.362
LMNB2,1587.058,619.056,1.357
EIF4EBP1,1185.719,465.498,1.347
FNDC1,1652.574,651.33,1.342
ZNF469,589.373,233.959,1.329
PLAU,2047.786,815.614,1.327
CHST11,190.304,75.877,1.315
MMP14,9771.058,3937.009,1.311
CKAP2,814.921,328.239,1.309
SLC35A2,1170.452,477.144,1.293
MICB,203.509,82.576,1.291
PCDH17,223.569,90.839,1.29
TTYH3,2288.709,938.479,1.285
OSCAR,111.533,45.2,1.284
CMPK2,401.272,164.518,1.281
IER3,2964.902,1222.732,1.277
WDR76,273.307,112.865,1.268
PGP,490.823,203.516,1.266
CENPO,158.506,65.45,1.263
LRRC59,4687.351,1958.074,1.259
CTSD,28497.428,11940.412,1.255
STARD3,1678.417,703.054,1.254
CDK5R1,137.92,57.451,1.249
HYAL3,106.829,44.494,1.245
NFE2L3,668.371,282.192,1.241
OLFML2B,1575.035,667.525,1.237
WDHD1,315.262,133.36,1.235
FKBP10,3364.782,1434.69,1.229
PSME2,2624.957,1120.674,1.227
RUNX2,422.311,179.954,1.226
LPCAT1,2130.773,911.498,1.224
ZNF668,342.829,146.308,1.223
INTS7,908.905,389.309,1.221
FLAD1,1346.8,579.481,1.215
GK,188.113,80.767,1.21
TG,11.424,4.377,1.208
LRWD1,379.939,165.025,1.198
ISG20,415.94,180.905,1.197
TCF19,693.469,303.468,1.19
SDSL,336.994,147.109,1.19
DBF4,313.709,137.833,1.181
ATP6AP1,6338.156,2797.72,1.18
BCL9,1394.057,615.308,1.179
ENTPD7,547.39,241.459,1.177
S100A11,10825.637,4795.249,1.175
BAX,706.908,312.708,1.174
FOXS1,68.309,29.939,1.164
PARP1,6095.462,2733.549,1.157
SYNGR2,5880.993,2636.539,1.157
SEPHS2,3217.924,1444.865,1.155
AEBP1,15530.894,6982.135,1.153
STAT1,8162.352,3678.031,1.15
PARP10,1838.565,827.961,1.15
SLC25A39,3094.855,1394.762,1.149
FCGR3A,1917.544,871.74,1.136
ADAMTS7,206.749,93.606,1.135
HLA-DQB1,2486.799,1132.422,1.134
PASK,335.23,152.487,1.131
TDRKH,564.466,257.617,1.129
FANCB,31.927,14.053,1.129
NCAPG2,736.296,336.724,1.126
SEMA3F,2186.085,1003.212,1.123
NUDT1,285.577,131.058,1.118
GAS2L3,64.578,29.238,1.117
PDIA4,5429.057,2504.878,1.116
HMX3,1.756,0.273,1.115
ST6GAL2,250.712,115.211,1.115
IFITM1,6178.084,2855.911,1.113
RMI1,449.64,207.305,1.113
THBS2,7719.327,3572.495,1.111
SLC20A1,1663.214,770.505,1.109
PLXNA3,1349.581,628.676,1.101
USP35,306.087,142.268,1.1
GPC4,1313.76,616.119,1.091
APOBEC3H,10.63,4.483,1.085
KDELR3,898.901,423.746,1.083
MICALL2,511.119,242.215,1.074
ABCC5,1669.786,793.906,1.072
SULF2,5586.647,2661.133,1.07
MXRA5,8424.87,4022.13,1.067
LPAR2,451.673,215.208,1.066
KNTC1,611.779,292.095,1.064
TFRC,3460.785,1669.163,1.052
ITGA11,1583.519,764.243,1.05
SCIN,324.461,156.592,1.046
BRCA1,428.391,206.977,1.046
MAGED1,6321.381,3064.571,1.044
ASPHD2,96.873,46.55,1.041
SAMD1,373.85,181.17,1.041
TUBG1,1137.006,553.456,1.037
BCL3,1261.809,618.471,1.028
UBE2L6,2540.403,1247.316,1.026
SLC27A4,1031.116,507.122,1.022
BMP8B,107.991,52.733,1.02
RCC2,5021.028,2485.216,1.014
